[07Apr2025 12:29:53.100] [main/INFO] [cpw.mods.modlauncher.Launcher/MODLAUNCHER]: ModLauncher running: args [--launchTarget, forgeserver, --fml.forgeVersion, 47.4.0, --fml.mcVersion, 1.20.1, --fml.forgeGroup, net.minecraftforge, --fml.mcpVersion, 20230612.114412, nogui]
[07Apr2025 12:29:53.105] [main/INFO] [cpw.mods.modlauncher.Launcher/MODLAUNCHER]: ModLauncher 10.0.9+10.0.9+main.dcd20f30 starting: java version 17.0.14 by Ubuntu; OS Linux arch amd64 version 6.8.0-1021-azure
[07Apr2025 12:29:56.858] [main/INFO] [net.minecraftforge.fml.loading.ImmediateWindowHandler/]: ImmediateWindowProvider not loading because launch target is forgeserver
[07Apr2025 12:29:56.867] [main/INFO] [mixin-transmog/]: Mixin Transmogrifier is definitely up to no good...
[07Apr2025 12:29:56.894] [main/INFO] [mixin-transmog/]: crimes against java were committed
[07Apr2025 12:29:56.913] [main/INFO] [mixin-transmog/]: Original mixin transformation service successfully crobbed by mixin-transmogrifier!
[07Apr2025 12:29:56.949] [main/INFO] [mixin/]: SpongePowered MIXIN Subsystem Version=0.8.5 Source=union:/workspaces/SERVER/servidor_minecraft/mods/Connector-1.0.0-beta.46+1.20.1.jar%23333%23336!/ Service=ModLauncher Env=SERVER
[07Apr2025 12:29:57.663] [main/WARN] [net.minecraftforge.fml.loading.moddiscovery.ModFileParser/LOADING]: Mod file /workspaces/SERVER/servidor_minecraft/libraries/net/minecraftforge/fmlcore/1.20.1-47.4.0/fmlcore-1.20.1-47.4.0.jar is missing mods.toml file
[07Apr2025 12:29:57.664] [main/WARN] [net.minecraftforge.fml.loading.moddiscovery.ModFileParser/LOADING]: Mod file /workspaces/SERVER/servidor_minecraft/libraries/net/minecraftforge/javafmllanguage/1.20.1-47.4.0/javafmllanguage-1.20.1-47.4.0.jar is missing mods.toml file
[07Apr2025 12:29:57.665] [main/WARN] [net.minecraftforge.fml.loading.moddiscovery.ModFileParser/LOADING]: Mod file /workspaces/SERVER/servidor_minecraft/libraries/net/minecraftforge/lowcodelanguage/1.20.1-47.4.0/lowcodelanguage-1.20.1-47.4.0.jar is missing mods.toml file
[07Apr2025 12:29:57.665] [main/WARN] [net.minecraftforge.fml.loading.moddiscovery.ModFileParser/LOADING]: Mod file /workspaces/SERVER/servidor_minecraft/libraries/net/minecraftforge/mclanguage/1.20.1-47.4.0/mclanguage-1.20.1-47.4.0.jar is missing mods.toml file
[07Apr2025 12:29:58.424] [main/WARN] [net.minecraftforge.jarjar.selection.JarSelector/]: Attempted to select two dependency jars from JarJar which have the same identification: Mod File:  and Mod File: . Using Mod File: 
[07Apr2025 12:29:58.426] [main/WARN] [net.minecraftforge.jarjar.selection.JarSelector/]: Attempted to select a dependency jar for JarJar which was passed in as source: geckolib. Using Mod File: /workspaces/SERVER/servidor_minecraft/mods/geckolib-forge-1.20.1-4.7.1.2.jar
[07Apr2025 12:29:58.426] [main/WARN] [net.minecraftforge.jarjar.selection.JarSelector/]: Attempted to select a dependency jar for JarJar which was passed in as source: curios. Using Mod File: /workspaces/SERVER/servidor_minecraft/mods/curios-forge-5.12.1+1.20.1.jar
[07Apr2025 12:29:58.427] [main/WARN] [net.minecraftforge.jarjar.selection.JarSelector/]: Attempted to select a dependency jar for JarJar which was passed in as source: resourcefullib. Using Mod File: /workspaces/SERVER/servidor_minecraft/mods/resourcefullib-forge-1.20.1-2.1.29.jar
[07Apr2025 12:29:58.427] [main/INFO] [net.minecraftforge.fml.loading.moddiscovery.JarInJarDependencyLocator/]: Found 76 dependencies adding them to mods collection
[07Apr2025 12:30:00.068] [main/INFO] [org.sinytra.connector.locator.DependencyResolver/]: Dependency resolution found 4 candidates to load
[07Apr2025 12:30:02.515] [main/INFO] [org.sinytra.connector.service.hacks.ModuleLayerMigrator/]: Successfully made module authlib transformable
[07Apr2025 12:30:06.025] [main/INFO] [mixin/]: Compatibility level set to JAVA_17
[07Apr2025 12:30:07.210] [main/INFO] [mixin/]: Successfully loaded Mixin Connector [de.maxhenkel.tradecycling.MixinConnector]
[07Apr2025 12:30:07.211] [main/INFO] [mixin/]: Successfully loaded Mixin Connector [com.leobeliik.extremesoundmuffler.MixinConnector]
[07Apr2025 12:30:07.213] [main/INFO] [mixin/]: Successfully loaded Mixin Connector [de.maxhenkel.camera.MixinConnector]
[07Apr2025 12:30:07.234] [main/INFO] [cpw.mods.modlauncher.LaunchServiceHandler/MODLAUNCHER]: Launching target 'forgeserver' with arguments [nogui]
[07Apr2025 12:30:07.252] [main/INFO] [com.abdelaziz.saturn.common.Saturn/]: Loaded Saturn config file with 4 configurable options
[07Apr2025 12:30:07.377] [main/INFO] [ModernFix/]: Loaded configuration file for ModernFix 5.20.2+mc1.20.1: 87 options available, 0 override(s) found
[07Apr2025 12:30:07.377] [main/INFO] [ModernFix/]: Applying Nashorn fix
[07Apr2025 12:30:07.392] [main/INFO] [ModernFix/]: Applied Forge config corruption patch
[07Apr2025 12:30:07.492] [main/INFO] [Embeddium/]: Loaded configuration file for Embeddium: 334 options available, 0 override(s) found
[07Apr2025 12:30:07.521] [main/WARN] [mixin/]: Reference map 'lmft-common-refmap.json' for lmft-common.mixins.json could not be read. If this is a development environment you can ignore this message
[07Apr2025 12:30:07.574] [main/WARN] [mixin/]: Reference map 'yungsextras.refmap.json' for yungsextras.mixins.json could not be read. If this is a development environment you can ignore this message
[07Apr2025 12:30:07.578] [main/WARN] [mixin/]: Reference map 'yungsextras.refmap.json' for yungsextras_forge.mixins.json could not be read. If this is a development environment you can ignore this message
[07Apr2025 12:30:07.609] [main/WARN] [mixin/]: Reference map 'nitrogen_internals.refmap.json' for nitrogen_internals.mixins.json could not be read. If this is a development environment you can ignore this message
[07Apr2025 12:30:07.665] [main/INFO] [Radium Config/]: Loaded configuration file for Radium: 125 options available, 1 override(s) found
[07Apr2025 12:30:07.730] [main/WARN] [mixin/]: Reference map 'puzzlesaccessapi.common.refmap.json' for puzzlesaccessapi.common.mixins.json could not be read. If this is a development environment you can ignore this message
[07Apr2025 12:30:07.871] [main/INFO] [Embeddium Extra/]: Loaded configuration file for Sodium Extra: 35 options available, 0 override(s) found
[07Apr2025 12:30:07.895] [main/INFO] [Puzzles Lib/]: Loading 289 mods:
	- ad_astra 1.15.20
	- advancednetherite 2.1.3
	- aether 1.20.1-1.5.2-neoforge
		|-- cumulus_menus 1.20.1-1.0.1-neoforge
		\-- nitrogen_internals 1.20.1-1.0.12-neoforge
	- aether_enhanced_extinguishing 1.20.1-1.0.0-neoforge
	- aether_protect_your_moa 1.20.1-1.0.0-neoforge
		\-- mixinextras 0.2.0-beta.9
	- aether_villages 1.0.7
	- alexscaves 2.0.2
	- alexsmobs 1.22.9
	- amendments 1.20-1.2.19
	- amplified_nether 1.2.5
	- apotheosis 7.4.6
	- appleskin 2.5.1+mc1.20.1
	- aquamirae 6.API15
	- architectury 9.2.14
	- ars_nouveau 4.12.6
	- artifacts 9.5.15
		\-- expandability 9.0.4
	- ash_api 3.0.2+1.20.1
	- athena 3.1.2
	- attributeslib 1.3.7
	- balm 7.3.27
		\-- kuma_api 20.1.10
	- bclib 3.0.14
	- betterarcheology 1.2.1-1.20.1
	- betterdeserttemples 1.20-Forge-3.0.3
	- betterdungeons 1.20-Forge-4.0.4
	- betterend 4.0.11
	- betterendcities 1.0.0-1.20.1
	- betterendisland 1.20-Forge-2.0.6
	- betterf3 7.0.2
	- betterfortresses 1.20-Forge-2.0.6
	- betterjungletemples 1.20-Forge-2.0.5
	- bettermineshafts 1.20-Forge-4.0.4
	- betternether 9.0.10
	- betteroceanmonuments 1.20-Forge-3.0.4
	- betterstrongholds 1.20-Forge-4.0.3
	- betterwitchhuts 1.20-Forge-3.0.3
	- bhc 1.20.1-1.1.0
	- biomesoplenty 18.0.0.592
	- biomeswevegone 1.5.9
	- blue_skies 1.3.31
	- bookshelf 20.2.13
	- botania 1.20.1-448-FORGE
	- botarium 2.3.4
	- bridgingmod 2.5.1+1.20.1
	- caelus 3.2.0+1.20.1
	- camera 1.20.1-1.0.19
	- carryon 2.1.2.7
	- cataclysm 2.63
	- charmofundying 6.5.0+1.20.1
	- chat_heads 0.13.13
	- chipped 3.0.7
	- chisel 2.0.0+mc1.20.1
	- citadel 2.6.1
	- cloth_config 11.1.136
	- codechickenlib 4.4.0.516
	- collective 8.1
	- connectedglass 1.1.12
	- connectormod 1.0.0-beta.46+1.20.1
	- controlling 12.0.2
	- corgilib 4.0.3.3
	- coroutil 1.20.1-1.3.7
	- corpse 1.20.1-1.0.20
	- corpsecurioscompat 2.2.2
	- cosmeticarmorreworked 1.20.1-v1a
	- crafting_on_a_stick 1.1.5
	- create 6.0.4
		|-- flywheel 1.0.2
		\-- ponder 1.0.52
	- creeperoverhaul 3.0.2
	- cryonicconfig 1.0.0+mc1.20.1
	- cupboard 1.20.1-2.7
	- curios 5.12.1+1.20.1
	- deeperdarker 1.3.3
	- disenchanting_table 4.0.2
	- drippyloadingscreen 3.0.11
	- dungeons_arise 2.1.58-1.20.x
	- dungeons_enhanced 5.3.0
	- easy_piglins 1.20.1-1.0.13
	- easymagic 8.0.1
	- ecologics 2.2.0
	- elevatorid 1.20.1-lex-1.9
	- elysium_api 1.0.2
	- elytraslot 6.4.4+1.20.1
		\-- mixinsquared 0.1.2-beta.6
	- embeddium 0.3.31+mc1.20.1
		\-- rubidium 0.7.1
	- embeddium_extra 0.5.4.4+mc1.20.1-build.131
	- enchdesc 17.1.19
	- endermanoverhaul 1.0.4
	- endersdelight 1.0.3
	- enderstorage 2.11.0.188
	- explorerscompass 1.20.1-1.3.3-forge
	- explorify 1.6.2
	- extremesoundmuffler 3.48
	- fabric_api 0.92.2+1.11.12+1.20.1
		|-- fabric_api_lookup_api_v1 1.6.36+67f9824077
		|-- fabric_biome_api_v1 13.0.13+dc36698e77
		|-- fabric_block_api_v1 1.0.11+0e6cb7f777
		|-- fabric_block_view_api_v2 1.0.1+0767707077
		|-- fabric_blockrenderlayer_v1 1.1.41+1d0da21e77
		|-- fabric_client_tags_api_v1 1.1.2+5d6761b877
		|-- fabric_command_api_v1 1.2.34+f71b366f77
		|-- fabric_command_api_v2 2.2.13+561530ec77
		|-- fabric_content_registries_v0 4.0.11+a670df1e77
		|-- fabric_convention_tags_v1 1.5.5+fa3d1c0177
		|-- fabric_data_attachment_api_v1 1.0.0+30ef839e77
		|-- fabric_data_generation_api_v1 12.3.4+369cb3a477
		|-- fabric_dimensions_v1 2.1.54+8005d10d77
		|-- fabric_entity_events_v1 1.6.0+4ca7515277
		|-- fabric_events_interaction_v0 0.6.2+0d0bd5a777
		|-- fabric_game_rule_api_v1 1.0.40+683d4da877
		|-- fabric_item_api_v1 2.1.28+4d0bbcfa77
		|-- fabric_item_group_api_v1 4.0.12+c9161c2d77
		|-- fabric_key_binding_api_v1 1.0.37+561530ec77
		|-- fabric_lifecycle_events_v1 2.2.22+afab492177
		|-- fabric_loot_api_v2 1.2.1+eb28f93e77
		|-- fabric_message_api_v1 5.1.9+52cc178c77
		|-- fabric_mining_level_api_v1 2.1.50+561530ec77
		|-- fabric_model_loading_api_v1 1.0.3+6274ab9d77
		|-- fabric_models_v0 0.4.2+7c3892a477
		|-- fabric_networking_api_v1 1.3.11+503a202477
		|-- fabric_object_builder_api_v1 11.1.3+4bd998fa77
		|-- fabric_particles_v1 1.1.2+78e1ecb877
		|-- fabric_recipe_api_v1 1.0.21+514a076577
		|-- fabric_registry_sync_v0 2.3.3+1c0ea72177
		|-- fabric_renderer_api_v1 3.2.1+cf68abbe77
		|-- fabric_renderer_indigo 1.5.2+b5b2da4177
		|-- fabric_rendering_data_attachment_v1 0.3.37+a6081afc77
		|-- fabric_rendering_fluids_v1 3.0.28+4ac5e37a77
		|-- fabric_rendering_v1 3.0.8+66e9a48f77
		|-- fabric_resource_conditions_api_v1 2.3.8+9e342fc177
		|-- fabric_resource_loader_v0 0.11.10+bcd08ed377
		|-- fabric_screen_api_v1 2.0.8+45a670a577
		|-- fabric_screen_handler_api_v1 1.3.30+561530ec77
		|-- fabric_sound_api_v1 1.0.13+4f23bd8477
		|-- fabric_transfer_api_v1 3.3.5+631c9cd677
		\-- fabric_transitive_access_wideners_v1 4.3.1+1880499877
	- factory_blocks 1.4.0+mc1.20.1
	- fancymenu 3.4.6
	- farmersdelight 1.20.1-1.2.7
	- farmingforblockheads 14.0.2
	- fastbench 8.0.4
	- fastleafdecay 32
	- ferritecore 6.0.1
	- flib 0.0.15
	- forbidden_arcanus 1.20.1-2.2.6
	- forge 47.4.0
	- forgivingvoid 10.0.1
	- formations 1.0.3
	- formationsnether 1.0.5
	- formationsoverworld 1.0.4
	- framedblocks 9.4.1
	- framework 0.7.12
	- friendsandfoes 3.0.9
	- ftbchunks 2001.3.5
	- ftbessentials 2001.2.2
	- ftblibrary 2001.2.9
	- ftbquests 2001.4.12
	- ftbteams 2001.3.1
	- ftbultimine 2001.1.5
	- fusion 1.2.5
	- galosphere 1.20.1-1.4.1
	- geckolib 4.7.1.2
	- goblintraders 1.9.3
	- hearths 1.0.3
	- highlighter 1.1.9
	- iceberg 1.1.25
	- idas 1.11.1+1.20.1
	- immediatelyfast 1.5.0+1.20.4
	- incendium 5.3.5
	- integrated_api 1.5.3+1.20.1-forge
	- integrated_cataclysm 1.0.4+1.20.1
	- integrated_minecraft 1.0.10+1.20.1
	- inventorypets 2.1.3
	- inventorysorter 23.0.8
	- irons_spellbooks 1.20.1-3.4.0.8
	- jade 11.12.3+forge
	- jeed 1.20-2.2.5
	- jei 15.20.0.106
	- jeresources 1.4.0.247
	- journeymap 5.10.3
	- justzoom 2.1.1
	- konkrete 1.8.0
	- lionfishapi 2.4-Fix
	- lmft 1.0.4+1.20.1
	- logbegone 1.0.8
	- lootintegration_wda 1
	- lootintegrations 1.20.1-4.3
	- lootintegrations_dnt 1
	- lootintegrations_formations 1
	- lootintegrations_integrated 1
	- lootintegrations_yungs 1
	- lootr 0.7.35.91
	- lost_aether_content 1.2.3
	- luminax 1.2.2
	- measurements 2.0.0
	- melody 1.0.2
	- mes 1.3.4-1.20-forge
	- midnightlib 1.4.2
	- minecraft 1.20.1
	- miners_delight 1.20.1-1.2.3
	- mixininheaven 0.0NONE
	- mob_grinding_utils 1.20.1-1.1.0
	- modelfix 1.15
	- modernfix 5.20.2+mc1.20.1
	- monolib 2.0.0
	- moonlight 1.20-2.13.79
	- moretotems 2.16.0
	- mousetweaks 2.25.1
	- mowzies_cataclysm 1.2.0
	- mowziesmobs 1.7.1
	- mr_dungeons_andtaverns 3.0.3.f
	- naturescompass 1.20.1-1.11.2-forge
	- netherexp 2.2.1
	- netherportalfix 13.0.1
	- nethersdelight 1.20.1-4.0
	- notenoughcrashes 4.4.7+1.20.1
	- obscure_api 15
	- octolib 0.5.0.1
	- ohthetreesyoullgrow 1.20.1-1.3.7
	- palegarden 1.0.7
	- paraglider 20.1.3
	- patchouli 1.20.1-84.1-FORGE
	- placebo 8.6.3
	- playeranimator 1.0.2-rc1+1.20
	- polymorph 0.49.9+1.20.1
		\-- spectrelib 0.13.17+1.20.1
	- potionsmaster 0.6.0
	- puzzleslib 8.1.29
		\-- puzzlesaccessapi 20.1.1
	- pylons 4.2.1
	- quark 4.0-461
	- radium 0.12.4+git.26c9d8e
	- regions_unexplored 0.5.6
	- reliquary 2.0.45.1248
	- repurposed_structures 7.1.15+1.20.1-forge
	- resourcefulconfig 2.1.3
	- resourcefullib 2.1.29
	- rhino 2001.2.3-build.10
	- saturn 0.1.3
	- searchables 1.0.3
	- showcaseitem 1.20.1-1.2
	- shulkerboxtooltip 4.0.4+1.20.1
	- simplemagnets 1.1.12
	- simplylight 1.20.1-1.4.6-build.50
	- skyvillages 1.0.4
	- sodiumdynamiclights 1.0.9
	- sodiumoptionsapi 1.0.10
		\-- fabric_api_base 0.4.31+ef105b4977
	- solcarrot 1.15.1
	- sophisticatedbackpacks 3.23.6.1211
	- sophisticatedcore 1.2.29.916
	- sophisticatedstorage 1.3.15.1090
	- stackrefill 4.6
	- storagedrawers 12.9.13
	- storagenetwork 1.12.2
	- structory 1.3.5
	- structure_gel 2.16.2
	- structureessentials 1.20.1-4.6
	- supermartijn642configlib 1.1.8
	- supermartijn642corelib 1.1.18
	- supplementaries 1.20-3.1.24
	- tempad 2.3.4
	- terrablender 3.0.1.10
	- torchmaster 20.1.9
	- totw_modded 1.0.6
	- trade_cycling 1.20.1-1.0.7
	- trashcans 1.0.18b
	- trashslot 15.1.2
	- travelerstitles 1.20-Forge-4.0.2
	- trowelsfork 2.0.0
	- twigs 1.20.1-3.1.1
	- twilightforest 4.3.2508
	- valhelsia_core 1.1.2
	- variantsandventures 1.0.6
	- visuality 2.0.2
	- voicechat 1.20.1-2.5.26
	- voidtotem 3.0.1
	- watut 1.20.1-1.2.3
	- waystones 14.1.11
	- wunderlib 1.1.5
	- yet_another_config_lib_v3 3.6.6+1.20.1-forge
	- yungsapi 1.20-Forge-4.0.6
	- yungsbridges 1.20-Forge-4.0.3
	- yungsextras 1.20-Forge-4.0.3
	- zeta 1.0-29
[07Apr2025 12:30:07.976] [main/WARN] [mixin/]: Reference map 'Aquamirae.refmap.json' for aquamirae.mixins.json could not be read. If this is a development environment you can ignore this message
[07Apr2025 12:30:08.142] [main/WARN] [mixin/]: Reference map 'tempad-forge-1.20.1-forge-refmap.json' for tempad.mixins.json could not be read. If this is a development environment you can ignore this message
[07Apr2025 12:30:08.159] [main/WARN] [mixin/]: Reference map 'integrated_cataclysm.refmap.json' for integrated_cataclysm.mixins.json could not be read. If this is a development environment you can ignore this message
[07Apr2025 12:30:08.265] [main/WARN] [mixin/]: Reference map 'trashslot.refmap.json' for trashslot.mixins.json could not be read. If this is a development environment you can ignore this message
[07Apr2025 12:30:08.489] [main/WARN] [mixin/]: Reference map 'mes-forge-refmap.json' for mes-forge.mixins.json could not be read. If this is a development environment you can ignore this message
[07Apr2025 12:30:08.526] [main/WARN] [mixin/]: Reference map 'coroutil.refmap.json' for coroutil.mixins.json could not be read. If this is a development environment you can ignore this message
[07Apr2025 12:30:08.611] [main/WARN] [mixin/]: Reference map '' for adapter.init.mixins.json could not be read. If this is a development environment you can ignore this message
[07Apr2025 12:30:09.338] [main/INFO] [net.minecraftforge.coremod.CoreMod.placebo/COREMODLOG]: Patching IForgeItemStack#getEnchantmentLevel
[07Apr2025 12:30:09.347] [main/INFO] [net.minecraftforge.coremod.CoreMod.placebo/COREMODLOG]: Patching IForgeItemStack#getEnchantmentLevel
[07Apr2025 12:30:09.831] [main/INFO] [net.minecraftforge.coremod.CoreMod.apotheosis/COREMODLOG]: Replaced 2 calls to Enchantment#getMaxLevel() in net/minecraft/world/inventory/AnvilMenu
[07Apr2025 12:30:09.851] [main/INFO] [net.minecraftforge.coremod.CoreMod.placebo/COREMODLOG]: Patching IForgeItemStack#getEnchantmentLevel
[07Apr2025 12:30:09.852] [main/INFO] [net.minecraftforge.coremod.CoreMod.placebo/COREMODLOG]: Patching IForgeItemStack#getEnchantmentLevel
[07Apr2025 12:30:09.872] [main/ERROR] [net.minecraftforge.fml.loading.RuntimeDistCleaner/DISTXFORM]: Attempted to load class net/minecraft/client/MouseHandler for invalid dist DEDICATED_SERVER
[07Apr2025 12:30:09.873] [main/WARN] [mixin/]: Error loading class: net/minecraft/client/MouseHandler (java.lang.RuntimeException: Attempted to load class net/minecraft/client/MouseHandler for invalid dist DEDICATED_SERVER)
[07Apr2025 12:30:09.873] [main/WARN] [mixin/]: @Mixin target net.minecraft.client.MouseHandler was not found fabric-screen-api-v1.mixins.json:MouseMixin from mod fabric_screen_api_v1
[07Apr2025 12:30:09.875] [main/ERROR] [net.minecraftforge.fml.loading.RuntimeDistCleaner/DISTXFORM]: Attempted to load class net/minecraft/client/gui/screens/Screen for invalid dist DEDICATED_SERVER
[07Apr2025 12:30:09.875] [main/WARN] [mixin/]: Error loading class: net/minecraft/client/gui/screens/Screen (java.lang.RuntimeException: Attempted to load class net/minecraft/client/gui/screens/Screen for invalid dist DEDICATED_SERVER)
[07Apr2025 12:30:09.875] [main/WARN] [mixin/]: @Mixin target net.minecraft.client.gui.screens.Screen was not found fabric-screen-api-v1.mixins.json:ScreenAccessor from mod fabric_screen_api_v1
[07Apr2025 12:30:10.295] [main/WARN] [Radium Config/]: Force-disabling mixin 'alloc.blockstate.StateMixin' as option 'mixin.alloc.blockstate' (added by mods [ferritecore]) disables it and children
[07Apr2025 12:30:10.646] [main/INFO] [net.minecraftforge.coremod.CoreMod.apotheosis/COREMODLOG]: Patching FishingHook#catchingFish
[07Apr2025 12:30:10.969] [main/INFO] [com.cupboard.Cupboard/]: Loaded config for: structureessentials.json
[07Apr2025 12:30:11.089] [main/WARN] [mixin/]: Error loading class: net/minecraft/client/model/geom/builders/LayerDefinition (java.lang.ClassNotFoundException: net.minecraft.client.model.geom.builders.LayerDefinition)
[07Apr2025 12:30:11.090] [main/WARN] [mixin/]: @Mixin target net.minecraft.client.model.geom.builders.LayerDefinition was not found aether_protect_your_moa.mixins.json:client.accessor.LayerDefinitionAccessor from mod aether_protect_your_moa
[07Apr2025 12:30:11.112] [main/WARN] [mixin/]: Error loading class: net/minecraft/client/renderer/entity/PhantomRenderer (java.lang.ClassNotFoundException: net.minecraft.client.renderer.entity.PhantomRenderer)
[07Apr2025 12:30:11.112] [main/WARN] [mixin/]: @Mixin target net.minecraft.client.renderer.entity.PhantomRenderer was not found mixins.deeperdarker.json:PhantomRendererMixin from mod deeperdarker
[07Apr2025 12:30:11.422] [main/INFO] [net.minecraftforge.coremod.CoreMod.apotheosis/COREMODLOG]: Replaced 1 calls to Enchantment#getMaxLevel() in net/minecraft/world/level/storage/loot/functions/EnchantRandomlyFunction
[07Apr2025 12:30:11.422] [main/INFO] [net.minecraftforge.coremod.CoreMod.apotheosis/COREMODLOG]: Replaced 1 calls to Enchantment#isDiscoverable() in net/minecraft/world/level/storage/loot/functions/EnchantRandomlyFunction
[07Apr2025 12:30:11.669] [main/INFO] [net.minecraftforge.coremod.CoreMod.apotheosis/COREMODLOG]: Replaced 2 calls to Enchantment#getMaxLevel() in net/minecraft/world/item/CreativeModeTabs
[07Apr2025 12:30:11.695] [main/INFO] [net.minecraftforge.coremod.CoreMod.apotheosis/COREMODLOG]: Replaced 1 calls to Enchantment#getMaxLevel() in net/minecraft/world/entity/npc/VillagerTrades$EnchantBookForEmeralds
[07Apr2025 12:30:11.696] [main/INFO] [net.minecraftforge.coremod.CoreMod.apotheosis/COREMODLOG]: Replaced 1 calls to Enchantment#isTreasureOnly() in net/minecraft/world/entity/npc/VillagerTrades$EnchantBookForEmeralds
[07Apr2025 12:30:11.696] [main/INFO] [net.minecraftforge.coremod.CoreMod.apotheosis/COREMODLOG]: Replaced 1 calls to Enchantment#isTradeable() in net/minecraft/world/entity/npc/VillagerTrades$EnchantBookForEmeralds
[07Apr2025 12:30:11.796] [main/WARN] [mixin/]: Error loading class: vazkii/quark/addons/oddities/inventory/BackpackMenu (java.lang.ClassNotFoundException: vazkii.quark.addons.oddities.inventory.BackpackMenu)
[07Apr2025 12:30:11.797] [main/WARN] [mixin/]: Error loading class: net/minecraft/client/gui/screens/inventory/CraftingScreen (java.lang.ClassNotFoundException: net.minecraft.client.gui.screens.inventory.CraftingScreen)
[07Apr2025 12:30:11.797] [main/WARN] [mixin/]: @Mixin target net.minecraft.client.gui.screens.inventory.CraftingScreen was not found fastbench.mixins.json:MixinCraftingScreen from mod fastbench
[07Apr2025 12:30:11.810] [main/WARN] [mixin/]: Error loading class: com/github/alexthe666/iceandfire/world/gen/WorldGenCyclopsCave (java.lang.ClassNotFoundException: com.github.alexthe666.iceandfire.world.gen.WorldGenCyclopsCave)
[07Apr2025 12:30:11.810] [main/WARN] [mixin/]: @Mixin target com.github.alexthe666.iceandfire.world.gen.WorldGenCyclopsCave was not found integrated_minecraft.mixins.json:DisableCyclopsDenMixin from mod integrated_minecraft
[07Apr2025 12:30:11.814] [main/WARN] [mixin/]: Error loading class: com/github/alexthe666/iceandfire/entity/EntityDreadMob (java.lang.ClassNotFoundException: com.github.alexthe666.iceandfire.entity.EntityDreadMob)
[07Apr2025 12:30:11.815] [main/WARN] [mixin/]: @Mixin target com.github.alexthe666.iceandfire.entity.EntityDreadMob was not found integrated_minecraft.mixins.json:EntityDreadMobMixin from mod integrated_minecraft
[07Apr2025 12:30:11.822] [main/WARN] [mixin/]: Error loading class: com/github/alexthe666/iceandfire/world/gen/WorldGenDragonRoosts (java.lang.ClassNotFoundException: com.github.alexthe666.iceandfire.world.gen.WorldGenDragonRoosts)
[07Apr2025 12:30:11.822] [main/WARN] [mixin/]: @Mixin target com.github.alexthe666.iceandfire.world.gen.WorldGenDragonRoosts was not found integrated_minecraft.mixins.json:NoDragonRoostsInStructuresMixin from mod integrated_minecraft
[07Apr2025 12:30:11.826] [main/WARN] [mixin/]: Error loading class: com/github/alexthe666/iceandfire/world/gen/WorldGenDragonCave (java.lang.ClassNotFoundException: com.github.alexthe666.iceandfire.world.gen.WorldGenDragonCave)
[07Apr2025 12:30:11.826] [main/WARN] [mixin/]: @Mixin target com.github.alexthe666.iceandfire.world.gen.WorldGenDragonCave was not found integrated_minecraft.mixins.json:NoDragonsCavesInStructuresMixin from mod integrated_minecraft
[07Apr2025 12:30:11.830] [main/WARN] [mixin/]: Error loading class: de/rubixdev/inventorio/player/inventory/PlayerInventoryExtraStuff (java.lang.ClassNotFoundException: de.rubixdev.inventorio.player.inventory.PlayerInventoryExtraStuff)
[07Apr2025 12:30:11.830] [main/WARN] [mixin/]: @Mixin target de.rubixdev.inventorio.player.inventory.PlayerInventoryExtraStuff was not found integrated_minecraft.mixins.json:PlayerInventoryExtraStuffMixin from mod integrated_minecraft
[07Apr2025 12:30:12.214] [main/INFO] [MixinExtras|Service/]: Initializing MixinExtras via com.llamalad7.mixinextras.service.MixinExtrasServiceImpl(version=0.4.1).
[07Apr2025 12:30:12.979] [main/INFO] [net.minecraft.server.Bootstrap/]: ModernFix reached bootstrap stage (22.23 s after launch)
[07Apr2025 12:30:13.236] [main/WARN] [mixin/]: @Final field delegatesByName:Ljava/util/Map; in modernfix-forge.mixins.json:perf.forge_registry_alloc.ForgeRegistryMixin from mod modernfix should be final
[07Apr2025 12:30:13.236] [main/WARN] [mixin/]: @Final field delegatesByValue:Ljava/util/Map; in modernfix-forge.mixins.json:perf.forge_registry_alloc.ForgeRegistryMixin from mod modernfix should be final
[07Apr2025 12:30:13.418] [main/INFO] [ModernFix/]: Injecting BlockStateBase cache population hook into getNeighborPathNodeType from me.jellysquid.mods.lithium.mixin.ai.pathing.AbstractBlockStateMixin
[07Apr2025 12:30:13.418] [main/INFO] [ModernFix/]: Injecting BlockStateBase cache population hook into getPathNodeType from me.jellysquid.mods.lithium.mixin.ai.pathing.AbstractBlockStateMixin
[07Apr2025 12:30:13.419] [main/INFO] [ModernFix/]: Injecting BlockStateBase cache population hook into getAllFlags from me.jellysquid.mods.lithium.mixin.util.block_tracking.AbstractBlockStateMixin
[07Apr2025 12:30:14.862] [main/INFO] [net.minecraftforge.coremod.CoreMod.apotheosis/COREMODLOG]: Replaced 2 calls to Enchantment#getMaxLevel() in net/minecraft/world/item/CreativeModeTabs
[07Apr2025 12:30:15.323] [main/INFO] [net.minecraftforge.coremod.CoreMod.apotheosis/COREMODLOG]: Replaced 1 calls to Enchantment#getMaxLevel() in org/violetmoon/quark/content/experimental/module/GameNerfsModule
[07Apr2025 12:30:16.043] [main/INFO] [net.minecraftforge.coremod.CoreMod.apotheosis/COREMODLOG]: Replaced 5 calls to Enchantment#getMaxLevel() in org/violetmoon/quark/content/tools/module/AncientTomesModule
[07Apr2025 12:30:16.066] [main/INFO] [net.minecraftforge.coremod.CoreMod.placebo/COREMODLOG]: Patching IForgeItemStack#getEnchantmentLevel
[07Apr2025 12:30:16.067] [main/INFO] [net.minecraftforge.coremod.CoreMod.placebo/COREMODLOG]: Patching IForgeItemStack#getEnchantmentLevel
[07Apr2025 12:30:16.099] [main/INFO] [net.minecraft.server.Bootstrap/]: Vanilla bootstrap took 3115 milliseconds
[07Apr2025 12:30:16.729] [main/INFO] [net.minecraftforge.coremod.CoreMod.apotheosis/COREMODLOG]: Replaced 2 calls to Enchantment#getMaxLevel() in net/minecraft/world/inventory/AnvilMenu
[07Apr2025 12:30:16.731] [main/INFO] [net.minecraftforge.coremod.CoreMod.apotheosis/COREMODLOG]: Replaced 1 calls to Enchantment#getMaxLevel() in com/mrcrayfish/goblintraders/Hooks
[07Apr2025 12:30:17.370] [main/WARN] [mixin/]: Method overwrite conflict for scheduleRandomTick in corgilib-common.mixins.json:chunk.MixinChunkAccess from mod corgilib, previously written by dev.corgitaco.ohthetreesyoullgrow.mixin.chunk.MixinChunkAccess. Skipping method.
[07Apr2025 12:30:17.371] [main/WARN] [mixin/]: Method overwrite conflict for getScheduledRandomTicks in corgilib-common.mixins.json:chunk.MixinChunkAccess from mod corgilib, previously written by dev.corgitaco.ohthetreesyoullgrow.mixin.chunk.MixinChunkAccess. Skipping method.
[07Apr2025 12:30:18.078] [main/WARN] [mixin/]: Method overwrite conflict for m_7380_ in supplementaries-common.mixins.json:StrayMixin from mod supplementaries, previously written by net.jadenxgamer.netherexp.mixin.entity.StrayMixin. Skipping method.
[07Apr2025 12:30:18.078] [main/WARN] [mixin/]: Method overwrite conflict for m_7378_ in supplementaries-common.mixins.json:StrayMixin from mod supplementaries, previously written by net.jadenxgamer.netherexp.mixin.entity.StrayMixin. Skipping method.
[07Apr2025 12:30:18.324] [main/INFO] [net.minecraftforge.coremod.CoreMod.apotheosis/COREMODLOG]: Patching FishingHook#catchingFish
[07Apr2025 12:30:18.737] [main/INFO] [net.minecraftforge.coremod.CoreMod.apotheosis/COREMODLOG]: Replaced 1 calls to Enchantment#getMaxLevel() in net/minecraft/world/level/storage/loot/functions/EnchantRandomlyFunction
[07Apr2025 12:30:18.738] [main/INFO] [net.minecraftforge.coremod.CoreMod.apotheosis/COREMODLOG]: Replaced 1 calls to Enchantment#isDiscoverable() in net/minecraft/world/level/storage/loot/functions/EnchantRandomlyFunction
[07Apr2025 12:30:19.168] [main/WARN] [mixin/]: Mixin alexscaves.mixins.json:SwampHutPieceMixin from mod alexscaves has multiple constructors, (Lnet/minecraft/world/level/levelgen/structure/pieces/StructurePieceType;IIIIIILnet/minecraft/core/Direction;)V was selected

[07Apr2025 12:30:19.342] [main/WARN] [mixin/]: Static binding violation: PRIVATE @Overwrite method m_47505_ in modernfix-common.mixins.json:perf.remove_biome_temperature_cache.BiomeMixin from mod modernfix cannot reduce visibiliy of PUBLIC target method, visibility will be upgraded.
[07Apr2025 12:30:19.343] [main/WARN] [mixin/]: Method overwrite conflict for m_47505_ in lithium.mixins.json:world.temperature_cache.BiomeMixin from mod radium, previously written by org.embeddedt.modernfix.common.mixin.perf.remove_biome_temperature_cache.BiomeMixin. Skipping method.
[07Apr2025 12:30:19.577] [main/INFO] [org.betterx.worlds.together.util.Logger/]: [betternether] =^..^=    BetterNether for 1.20    =^..^=
[07Apr2025 12:30:19.586] [main/INFO] [org.betterx.worlds.together.util.Logger/]: [bclib] Added Config betternether.main to auto sync (file hash)
[07Apr2025 12:30:19.586] [main/INFO] [org.betterx.worlds.together.util.Logger/]: [bclib] Added Config betternether.generator to auto sync (file hash)
[07Apr2025 12:30:19.587] [main/INFO] [org.betterx.worlds.together.util.Logger/]: [bclib] Added Config betternether.blocks to auto sync (file hash)
[07Apr2025 12:30:19.588] [main/INFO] [org.betterx.worlds.together.util.Logger/]: [bclib] Added Config betternether.items to auto sync (file hash)
[07Apr2025 12:30:19.589] [main/INFO] [org.betterx.worlds.together.util.Logger/]: [bclib] Added Config betternether.biomes to auto sync (file hash)
[07Apr2025 12:30:19.589] [main/INFO] [org.betterx.worlds.together.util.Logger/]: [bclib] Added Config betternether.mobs to auto sync (file hash)
[07Apr2025 12:30:19.589] [main/INFO] [org.betterx.worlds.together.util.Logger/]: [bclib] Added Config betternether.recipes to auto sync (file hash)
[07Apr2025 12:30:19.680] [main/WARN] [mixin/]: Static binding violation: PRIVATE @Overwrite method m_215924_ in modernfix-forge.mixins.json:perf.tag_id_caching.TagEntryMixin from mod modernfix cannot reduce visibiliy of PUBLIC target method, visibility will be upgraded.
[07Apr2025 12:30:19.757] [main/ERROR] [net.minecraftforge.fml.loading.RuntimeDistCleaner/DISTXFORM]: Attempted to load class net/minecraft/client/renderer/block/model/BlockModel for invalid dist DEDICATED_SERVER
[07Apr2025 12:30:19.757] [main/WARN] [Radium Class Analysis/]: Radium Class Analysis Error: Class org.betterx.bclib.blocks.BaseBlock cannot be analysed, because getting declared methods crashes with RuntimeException: Attempted to load class net/minecraft/client/renderer/block/model/BlockModel for invalid dist DEDICATED_SERVER. This is usually caused by modded entities declaring methods that have a return type or parameter type that is annotated with @OnlyIn(Dist.CLIENT). Loading the type is not possible, because it only exists in the CLIENT environment. The recommended fix is to annotate the method with this argument or return type with the same annotation. Lithium handles this error by assuming the class cannot be included in some optimizations.
[07Apr2025 12:30:19.758] [main/ERROR] [net.minecraftforge.fml.loading.RuntimeDistCleaner/DISTXFORM]: Attempted to load class net/minecraft/client/renderer/block/model/BlockModel for invalid dist DEDICATED_SERVER
[07Apr2025 12:30:19.758] [main/WARN] [Radium Class Analysis/]: Radium Class Analysis Error: Class org.betterx.bclib.blocks.BaseBlock cannot be analysed, because getting declared methods crashes with RuntimeException: Attempted to load class net/minecraft/client/renderer/block/model/BlockModel for invalid dist DEDICATED_SERVER. This is usually caused by modded entities declaring methods that have a return type or parameter type that is annotated with @OnlyIn(Dist.CLIENT). Loading the type is not possible, because it only exists in the CLIENT environment. The recommended fix is to annotate the method with this argument or return type with the same annotation. Lithium handles this error by assuming the class cannot be included in some optimizations.
[07Apr2025 12:30:19.760] [main/ERROR] [net.minecraftforge.fml.loading.RuntimeDistCleaner/DISTXFORM]: Attempted to load class net/minecraft/client/renderer/block/model/BlockModel for invalid dist DEDICATED_SERVER
[07Apr2025 12:30:19.761] [main/WARN] [Radium Class Analysis/]: Radium Class Analysis Error: Class org.betterx.bclib.blocks.BaseBlock cannot be analysed, because getting declared methods crashes with RuntimeException: Attempted to load class net/minecraft/client/renderer/block/model/BlockModel for invalid dist DEDICATED_SERVER. This is usually caused by modded entities declaring methods that have a return type or parameter type that is annotated with @OnlyIn(Dist.CLIENT). Loading the type is not possible, because it only exists in the CLIENT environment. The recommended fix is to annotate the method with this argument or return type with the same annotation. Lithium handles this error by assuming the class cannot be included in some optimizations.
[07Apr2025 12:30:19.761] [main/ERROR] [net.minecraftforge.fml.loading.RuntimeDistCleaner/DISTXFORM]: Attempted to load class net/minecraft/client/renderer/block/model/BlockModel for invalid dist DEDICATED_SERVER
[07Apr2025 12:30:19.762] [main/WARN] [Radium Class Analysis/]: Radium Class Analysis Error: Class org.betterx.bclib.blocks.BaseBlock cannot be analysed, because getting declared methods crashes with RuntimeException: Attempted to load class net/minecraft/client/renderer/block/model/BlockModel for invalid dist DEDICATED_SERVER. This is usually caused by modded entities declaring methods that have a return type or parameter type that is annotated with @OnlyIn(Dist.CLIENT). Loading the type is not possible, because it only exists in the CLIENT environment. The recommended fix is to annotate the method with this argument or return type with the same annotation. Lithium handles this error by assuming the class cannot be included in some optimizations.
[07Apr2025 12:30:19.763] [main/ERROR] [net.minecraftforge.fml.loading.RuntimeDistCleaner/DISTXFORM]: Attempted to load class net/minecraft/client/renderer/block/model/BlockModel for invalid dist DEDICATED_SERVER
[07Apr2025 12:30:19.763] [main/WARN] [Radium Class Analysis/]: Radium Class Analysis Error: Class org.betterx.bclib.blocks.BaseBlock cannot be analysed, because getting declared methods crashes with RuntimeException: Attempted to load class net/minecraft/client/renderer/block/model/BlockModel for invalid dist DEDICATED_SERVER. This is usually caused by modded entities declaring methods that have a return type or parameter type that is annotated with @OnlyIn(Dist.CLIENT). Loading the type is not possible, because it only exists in the CLIENT environment. The recommended fix is to annotate the method with this argument or return type with the same annotation. Lithium handles this error by assuming the class cannot be included in some optimizations.
[07Apr2025 12:30:19.764] [main/ERROR] [net.minecraftforge.fml.loading.RuntimeDistCleaner/DISTXFORM]: Attempted to load class net/minecraft/client/renderer/block/model/BlockModel for invalid dist DEDICATED_SERVER
[07Apr2025 12:30:19.764] [main/WARN] [Radium Class Analysis/]: Radium Class Analysis Error: Class org.betterx.bclib.blocks.BaseBlock cannot be analysed, because getting declared methods crashes with RuntimeException: Attempted to load class net/minecraft/client/renderer/block/model/BlockModel for invalid dist DEDICATED_SERVER. This is usually caused by modded entities declaring methods that have a return type or parameter type that is annotated with @OnlyIn(Dist.CLIENT). Loading the type is not possible, because it only exists in the CLIENT environment. The recommended fix is to annotate the method with this argument or return type with the same annotation. Lithium handles this error by assuming the class cannot be included in some optimizations.
[07Apr2025 12:30:19.765] [main/ERROR] [net.minecraftforge.fml.loading.RuntimeDistCleaner/DISTXFORM]: Attempted to load class net/minecraft/client/renderer/block/model/BlockModel for invalid dist DEDICATED_SERVER
[07Apr2025 12:30:19.765] [main/WARN] [Radium Class Analysis/]: Radium Class Analysis Error: Class org.betterx.bclib.blocks.BaseBlock cannot be analysed, because getting declared methods crashes with RuntimeException: Attempted to load class net/minecraft/client/renderer/block/model/BlockModel for invalid dist DEDICATED_SERVER. This is usually caused by modded entities declaring methods that have a return type or parameter type that is annotated with @OnlyIn(Dist.CLIENT). Loading the type is not possible, because it only exists in the CLIENT environment. The recommended fix is to annotate the method with this argument or return type with the same annotation. Lithium handles this error by assuming the class cannot be included in some optimizations.
[07Apr2025 12:30:19.766] [main/ERROR] [net.minecraftforge.fml.loading.RuntimeDistCleaner/DISTXFORM]: Attempted to load class net/minecraft/client/renderer/block/model/BlockModel for invalid dist DEDICATED_SERVER
[07Apr2025 12:30:19.766] [main/WARN] [Radium Class Analysis/]: Radium Class Analysis Error: Class org.betterx.bclib.blocks.BaseBlock cannot be analysed, because getting declared methods crashes with RuntimeException: Attempted to load class net/minecraft/client/renderer/block/model/BlockModel for invalid dist DEDICATED_SERVER. This is usually caused by modded entities declaring methods that have a return type or parameter type that is annotated with @OnlyIn(Dist.CLIENT). Loading the type is not possible, because it only exists in the CLIENT environment. The recommended fix is to annotate the method with this argument or return type with the same annotation. Lithium handles this error by assuming the class cannot be included in some optimizations.
[07Apr2025 12:30:19.770] [main/ERROR] [net.minecraftforge.fml.loading.RuntimeDistCleaner/DISTXFORM]: Attempted to load class net/minecraft/client/renderer/block/model/BlockModel for invalid dist DEDICATED_SERVER
[07Apr2025 12:30:19.770] [main/WARN] [Radium Class Analysis/]: Radium Class Analysis Error: Class org.betterx.bclib.blocks.BaseBlock cannot be analysed, because getting declared methods crashes with RuntimeException: Attempted to load class net/minecraft/client/renderer/block/model/BlockModel for invalid dist DEDICATED_SERVER. This is usually caused by modded entities declaring methods that have a return type or parameter type that is annotated with @OnlyIn(Dist.CLIENT). Loading the type is not possible, because it only exists in the CLIENT environment. The recommended fix is to annotate the method with this argument or return type with the same annotation. Lithium handles this error by assuming the class cannot be included in some optimizations.
[07Apr2025 12:30:19.771] [main/ERROR] [net.minecraftforge.fml.loading.RuntimeDistCleaner/DISTXFORM]: Attempted to load class net/minecraft/client/renderer/block/model/BlockModel for invalid dist DEDICATED_SERVER
[07Apr2025 12:30:19.771] [main/WARN] [Radium Class Analysis/]: Radium Class Analysis Error: Class org.betterx.bclib.blocks.BaseBlock cannot be analysed, because getting declared methods crashes with RuntimeException: Attempted to load class net/minecraft/client/renderer/block/model/BlockModel for invalid dist DEDICATED_SERVER. This is usually caused by modded entities declaring methods that have a return type or parameter type that is annotated with @OnlyIn(Dist.CLIENT). Loading the type is not possible, because it only exists in the CLIENT environment. The recommended fix is to annotate the method with this argument or return type with the same annotation. Lithium handles this error by assuming the class cannot be included in some optimizations.
[07Apr2025 12:30:19.783] [main/ERROR] [net.minecraftforge.fml.loading.RuntimeDistCleaner/DISTXFORM]: Attempted to load class net/minecraft/client/renderer/block/model/BlockModel for invalid dist DEDICATED_SERVER
[07Apr2025 12:30:19.784] [main/WARN] [Radium Class Analysis/]: Radium Class Analysis Error: Class org.betterx.bclib.blocks.BaseBlock cannot be analysed, because getting declared methods crashes with RuntimeException: Attempted to load class net/minecraft/client/renderer/block/model/BlockModel for invalid dist DEDICATED_SERVER. This is usually caused by modded entities declaring methods that have a return type or parameter type that is annotated with @OnlyIn(Dist.CLIENT). Loading the type is not possible, because it only exists in the CLIENT environment. The recommended fix is to annotate the method with this argument or return type with the same annotation. Lithium handles this error by assuming the class cannot be included in some optimizations.
[07Apr2025 12:30:19.784] [main/ERROR] [net.minecraftforge.fml.loading.RuntimeDistCleaner/DISTXFORM]: Attempted to load class net/minecraft/client/renderer/block/model/BlockModel for invalid dist DEDICATED_SERVER
[07Apr2025 12:30:19.785] [main/WARN] [Radium Class Analysis/]: Radium Class Analysis Error: Class org.betterx.bclib.blocks.BaseBlock cannot be analysed, because getting declared methods crashes with RuntimeException: Attempted to load class net/minecraft/client/renderer/block/model/BlockModel for invalid dist DEDICATED_SERVER. This is usually caused by modded entities declaring methods that have a return type or parameter type that is annotated with @OnlyIn(Dist.CLIENT). Loading the type is not possible, because it only exists in the CLIENT environment. The recommended fix is to annotate the method with this argument or return type with the same annotation. Lithium handles this error by assuming the class cannot be included in some optimizations.
[07Apr2025 12:30:19.789] [main/ERROR] [net.minecraftforge.fml.loading.RuntimeDistCleaner/DISTXFORM]: Attempted to load class net/minecraft/client/renderer/block/model/BlockModel for invalid dist DEDICATED_SERVER
[07Apr2025 12:30:19.789] [main/WARN] [Radium Class Analysis/]: Radium Class Analysis Error: Class org.betterx.bclib.blocks.BaseBlock cannot be analysed, because getting declared methods crashes with RuntimeException: Attempted to load class net/minecraft/client/renderer/block/model/BlockModel for invalid dist DEDICATED_SERVER. This is usually caused by modded entities declaring methods that have a return type or parameter type that is annotated with @OnlyIn(Dist.CLIENT). Loading the type is not possible, because it only exists in the CLIENT environment. The recommended fix is to annotate the method with this argument or return type with the same annotation. Lithium handles this error by assuming the class cannot be included in some optimizations.
[07Apr2025 12:30:19.790] [main/ERROR] [net.minecraftforge.fml.loading.RuntimeDistCleaner/DISTXFORM]: Attempted to load class net/minecraft/client/renderer/block/model/BlockModel for invalid dist DEDICATED_SERVER
[07Apr2025 12:30:19.790] [main/WARN] [Radium Class Analysis/]: Radium Class Analysis Error: Class org.betterx.bclib.blocks.BaseBlock cannot be analysed, because getting declared methods crashes with RuntimeException: Attempted to load class net/minecraft/client/renderer/block/model/BlockModel for invalid dist DEDICATED_SERVER. This is usually caused by modded entities declaring methods that have a return type or parameter type that is annotated with @OnlyIn(Dist.CLIENT). Loading the type is not possible, because it only exists in the CLIENT environment. The recommended fix is to annotate the method with this argument or return type with the same annotation. Lithium handles this error by assuming the class cannot be included in some optimizations.
[07Apr2025 12:30:19.819] [main/ERROR] [net.minecraftforge.fml.loading.RuntimeDistCleaner/DISTXFORM]: Attempted to load class net/minecraft/client/renderer/block/model/BlockModel for invalid dist DEDICATED_SERVER
[07Apr2025 12:30:19.820] [main/WARN] [Radium Class Analysis/]: Radium Class Analysis Error: Class org.betterx.bclib.blocks.BaseLeavesBlock cannot be analysed, because getting declared methods crashes with RuntimeException: Attempted to load class net/minecraft/client/renderer/block/model/BlockModel for invalid dist DEDICATED_SERVER. This is usually caused by modded entities declaring methods that have a return type or parameter type that is annotated with @OnlyIn(Dist.CLIENT). Loading the type is not possible, because it only exists in the CLIENT environment. The recommended fix is to annotate the method with this argument or return type with the same annotation. Lithium handles this error by assuming the class cannot be included in some optimizations.
[07Apr2025 12:30:19.820] [main/ERROR] [net.minecraftforge.fml.loading.RuntimeDistCleaner/DISTXFORM]: Attempted to load class net/minecraft/client/renderer/block/model/BlockModel for invalid dist DEDICATED_SERVER
[07Apr2025 12:30:19.821] [main/WARN] [Radium Class Analysis/]: Radium Class Analysis Error: Class org.betterx.bclib.blocks.BaseLeavesBlock cannot be analysed, because getting declared methods crashes with RuntimeException: Attempted to load class net/minecraft/client/renderer/block/model/BlockModel for invalid dist DEDICATED_SERVER. This is usually caused by modded entities declaring methods that have a return type or parameter type that is annotated with @OnlyIn(Dist.CLIENT). Loading the type is not possible, because it only exists in the CLIENT environment. The recommended fix is to annotate the method with this argument or return type with the same annotation. Lithium handles this error by assuming the class cannot be included in some optimizations.
[07Apr2025 12:30:19.833] [main/ERROR] [net.minecraftforge.fml.loading.RuntimeDistCleaner/DISTXFORM]: Attempted to load class net/minecraft/client/renderer/block/model/BlockModel for invalid dist DEDICATED_SERVER
[07Apr2025 12:30:19.833] [main/WARN] [Radium Class Analysis/]: Radium Class Analysis Error: Class org.betterx.bclib.blocks.BaseOreBlock cannot be analysed, because getting declared methods crashes with RuntimeException: Attempted to load class net/minecraft/client/renderer/block/model/BlockModel for invalid dist DEDICATED_SERVER. This is usually caused by modded entities declaring methods that have a return type or parameter type that is annotated with @OnlyIn(Dist.CLIENT). Loading the type is not possible, because it only exists in the CLIENT environment. The recommended fix is to annotate the method with this argument or return type with the same annotation. Lithium handles this error by assuming the class cannot be included in some optimizations.
[07Apr2025 12:30:19.834] [main/ERROR] [net.minecraftforge.fml.loading.RuntimeDistCleaner/DISTXFORM]: Attempted to load class net/minecraft/client/renderer/block/model/BlockModel for invalid dist DEDICATED_SERVER
[07Apr2025 12:30:19.834] [main/WARN] [Radium Class Analysis/]: Radium Class Analysis Error: Class org.betterx.bclib.blocks.BaseOreBlock cannot be analysed, because getting declared methods crashes with RuntimeException: Attempted to load class net/minecraft/client/renderer/block/model/BlockModel for invalid dist DEDICATED_SERVER. This is usually caused by modded entities declaring methods that have a return type or parameter type that is annotated with @OnlyIn(Dist.CLIENT). Loading the type is not possible, because it only exists in the CLIENT environment. The recommended fix is to annotate the method with this argument or return type with the same annotation. Lithium handles this error by assuming the class cannot be included in some optimizations.
[07Apr2025 12:30:19.840] [main/ERROR] [net.minecraftforge.fml.loading.RuntimeDistCleaner/DISTXFORM]: Attempted to load class net/minecraft/client/renderer/block/model/BlockModel for invalid dist DEDICATED_SERVER
[07Apr2025 12:30:19.841] [main/WARN] [Radium Class Analysis/]: Radium Class Analysis Error: Class org.betterx.bclib.blocks.BaseBlock cannot be analysed, because getting declared methods crashes with RuntimeException: Attempted to load class net/minecraft/client/renderer/block/model/BlockModel for invalid dist DEDICATED_SERVER. This is usually caused by modded entities declaring methods that have a return type or parameter type that is annotated with @OnlyIn(Dist.CLIENT). Loading the type is not possible, because it only exists in the CLIENT environment. The recommended fix is to annotate the method with this argument or return type with the same annotation. Lithium handles this error by assuming the class cannot be included in some optimizations.
[07Apr2025 12:30:19.842] [main/ERROR] [net.minecraftforge.fml.loading.RuntimeDistCleaner/DISTXFORM]: Attempted to load class net/minecraft/client/renderer/block/model/BlockModel for invalid dist DEDICATED_SERVER
[07Apr2025 12:30:19.842] [main/WARN] [Radium Class Analysis/]: Radium Class Analysis Error: Class org.betterx.bclib.blocks.BaseBlock cannot be analysed, because getting declared methods crashes with RuntimeException: Attempted to load class net/minecraft/client/renderer/block/model/BlockModel for invalid dist DEDICATED_SERVER. This is usually caused by modded entities declaring methods that have a return type or parameter type that is annotated with @OnlyIn(Dist.CLIENT). Loading the type is not possible, because it only exists in the CLIENT environment. The recommended fix is to annotate the method with this argument or return type with the same annotation. Lithium handles this error by assuming the class cannot be included in some optimizations.
[07Apr2025 12:30:19.844] [main/ERROR] [net.minecraftforge.fml.loading.RuntimeDistCleaner/DISTXFORM]: Attempted to load class net/minecraft/client/renderer/block/model/BlockModel for invalid dist DEDICATED_SERVER
[07Apr2025 12:30:19.844] [main/WARN] [Radium Class Analysis/]: Radium Class Analysis Error: Class org.betterx.bclib.blocks.BaseBlock cannot be analysed, because getting declared methods crashes with RuntimeException: Attempted to load class net/minecraft/client/renderer/block/model/BlockModel for invalid dist DEDICATED_SERVER. This is usually caused by modded entities declaring methods that have a return type or parameter type that is annotated with @OnlyIn(Dist.CLIENT). Loading the type is not possible, because it only exists in the CLIENT environment. The recommended fix is to annotate the method with this argument or return type with the same annotation. Lithium handles this error by assuming the class cannot be included in some optimizations.
[07Apr2025 12:30:19.845] [main/ERROR] [net.minecraftforge.fml.loading.RuntimeDistCleaner/DISTXFORM]: Attempted to load class net/minecraft/client/renderer/block/model/BlockModel for invalid dist DEDICATED_SERVER
[07Apr2025 12:30:19.846] [main/WARN] [Radium Class Analysis/]: Radium Class Analysis Error: Class org.betterx.bclib.blocks.BaseBlock cannot be analysed, because getting declared methods crashes with RuntimeException: Attempted to load class net/minecraft/client/renderer/block/model/BlockModel for invalid dist DEDICATED_SERVER. This is usually caused by modded entities declaring methods that have a return type or parameter type that is annotated with @OnlyIn(Dist.CLIENT). Loading the type is not possible, because it only exists in the CLIENT environment. The recommended fix is to annotate the method with this argument or return type with the same annotation. Lithium handles this error by assuming the class cannot be included in some optimizations.
[07Apr2025 12:30:19.848] [main/ERROR] [net.minecraftforge.fml.loading.RuntimeDistCleaner/DISTXFORM]: Attempted to load class net/minecraft/client/renderer/block/model/BlockModel for invalid dist DEDICATED_SERVER
[07Apr2025 12:30:19.849] [main/WARN] [Radium Class Analysis/]: Radium Class Analysis Error: Class org.betterx.bclib.blocks.BaseBlock cannot be analysed, because getting declared methods crashes with RuntimeException: Attempted to load class net/minecraft/client/renderer/block/model/BlockModel for invalid dist DEDICATED_SERVER. This is usually caused by modded entities declaring methods that have a return type or parameter type that is annotated with @OnlyIn(Dist.CLIENT). Loading the type is not possible, because it only exists in the CLIENT environment. The recommended fix is to annotate the method with this argument or return type with the same annotation. Lithium handles this error by assuming the class cannot be included in some optimizations.
[07Apr2025 12:30:19.850] [main/ERROR] [net.minecraftforge.fml.loading.RuntimeDistCleaner/DISTXFORM]: Attempted to load class net/minecraft/client/renderer/block/model/BlockModel for invalid dist DEDICATED_SERVER
[07Apr2025 12:30:19.850] [main/WARN] [Radium Class Analysis/]: Radium Class Analysis Error: Class org.betterx.bclib.blocks.BaseBlock cannot be analysed, because getting declared methods crashes with RuntimeException: Attempted to load class net/minecraft/client/renderer/block/model/BlockModel for invalid dist DEDICATED_SERVER. This is usually caused by modded entities declaring methods that have a return type or parameter type that is annotated with @OnlyIn(Dist.CLIENT). Loading the type is not possible, because it only exists in the CLIENT environment. The recommended fix is to annotate the method with this argument or return type with the same annotation. Lithium handles this error by assuming the class cannot be included in some optimizations.
[07Apr2025 12:30:19.861] [main/ERROR] [net.minecraftforge.fml.loading.RuntimeDistCleaner/DISTXFORM]: Attempted to load class net/minecraft/client/renderer/block/model/BlockModel for invalid dist DEDICATED_SERVER
[07Apr2025 12:30:19.862] [main/WARN] [Radium Class Analysis/]: Radium Class Analysis Error: Class org.betterx.betternether.blocks.RedstoneOreBlock cannot be analysed, because getting declared methods crashes with RuntimeException: Attempted to load class net/minecraft/client/renderer/block/model/BlockModel for invalid dist DEDICATED_SERVER. This is usually caused by modded entities declaring methods that have a return type or parameter type that is annotated with @OnlyIn(Dist.CLIENT). Loading the type is not possible, because it only exists in the CLIENT environment. The recommended fix is to annotate the method with this argument or return type with the same annotation. Lithium handles this error by assuming the class cannot be included in some optimizations.
[07Apr2025 12:30:19.862] [main/ERROR] [net.minecraftforge.fml.loading.RuntimeDistCleaner/DISTXFORM]: Attempted to load class net/minecraft/client/renderer/block/model/BlockModel for invalid dist DEDICATED_SERVER
[07Apr2025 12:30:19.862] [main/WARN] [Radium Class Analysis/]: Radium Class Analysis Error: Class org.betterx.betternether.blocks.RedstoneOreBlock cannot be analysed, because getting declared methods crashes with RuntimeException: Attempted to load class net/minecraft/client/renderer/block/model/BlockModel for invalid dist DEDICATED_SERVER. This is usually caused by modded entities declaring methods that have a return type or parameter type that is annotated with @OnlyIn(Dist.CLIENT). Loading the type is not possible, because it only exists in the CLIENT environment. The recommended fix is to annotate the method with this argument or return type with the same annotation. Lithium handles this error by assuming the class cannot be included in some optimizations.
[07Apr2025 12:30:19.866] [main/WARN] [org.betterx.worlds.together.util.Logger/]: [bclib] Recipe betternether:bone_block_bone_button only takes in a single item and should be shapeless
[07Apr2025 12:30:19.870] [main/ERROR] [net.minecraftforge.fml.loading.RuntimeDistCleaner/DISTXFORM]: Attempted to load class net/minecraft/client/renderer/block/model/BlockModel for invalid dist DEDICATED_SERVER
[07Apr2025 12:30:19.871] [main/WARN] [Radium Class Analysis/]: Radium Class Analysis Error: Class org.betterx.bclib.blocks.BaseBlock cannot be analysed, because getting declared methods crashes with RuntimeException: Attempted to load class net/minecraft/client/renderer/block/model/BlockModel for invalid dist DEDICATED_SERVER. This is usually caused by modded entities declaring methods that have a return type or parameter type that is annotated with @OnlyIn(Dist.CLIENT). Loading the type is not possible, because it only exists in the CLIENT environment. The recommended fix is to annotate the method with this argument or return type with the same annotation. Lithium handles this error by assuming the class cannot be included in some optimizations.
[07Apr2025 12:30:19.871] [main/ERROR] [net.minecraftforge.fml.loading.RuntimeDistCleaner/DISTXFORM]: Attempted to load class net/minecraft/client/renderer/block/model/BlockModel for invalid dist DEDICATED_SERVER
[07Apr2025 12:30:19.872] [main/WARN] [Radium Class Analysis/]: Radium Class Analysis Error: Class org.betterx.bclib.blocks.BaseBlock cannot be analysed, because getting declared methods crashes with RuntimeException: Attempted to load class net/minecraft/client/renderer/block/model/BlockModel for invalid dist DEDICATED_SERVER. This is usually caused by modded entities declaring methods that have a return type or parameter type that is annotated with @OnlyIn(Dist.CLIENT). Loading the type is not possible, because it only exists in the CLIENT environment. The recommended fix is to annotate the method with this argument or return type with the same annotation. Lithium handles this error by assuming the class cannot be included in some optimizations.
[07Apr2025 12:30:19.895] [main/ERROR] [net.minecraftforge.fml.loading.RuntimeDistCleaner/DISTXFORM]: Attempted to load class net/minecraft/client/renderer/block/model/BlockModel for invalid dist DEDICATED_SERVER
[07Apr2025 12:30:19.895] [main/WARN] [Radium Class Analysis/]: Radium Class Analysis Error: Class org.betterx.bclib.blocks.BaseBlock cannot be analysed, because getting declared methods crashes with RuntimeException: Attempted to load class net/minecraft/client/renderer/block/model/BlockModel for invalid dist DEDICATED_SERVER. This is usually caused by modded entities declaring methods that have a return type or parameter type that is annotated with @OnlyIn(Dist.CLIENT). Loading the type is not possible, because it only exists in the CLIENT environment. The recommended fix is to annotate the method with this argument or return type with the same annotation. Lithium handles this error by assuming the class cannot be included in some optimizations.
[07Apr2025 12:30:19.896] [main/ERROR] [net.minecraftforge.fml.loading.RuntimeDistCleaner/DISTXFORM]: Attempted to load class net/minecraft/client/renderer/block/model/BlockModel for invalid dist DEDICATED_SERVER
[07Apr2025 12:30:19.896] [main/WARN] [Radium Class Analysis/]: Radium Class Analysis Error: Class org.betterx.bclib.blocks.BaseBlock cannot be analysed, because getting declared methods crashes with RuntimeException: Attempted to load class net/minecraft/client/renderer/block/model/BlockModel for invalid dist DEDICATED_SERVER. This is usually caused by modded entities declaring methods that have a return type or parameter type that is annotated with @OnlyIn(Dist.CLIENT). Loading the type is not possible, because it only exists in the CLIENT environment. The recommended fix is to annotate the method with this argument or return type with the same annotation. Lithium handles this error by assuming the class cannot be included in some optimizations.
[07Apr2025 12:30:19.897] [main/ERROR] [net.minecraftforge.fml.loading.RuntimeDistCleaner/DISTXFORM]: Attempted to load class net/minecraft/client/renderer/block/model/BlockModel for invalid dist DEDICATED_SERVER
[07Apr2025 12:30:19.897] [main/WARN] [Radium Class Analysis/]: Radium Class Analysis Error: Class org.betterx.bclib.blocks.BaseBlock cannot be analysed, because getting declared methods crashes with RuntimeException: Attempted to load class net/minecraft/client/renderer/block/model/BlockModel for invalid dist DEDICATED_SERVER. This is usually caused by modded entities declaring methods that have a return type or parameter type that is annotated with @OnlyIn(Dist.CLIENT). Loading the type is not possible, because it only exists in the CLIENT environment. The recommended fix is to annotate the method with this argument or return type with the same annotation. Lithium handles this error by assuming the class cannot be included in some optimizations.
[07Apr2025 12:30:19.898] [main/ERROR] [net.minecraftforge.fml.loading.RuntimeDistCleaner/DISTXFORM]: Attempted to load class net/minecraft/client/renderer/block/model/BlockModel for invalid dist DEDICATED_SERVER
[07Apr2025 12:30:19.898] [main/WARN] [Radium Class Analysis/]: Radium Class Analysis Error: Class org.betterx.bclib.blocks.BaseBlock cannot be analysed, because getting declared methods crashes with RuntimeException: Attempted to load class net/minecraft/client/renderer/block/model/BlockModel for invalid dist DEDICATED_SERVER. This is usually caused by modded entities declaring methods that have a return type or parameter type that is annotated with @OnlyIn(Dist.CLIENT). Loading the type is not possible, because it only exists in the CLIENT environment. The recommended fix is to annotate the method with this argument or return type with the same annotation. Lithium handles this error by assuming the class cannot be included in some optimizations.
[07Apr2025 12:30:19.899] [main/ERROR] [net.minecraftforge.fml.loading.RuntimeDistCleaner/DISTXFORM]: Attempted to load class net/minecraft/client/renderer/block/model/BlockModel for invalid dist DEDICATED_SERVER
[07Apr2025 12:30:19.899] [main/WARN] [Radium Class Analysis/]: Radium Class Analysis Error: Class org.betterx.bclib.blocks.BaseBlock cannot be analysed, because getting declared methods crashes with RuntimeException: Attempted to load class net/minecraft/client/renderer/block/model/BlockModel for invalid dist DEDICATED_SERVER. This is usually caused by modded entities declaring methods that have a return type or parameter type that is annotated with @OnlyIn(Dist.CLIENT). Loading the type is not possible, because it only exists in the CLIENT environment. The recommended fix is to annotate the method with this argument or return type with the same annotation. Lithium handles this error by assuming the class cannot be included in some optimizations.
[07Apr2025 12:30:19.900] [main/ERROR] [net.minecraftforge.fml.loading.RuntimeDistCleaner/DISTXFORM]: Attempted to load class net/minecraft/client/renderer/block/model/BlockModel for invalid dist DEDICATED_SERVER
[07Apr2025 12:30:19.900] [main/WARN] [Radium Class Analysis/]: Radium Class Analysis Error: Class org.betterx.bclib.blocks.BaseBlock cannot be analysed, because getting declared methods crashes with RuntimeException: Attempted to load class net/minecraft/client/renderer/block/model/BlockModel for invalid dist DEDICATED_SERVER. This is usually caused by modded entities declaring methods that have a return type or parameter type that is annotated with @OnlyIn(Dist.CLIENT). Loading the type is not possible, because it only exists in the CLIENT environment. The recommended fix is to annotate the method with this argument or return type with the same annotation. Lithium handles this error by assuming the class cannot be included in some optimizations.
[07Apr2025 12:30:19.901] [main/ERROR] [net.minecraftforge.fml.loading.RuntimeDistCleaner/DISTXFORM]: Attempted to load class net/minecraft/client/renderer/block/model/BlockModel for invalid dist DEDICATED_SERVER
[07Apr2025 12:30:19.901] [main/WARN] [Radium Class Analysis/]: Radium Class Analysis Error: Class org.betterx.bclib.blocks.BaseBlock cannot be analysed, because getting declared methods crashes with RuntimeException: Attempted to load class net/minecraft/client/renderer/block/model/BlockModel for invalid dist DEDICATED_SERVER. This is usually caused by modded entities declaring methods that have a return type or parameter type that is annotated with @OnlyIn(Dist.CLIENT). Loading the type is not possible, because it only exists in the CLIENT environment. The recommended fix is to annotate the method with this argument or return type with the same annotation. Lithium handles this error by assuming the class cannot be included in some optimizations.
[07Apr2025 12:30:19.901] [main/ERROR] [net.minecraftforge.fml.loading.RuntimeDistCleaner/DISTXFORM]: Attempted to load class net/minecraft/client/renderer/block/model/BlockModel for invalid dist DEDICATED_SERVER
[07Apr2025 12:30:19.902] [main/WARN] [Radium Class Analysis/]: Radium Class Analysis Error: Class org.betterx.bclib.blocks.BaseBlock cannot be analysed, because getting declared methods crashes with RuntimeException: Attempted to load class net/minecraft/client/renderer/block/model/BlockModel for invalid dist DEDICATED_SERVER. This is usually caused by modded entities declaring methods that have a return type or parameter type that is annotated with @OnlyIn(Dist.CLIENT). Loading the type is not possible, because it only exists in the CLIENT environment. The recommended fix is to annotate the method with this argument or return type with the same annotation. Lithium handles this error by assuming the class cannot be included in some optimizations.
[07Apr2025 12:30:19.921] [main/ERROR] [net.minecraftforge.fml.loading.RuntimeDistCleaner/DISTXFORM]: Attempted to load class net/minecraft/client/renderer/block/model/BlockModel for invalid dist DEDICATED_SERVER
[07Apr2025 12:30:19.921] [main/WARN] [Radium Class Analysis/]: Radium Class Analysis Error: Class org.betterx.bclib.blocks.BaseBlock cannot be analysed, because getting declared methods crashes with RuntimeException: Attempted to load class net/minecraft/client/renderer/block/model/BlockModel for invalid dist DEDICATED_SERVER. This is usually caused by modded entities declaring methods that have a return type or parameter type that is annotated with @OnlyIn(Dist.CLIENT). Loading the type is not possible, because it only exists in the CLIENT environment. The recommended fix is to annotate the method with this argument or return type with the same annotation. Lithium handles this error by assuming the class cannot be included in some optimizations.
[07Apr2025 12:30:19.922] [main/ERROR] [net.minecraftforge.fml.loading.RuntimeDistCleaner/DISTXFORM]: Attempted to load class net/minecraft/client/renderer/block/model/BlockModel for invalid dist DEDICATED_SERVER
[07Apr2025 12:30:19.923] [main/WARN] [Radium Class Analysis/]: Radium Class Analysis Error: Class org.betterx.bclib.blocks.BaseBlock cannot be analysed, because getting declared methods crashes with RuntimeException: Attempted to load class net/minecraft/client/renderer/block/model/BlockModel for invalid dist DEDICATED_SERVER. This is usually caused by modded entities declaring methods that have a return type or parameter type that is annotated with @OnlyIn(Dist.CLIENT). Loading the type is not possible, because it only exists in the CLIENT environment. The recommended fix is to annotate the method with this argument or return type with the same annotation. Lithium handles this error by assuming the class cannot be included in some optimizations.
[07Apr2025 12:30:19.924] [main/ERROR] [net.minecraftforge.fml.loading.RuntimeDistCleaner/DISTXFORM]: Attempted to load class net/minecraft/client/renderer/block/model/BlockModel for invalid dist DEDICATED_SERVER
[07Apr2025 12:30:19.924] [main/WARN] [Radium Class Analysis/]: Radium Class Analysis Error: Class org.betterx.bclib.blocks.BaseBlock cannot be analysed, because getting declared methods crashes with RuntimeException: Attempted to load class net/minecraft/client/renderer/block/model/BlockModel for invalid dist DEDICATED_SERVER. This is usually caused by modded entities declaring methods that have a return type or parameter type that is annotated with @OnlyIn(Dist.CLIENT). Loading the type is not possible, because it only exists in the CLIENT environment. The recommended fix is to annotate the method with this argument or return type with the same annotation. Lithium handles this error by assuming the class cannot be included in some optimizations.
[07Apr2025 12:30:19.925] [main/ERROR] [net.minecraftforge.fml.loading.RuntimeDistCleaner/DISTXFORM]: Attempted to load class net/minecraft/client/renderer/block/model/BlockModel for invalid dist DEDICATED_SERVER
[07Apr2025 12:30:19.925] [main/WARN] [Radium Class Analysis/]: Radium Class Analysis Error: Class org.betterx.bclib.blocks.BaseBlock cannot be analysed, because getting declared methods crashes with RuntimeException: Attempted to load class net/minecraft/client/renderer/block/model/BlockModel for invalid dist DEDICATED_SERVER. This is usually caused by modded entities declaring methods that have a return type or parameter type that is annotated with @OnlyIn(Dist.CLIENT). Loading the type is not possible, because it only exists in the CLIENT environment. The recommended fix is to annotate the method with this argument or return type with the same annotation. Lithium handles this error by assuming the class cannot be included in some optimizations.
[07Apr2025 12:30:19.926] [main/ERROR] [net.minecraftforge.fml.loading.RuntimeDistCleaner/DISTXFORM]: Attempted to load class net/minecraft/client/renderer/block/model/BlockModel for invalid dist DEDICATED_SERVER
[07Apr2025 12:30:19.926] [main/WARN] [Radium Class Analysis/]: Radium Class Analysis Error: Class org.betterx.bclib.blocks.BaseBlock cannot be analysed, because getting declared methods crashes with RuntimeException: Attempted to load class net/minecraft/client/renderer/block/model/BlockModel for invalid dist DEDICATED_SERVER. This is usually caused by modded entities declaring methods that have a return type or parameter type that is annotated with @OnlyIn(Dist.CLIENT). Loading the type is not possible, because it only exists in the CLIENT environment. The recommended fix is to annotate the method with this argument or return type with the same annotation. Lithium handles this error by assuming the class cannot be included in some optimizations.
[07Apr2025 12:30:19.927] [main/ERROR] [net.minecraftforge.fml.loading.RuntimeDistCleaner/DISTXFORM]: Attempted to load class net/minecraft/client/renderer/block/model/BlockModel for invalid dist DEDICATED_SERVER
[07Apr2025 12:30:19.927] [main/WARN] [Radium Class Analysis/]: Radium Class Analysis Error: Class org.betterx.bclib.blocks.BaseBlock cannot be analysed, because getting declared methods crashes with RuntimeException: Attempted to load class net/minecraft/client/renderer/block/model/BlockModel for invalid dist DEDICATED_SERVER. This is usually caused by modded entities declaring methods that have a return type or parameter type that is annotated with @OnlyIn(Dist.CLIENT). Loading the type is not possible, because it only exists in the CLIENT environment. The recommended fix is to annotate the method with this argument or return type with the same annotation. Lithium handles this error by assuming the class cannot be included in some optimizations.
[07Apr2025 12:30:19.967] [main/ERROR] [net.minecraftforge.fml.loading.RuntimeDistCleaner/DISTXFORM]: Attempted to load class net/minecraft/client/renderer/block/model/BlockModel for invalid dist DEDICATED_SERVER
[07Apr2025 12:30:19.967] [main/WARN] [Radium Class Analysis/]: Radium Class Analysis Error: Class org.betterx.bclib.blocks.BaseBlock cannot be analysed, because getting declared methods crashes with RuntimeException: Attempted to load class net/minecraft/client/renderer/block/model/BlockModel for invalid dist DEDICATED_SERVER. This is usually caused by modded entities declaring methods that have a return type or parameter type that is annotated with @OnlyIn(Dist.CLIENT). Loading the type is not possible, because it only exists in the CLIENT environment. The recommended fix is to annotate the method with this argument or return type with the same annotation. Lithium handles this error by assuming the class cannot be included in some optimizations.
[07Apr2025 12:30:19.968] [main/ERROR] [net.minecraftforge.fml.loading.RuntimeDistCleaner/DISTXFORM]: Attempted to load class net/minecraft/client/renderer/block/model/BlockModel for invalid dist DEDICATED_SERVER
[07Apr2025 12:30:19.969] [main/WARN] [Radium Class Analysis/]: Radium Class Analysis Error: Class org.betterx.bclib.blocks.BaseBlock cannot be analysed, because getting declared methods crashes with RuntimeException: Attempted to load class net/minecraft/client/renderer/block/model/BlockModel for invalid dist DEDICATED_SERVER. This is usually caused by modded entities declaring methods that have a return type or parameter type that is annotated with @OnlyIn(Dist.CLIENT). Loading the type is not possible, because it only exists in the CLIENT environment. The recommended fix is to annotate the method with this argument or return type with the same annotation. Lithium handles this error by assuming the class cannot be included in some optimizations.
[07Apr2025 12:30:19.997] [main/ERROR] [net.minecraftforge.fml.loading.RuntimeDistCleaner/DISTXFORM]: Attempted to load class net/minecraft/client/renderer/block/model/BlockModel for invalid dist DEDICATED_SERVER
[07Apr2025 12:30:19.997] [main/WARN] [Radium Class Analysis/]: Radium Class Analysis Error: Class org.betterx.bclib.blocks.BaseLeavesBlock cannot be analysed, because getting declared methods crashes with RuntimeException: Attempted to load class net/minecraft/client/renderer/block/model/BlockModel for invalid dist DEDICATED_SERVER. This is usually caused by modded entities declaring methods that have a return type or parameter type that is annotated with @OnlyIn(Dist.CLIENT). Loading the type is not possible, because it only exists in the CLIENT environment. The recommended fix is to annotate the method with this argument or return type with the same annotation. Lithium handles this error by assuming the class cannot be included in some optimizations.
[07Apr2025 12:30:19.998] [main/ERROR] [net.minecraftforge.fml.loading.RuntimeDistCleaner/DISTXFORM]: Attempted to load class net/minecraft/client/renderer/block/model/BlockModel for invalid dist DEDICATED_SERVER
[07Apr2025 12:30:19.998] [main/WARN] [Radium Class Analysis/]: Radium Class Analysis Error: Class org.betterx.bclib.blocks.BaseLeavesBlock cannot be analysed, because getting declared methods crashes with RuntimeException: Attempted to load class net/minecraft/client/renderer/block/model/BlockModel for invalid dist DEDICATED_SERVER. This is usually caused by modded entities declaring methods that have a return type or parameter type that is annotated with @OnlyIn(Dist.CLIENT). Loading the type is not possible, because it only exists in the CLIENT environment. The recommended fix is to annotate the method with this argument or return type with the same annotation. Lithium handles this error by assuming the class cannot be included in some optimizations.
[07Apr2025 12:30:20.030] [main/ERROR] [net.minecraftforge.fml.loading.RuntimeDistCleaner/DISTXFORM]: Attempted to load class net/minecraft/client/renderer/block/model/BlockModel for invalid dist DEDICATED_SERVER
[07Apr2025 12:30:20.030] [main/WARN] [Radium Class Analysis/]: Radium Class Analysis Error: Class org.betterx.bclib.blocks.BaseLeavesBlock cannot be analysed, because getting declared methods crashes with RuntimeException: Attempted to load class net/minecraft/client/renderer/block/model/BlockModel for invalid dist DEDICATED_SERVER. This is usually caused by modded entities declaring methods that have a return type or parameter type that is annotated with @OnlyIn(Dist.CLIENT). Loading the type is not possible, because it only exists in the CLIENT environment. The recommended fix is to annotate the method with this argument or return type with the same annotation. Lithium handles this error by assuming the class cannot be included in some optimizations.
[07Apr2025 12:30:20.031] [main/ERROR] [net.minecraftforge.fml.loading.RuntimeDistCleaner/DISTXFORM]: Attempted to load class net/minecraft/client/renderer/block/model/BlockModel for invalid dist DEDICATED_SERVER
[07Apr2025 12:30:20.031] [main/WARN] [Radium Class Analysis/]: Radium Class Analysis Error: Class org.betterx.bclib.blocks.BaseLeavesBlock cannot be analysed, because getting declared methods crashes with RuntimeException: Attempted to load class net/minecraft/client/renderer/block/model/BlockModel for invalid dist DEDICATED_SERVER. This is usually caused by modded entities declaring methods that have a return type or parameter type that is annotated with @OnlyIn(Dist.CLIENT). Loading the type is not possible, because it only exists in the CLIENT environment. The recommended fix is to annotate the method with this argument or return type with the same annotation. Lithium handles this error by assuming the class cannot be included in some optimizations.
[07Apr2025 12:30:20.042] [main/ERROR] [net.minecraftforge.fml.loading.RuntimeDistCleaner/DISTXFORM]: Attempted to load class net/minecraft/client/renderer/block/model/BlockModel for invalid dist DEDICATED_SERVER
[07Apr2025 12:30:20.042] [main/WARN] [Radium Class Analysis/]: Radium Class Analysis Error: Class org.betterx.bclib.blocks.BaseLeavesBlock cannot be analysed, because getting declared methods crashes with RuntimeException: Attempted to load class net/minecraft/client/renderer/block/model/BlockModel for invalid dist DEDICATED_SERVER. This is usually caused by modded entities declaring methods that have a return type or parameter type that is annotated with @OnlyIn(Dist.CLIENT). Loading the type is not possible, because it only exists in the CLIENT environment. The recommended fix is to annotate the method with this argument or return type with the same annotation. Lithium handles this error by assuming the class cannot be included in some optimizations.
[07Apr2025 12:30:20.042] [main/ERROR] [net.minecraftforge.fml.loading.RuntimeDistCleaner/DISTXFORM]: Attempted to load class net/minecraft/client/renderer/block/model/BlockModel for invalid dist DEDICATED_SERVER
[07Apr2025 12:30:20.043] [main/WARN] [Radium Class Analysis/]: Radium Class Analysis Error: Class org.betterx.bclib.blocks.BaseLeavesBlock cannot be analysed, because getting declared methods crashes with RuntimeException: Attempted to load class net/minecraft/client/renderer/block/model/BlockModel for invalid dist DEDICATED_SERVER. This is usually caused by modded entities declaring methods that have a return type or parameter type that is annotated with @OnlyIn(Dist.CLIENT). Loading the type is not possible, because it only exists in the CLIENT environment. The recommended fix is to annotate the method with this argument or return type with the same annotation. Lithium handles this error by assuming the class cannot be included in some optimizations.
[07Apr2025 12:30:20.533] [main/INFO] [org.betterx.worlds.together.util.Logger/]: [bclib] Added Config betterend.entities to auto sync (file hash)
[07Apr2025 12:30:20.534] [main/INFO] [org.betterx.worlds.together.util.Logger/]: [bclib] Added Config betterend.blocks to auto sync (file hash)
[07Apr2025 12:30:20.535] [main/INFO] [org.betterx.worlds.together.util.Logger/]: [bclib] Added Config betterend.items to auto sync (file hash)
[07Apr2025 12:30:20.535] [main/INFO] [org.betterx.worlds.together.util.Logger/]: [bclib] Added Config betterend.biomes to auto sync (file hash)
[07Apr2025 12:30:20.536] [main/INFO] [org.betterx.worlds.together.util.Logger/]: [bclib] Added Config betterend.recipes to auto sync (file hash)
[07Apr2025 12:30:20.536] [main/INFO] [org.betterx.worlds.together.util.Logger/]: [bclib] Added Config betterend.enchantments to auto sync (file hash)
[07Apr2025 12:30:20.538] [main/ERROR] [net.minecraftforge.fml.loading.RuntimeDistCleaner/DISTXFORM]: Attempted to load class net/minecraft/client/renderer/block/model/BlockModel for invalid dist DEDICATED_SERVER
[07Apr2025 12:30:20.538] [main/WARN] [Radium Class Analysis/]: Radium Class Analysis Error: Class org.betterx.bclib.blocks.BaseBlock cannot be analysed, because getting declared methods crashes with RuntimeException: Attempted to load class net/minecraft/client/renderer/block/model/BlockModel for invalid dist DEDICATED_SERVER. This is usually caused by modded entities declaring methods that have a return type or parameter type that is annotated with @OnlyIn(Dist.CLIENT). Loading the type is not possible, because it only exists in the CLIENT environment. The recommended fix is to annotate the method with this argument or return type with the same annotation. Lithium handles this error by assuming the class cannot be included in some optimizations.
[07Apr2025 12:30:20.539] [main/ERROR] [net.minecraftforge.fml.loading.RuntimeDistCleaner/DISTXFORM]: Attempted to load class net/minecraft/client/renderer/block/model/BlockModel for invalid dist DEDICATED_SERVER
[07Apr2025 12:30:20.539] [main/WARN] [Radium Class Analysis/]: Radium Class Analysis Error: Class org.betterx.bclib.blocks.BaseBlock cannot be analysed, because getting declared methods crashes with RuntimeException: Attempted to load class net/minecraft/client/renderer/block/model/BlockModel for invalid dist DEDICATED_SERVER. This is usually caused by modded entities declaring methods that have a return type or parameter type that is annotated with @OnlyIn(Dist.CLIENT). Loading the type is not possible, because it only exists in the CLIENT environment. The recommended fix is to annotate the method with this argument or return type with the same annotation. Lithium handles this error by assuming the class cannot be included in some optimizations.
[07Apr2025 12:30:20.541] [main/ERROR] [net.minecraftforge.fml.loading.RuntimeDistCleaner/DISTXFORM]: Attempted to load class net/minecraft/client/renderer/block/model/BlockModel for invalid dist DEDICATED_SERVER
[07Apr2025 12:30:20.541] [main/WARN] [Radium Class Analysis/]: Radium Class Analysis Error: Class org.betterx.bclib.blocks.BaseBlock cannot be analysed, because getting declared methods crashes with RuntimeException: Attempted to load class net/minecraft/client/renderer/block/model/BlockModel for invalid dist DEDICATED_SERVER. This is usually caused by modded entities declaring methods that have a return type or parameter type that is annotated with @OnlyIn(Dist.CLIENT). Loading the type is not possible, because it only exists in the CLIENT environment. The recommended fix is to annotate the method with this argument or return type with the same annotation. Lithium handles this error by assuming the class cannot be included in some optimizations.
[07Apr2025 12:30:20.541] [main/ERROR] [net.minecraftforge.fml.loading.RuntimeDistCleaner/DISTXFORM]: Attempted to load class net/minecraft/client/renderer/block/model/BlockModel for invalid dist DEDICATED_SERVER
[07Apr2025 12:30:20.542] [main/WARN] [Radium Class Analysis/]: Radium Class Analysis Error: Class org.betterx.bclib.blocks.BaseBlock cannot be analysed, because getting declared methods crashes with RuntimeException: Attempted to load class net/minecraft/client/renderer/block/model/BlockModel for invalid dist DEDICATED_SERVER. This is usually caused by modded entities declaring methods that have a return type or parameter type that is annotated with @OnlyIn(Dist.CLIENT). Loading the type is not possible, because it only exists in the CLIENT environment. The recommended fix is to annotate the method with this argument or return type with the same annotation. Lithium handles this error by assuming the class cannot be included in some optimizations.
[07Apr2025 12:30:20.543] [main/ERROR] [net.minecraftforge.fml.loading.RuntimeDistCleaner/DISTXFORM]: Attempted to load class net/minecraft/client/renderer/block/model/BlockModel for invalid dist DEDICATED_SERVER
[07Apr2025 12:30:20.543] [main/WARN] [Radium Class Analysis/]: Radium Class Analysis Error: Class org.betterx.bclib.blocks.BaseBlock cannot be analysed, because getting declared methods crashes with RuntimeException: Attempted to load class net/minecraft/client/renderer/block/model/BlockModel for invalid dist DEDICATED_SERVER. This is usually caused by modded entities declaring methods that have a return type or parameter type that is annotated with @OnlyIn(Dist.CLIENT). Loading the type is not possible, because it only exists in the CLIENT environment. The recommended fix is to annotate the method with this argument or return type with the same annotation. Lithium handles this error by assuming the class cannot be included in some optimizations.
[07Apr2025 12:30:20.543] [main/ERROR] [net.minecraftforge.fml.loading.RuntimeDistCleaner/DISTXFORM]: Attempted to load class net/minecraft/client/renderer/block/model/BlockModel for invalid dist DEDICATED_SERVER
[07Apr2025 12:30:20.543] [main/WARN] [Radium Class Analysis/]: Radium Class Analysis Error: Class org.betterx.bclib.blocks.BaseBlock cannot be analysed, because getting declared methods crashes with RuntimeException: Attempted to load class net/minecraft/client/renderer/block/model/BlockModel for invalid dist DEDICATED_SERVER. This is usually caused by modded entities declaring methods that have a return type or parameter type that is annotated with @OnlyIn(Dist.CLIENT). Loading the type is not possible, because it only exists in the CLIENT environment. The recommended fix is to annotate the method with this argument or return type with the same annotation. Lithium handles this error by assuming the class cannot be included in some optimizations.
[07Apr2025 12:30:20.544] [main/ERROR] [net.minecraftforge.fml.loading.RuntimeDistCleaner/DISTXFORM]: Attempted to load class net/minecraft/client/renderer/block/model/BlockModel for invalid dist DEDICATED_SERVER
[07Apr2025 12:30:20.545] [main/WARN] [Radium Class Analysis/]: Radium Class Analysis Error: Class org.betterx.bclib.blocks.BaseBlock cannot be analysed, because getting declared methods crashes with RuntimeException: Attempted to load class net/minecraft/client/renderer/block/model/BlockModel for invalid dist DEDICATED_SERVER. This is usually caused by modded entities declaring methods that have a return type or parameter type that is annotated with @OnlyIn(Dist.CLIENT). Loading the type is not possible, because it only exists in the CLIENT environment. The recommended fix is to annotate the method with this argument or return type with the same annotation. Lithium handles this error by assuming the class cannot be included in some optimizations.
[07Apr2025 12:30:20.545] [main/ERROR] [net.minecraftforge.fml.loading.RuntimeDistCleaner/DISTXFORM]: Attempted to load class net/minecraft/client/renderer/block/model/BlockModel for invalid dist DEDICATED_SERVER
[07Apr2025 12:30:20.545] [main/WARN] [Radium Class Analysis/]: Radium Class Analysis Error: Class org.betterx.bclib.blocks.BaseBlock cannot be analysed, because getting declared methods crashes with RuntimeException: Attempted to load class net/minecraft/client/renderer/block/model/BlockModel for invalid dist DEDICATED_SERVER. This is usually caused by modded entities declaring methods that have a return type or parameter type that is annotated with @OnlyIn(Dist.CLIENT). Loading the type is not possible, because it only exists in the CLIENT environment. The recommended fix is to annotate the method with this argument or return type with the same annotation. Lithium handles this error by assuming the class cannot be included in some optimizations.
[07Apr2025 12:30:20.547] [main/ERROR] [net.minecraftforge.fml.loading.RuntimeDistCleaner/DISTXFORM]: Attempted to load class net/minecraft/client/renderer/block/model/BlockModel for invalid dist DEDICATED_SERVER
[07Apr2025 12:30:20.547] [main/WARN] [Radium Class Analysis/]: Radium Class Analysis Error: Class org.betterx.bclib.blocks.BaseBlock cannot be analysed, because getting declared methods crashes with RuntimeException: Attempted to load class net/minecraft/client/renderer/block/model/BlockModel for invalid dist DEDICATED_SERVER. This is usually caused by modded entities declaring methods that have a return type or parameter type that is annotated with @OnlyIn(Dist.CLIENT). Loading the type is not possible, because it only exists in the CLIENT environment. The recommended fix is to annotate the method with this argument or return type with the same annotation. Lithium handles this error by assuming the class cannot be included in some optimizations.
[07Apr2025 12:30:20.547] [main/ERROR] [net.minecraftforge.fml.loading.RuntimeDistCleaner/DISTXFORM]: Attempted to load class net/minecraft/client/renderer/block/model/BlockModel for invalid dist DEDICATED_SERVER
[07Apr2025 12:30:20.548] [main/WARN] [Radium Class Analysis/]: Radium Class Analysis Error: Class org.betterx.bclib.blocks.BaseBlock cannot be analysed, because getting declared methods crashes with RuntimeException: Attempted to load class net/minecraft/client/renderer/block/model/BlockModel for invalid dist DEDICATED_SERVER. This is usually caused by modded entities declaring methods that have a return type or parameter type that is annotated with @OnlyIn(Dist.CLIENT). Loading the type is not possible, because it only exists in the CLIENT environment. The recommended fix is to annotate the method with this argument or return type with the same annotation. Lithium handles this error by assuming the class cannot be included in some optimizations.
[07Apr2025 12:30:20.549] [main/ERROR] [net.minecraftforge.fml.loading.RuntimeDistCleaner/DISTXFORM]: Attempted to load class net/minecraft/client/renderer/block/model/BlockModel for invalid dist DEDICATED_SERVER
[07Apr2025 12:30:20.549] [main/WARN] [Radium Class Analysis/]: Radium Class Analysis Error: Class org.betterx.bclib.blocks.BaseBlock cannot be analysed, because getting declared methods crashes with RuntimeException: Attempted to load class net/minecraft/client/renderer/block/model/BlockModel for invalid dist DEDICATED_SERVER. This is usually caused by modded entities declaring methods that have a return type or parameter type that is annotated with @OnlyIn(Dist.CLIENT). Loading the type is not possible, because it only exists in the CLIENT environment. The recommended fix is to annotate the method with this argument or return type with the same annotation. Lithium handles this error by assuming the class cannot be included in some optimizations.
[07Apr2025 12:30:20.549] [main/ERROR] [net.minecraftforge.fml.loading.RuntimeDistCleaner/DISTXFORM]: Attempted to load class net/minecraft/client/renderer/block/model/BlockModel for invalid dist DEDICATED_SERVER
[07Apr2025 12:30:20.550] [main/WARN] [Radium Class Analysis/]: Radium Class Analysis Error: Class org.betterx.bclib.blocks.BaseBlock cannot be analysed, because getting declared methods crashes with RuntimeException: Attempted to load class net/minecraft/client/renderer/block/model/BlockModel for invalid dist DEDICATED_SERVER. This is usually caused by modded entities declaring methods that have a return type or parameter type that is annotated with @OnlyIn(Dist.CLIENT). Loading the type is not possible, because it only exists in the CLIENT environment. The recommended fix is to annotate the method with this argument or return type with the same annotation. Lithium handles this error by assuming the class cannot be included in some optimizations.
[07Apr2025 12:30:20.554] [main/ERROR] [net.minecraftforge.fml.loading.RuntimeDistCleaner/DISTXFORM]: Attempted to load class net/minecraft/client/renderer/block/model/BlockModel for invalid dist DEDICATED_SERVER
[07Apr2025 12:30:20.554] [main/WARN] [Radium Class Analysis/]: Radium Class Analysis Error: Class org.betterx.bclib.blocks.BaseBlock cannot be analysed, because getting declared methods crashes with RuntimeException: Attempted to load class net/minecraft/client/renderer/block/model/BlockModel for invalid dist DEDICATED_SERVER. This is usually caused by modded entities declaring methods that have a return type or parameter type that is annotated with @OnlyIn(Dist.CLIENT). Loading the type is not possible, because it only exists in the CLIENT environment. The recommended fix is to annotate the method with this argument or return type with the same annotation. Lithium handles this error by assuming the class cannot be included in some optimizations.
[07Apr2025 12:30:20.555] [main/ERROR] [net.minecraftforge.fml.loading.RuntimeDistCleaner/DISTXFORM]: Attempted to load class net/minecraft/client/renderer/block/model/BlockModel for invalid dist DEDICATED_SERVER
[07Apr2025 12:30:20.555] [main/WARN] [Radium Class Analysis/]: Radium Class Analysis Error: Class org.betterx.bclib.blocks.BaseBlock cannot be analysed, because getting declared methods crashes with RuntimeException: Attempted to load class net/minecraft/client/renderer/block/model/BlockModel for invalid dist DEDICATED_SERVER. This is usually caused by modded entities declaring methods that have a return type or parameter type that is annotated with @OnlyIn(Dist.CLIENT). Loading the type is not possible, because it only exists in the CLIENT environment. The recommended fix is to annotate the method with this argument or return type with the same annotation. Lithium handles this error by assuming the class cannot be included in some optimizations.
[07Apr2025 12:30:20.562] [main/ERROR] [net.minecraftforge.fml.loading.RuntimeDistCleaner/DISTXFORM]: Attempted to load class net/minecraft/client/renderer/block/model/BlockModel for invalid dist DEDICATED_SERVER
[07Apr2025 12:30:20.563] [main/WARN] [Radium Class Analysis/]: Radium Class Analysis Error: Class org.betterx.bclib.blocks.BaseBlock cannot be analysed, because getting declared methods crashes with RuntimeException: Attempted to load class net/minecraft/client/renderer/block/model/BlockModel for invalid dist DEDICATED_SERVER. This is usually caused by modded entities declaring methods that have a return type or parameter type that is annotated with @OnlyIn(Dist.CLIENT). Loading the type is not possible, because it only exists in the CLIENT environment. The recommended fix is to annotate the method with this argument or return type with the same annotation. Lithium handles this error by assuming the class cannot be included in some optimizations.
[07Apr2025 12:30:20.564] [main/ERROR] [net.minecraftforge.fml.loading.RuntimeDistCleaner/DISTXFORM]: Attempted to load class net/minecraft/client/renderer/block/model/BlockModel for invalid dist DEDICATED_SERVER
[07Apr2025 12:30:20.564] [main/WARN] [Radium Class Analysis/]: Radium Class Analysis Error: Class org.betterx.bclib.blocks.BaseBlock cannot be analysed, because getting declared methods crashes with RuntimeException: Attempted to load class net/minecraft/client/renderer/block/model/BlockModel for invalid dist DEDICATED_SERVER. This is usually caused by modded entities declaring methods that have a return type or parameter type that is annotated with @OnlyIn(Dist.CLIENT). Loading the type is not possible, because it only exists in the CLIENT environment. The recommended fix is to annotate the method with this argument or return type with the same annotation. Lithium handles this error by assuming the class cannot be included in some optimizations.
[07Apr2025 12:30:20.565] [main/WARN] [Radium Class Analysis/]: Radium Class Analysis Error: Class org.betterx.betterend.blocks.basis.StoneLanternBlock cannot be analysed, because getting declared methods crashes with NoClassDefFoundError: net/minecraft/client/color/item/ItemColor. This is usually caused by modded entities declaring methods that have a return type or parameter type that is annotated with @OnlyIn(Dist.CLIENT). Loading the type is not possible, because it only exists in the CLIENT environment. The recommended fix is to annotate the method with this argument or return type with the same annotation. Lithium handles this error by assuming the class cannot be included in some optimizations.
[07Apr2025 12:30:20.565] [main/WARN] [Radium Class Analysis/]: Radium Class Analysis Error: Class org.betterx.betterend.blocks.basis.StoneLanternBlock cannot be analysed, because getting declared methods crashes with NoClassDefFoundError: net/minecraft/client/color/item/ItemColor. This is usually caused by modded entities declaring methods that have a return type or parameter type that is annotated with @OnlyIn(Dist.CLIENT). Loading the type is not possible, because it only exists in the CLIENT environment. The recommended fix is to annotate the method with this argument or return type with the same annotation. Lithium handles this error by assuming the class cannot be included in some optimizations.
[07Apr2025 12:30:20.577] [main/ERROR] [net.minecraftforge.fml.loading.RuntimeDistCleaner/DISTXFORM]: Attempted to load class net/minecraft/client/renderer/block/model/BlockModel for invalid dist DEDICATED_SERVER
[07Apr2025 12:30:20.577] [main/WARN] [Radium Class Analysis/]: Radium Class Analysis Error: Class org.betterx.bclib.blocks.BaseBlock cannot be analysed, because getting declared methods crashes with RuntimeException: Attempted to load class net/minecraft/client/renderer/block/model/BlockModel for invalid dist DEDICATED_SERVER. This is usually caused by modded entities declaring methods that have a return type or parameter type that is annotated with @OnlyIn(Dist.CLIENT). Loading the type is not possible, because it only exists in the CLIENT environment. The recommended fix is to annotate the method with this argument or return type with the same annotation. Lithium handles this error by assuming the class cannot be included in some optimizations.
[07Apr2025 12:30:20.578] [main/ERROR] [net.minecraftforge.fml.loading.RuntimeDistCleaner/DISTXFORM]: Attempted to load class net/minecraft/client/renderer/block/model/BlockModel for invalid dist DEDICATED_SERVER
[07Apr2025 12:30:20.578] [main/WARN] [Radium Class Analysis/]: Radium Class Analysis Error: Class org.betterx.bclib.blocks.BaseBlock cannot be analysed, because getting declared methods crashes with RuntimeException: Attempted to load class net/minecraft/client/renderer/block/model/BlockModel for invalid dist DEDICATED_SERVER. This is usually caused by modded entities declaring methods that have a return type or parameter type that is annotated with @OnlyIn(Dist.CLIENT). Loading the type is not possible, because it only exists in the CLIENT environment. The recommended fix is to annotate the method with this argument or return type with the same annotation. Lithium handles this error by assuming the class cannot be included in some optimizations.
[07Apr2025 12:30:20.682] [main/ERROR] [net.minecraftforge.fml.loading.RuntimeDistCleaner/DISTXFORM]: Attempted to load class net/minecraft/client/multiplayer/ClientLevel for invalid dist DEDICATED_SERVER
[07Apr2025 12:30:20.682] [main/WARN] [Radium Class Analysis/]: Radium Class Analysis Error: Class org.betterx.betterend.blocks.BrimstoneBlock cannot be analysed, because getting declared methods crashes with RuntimeException: Attempted to load class net/minecraft/client/multiplayer/ClientLevel for invalid dist DEDICATED_SERVER. This is usually caused by modded entities declaring methods that have a return type or parameter type that is annotated with @OnlyIn(Dist.CLIENT). Loading the type is not possible, because it only exists in the CLIENT environment. The recommended fix is to annotate the method with this argument or return type with the same annotation. Lithium handles this error by assuming the class cannot be included in some optimizations.
[07Apr2025 12:30:20.683] [main/ERROR] [net.minecraftforge.fml.loading.RuntimeDistCleaner/DISTXFORM]: Attempted to load class net/minecraft/client/multiplayer/ClientLevel for invalid dist DEDICATED_SERVER
[07Apr2025 12:30:20.683] [main/WARN] [Radium Class Analysis/]: Radium Class Analysis Error: Class org.betterx.betterend.blocks.BrimstoneBlock cannot be analysed, because getting declared methods crashes with RuntimeException: Attempted to load class net/minecraft/client/multiplayer/ClientLevel for invalid dist DEDICATED_SERVER. This is usually caused by modded entities declaring methods that have a return type or parameter type that is annotated with @OnlyIn(Dist.CLIENT). Loading the type is not possible, because it only exists in the CLIENT environment. The recommended fix is to annotate the method with this argument or return type with the same annotation. Lithium handles this error by assuming the class cannot be included in some optimizations.
[07Apr2025 12:30:20.685] [main/ERROR] [net.minecraftforge.fml.loading.RuntimeDistCleaner/DISTXFORM]: Attempted to load class net/minecraft/client/renderer/block/model/BlockModel for invalid dist DEDICATED_SERVER
[07Apr2025 12:30:20.685] [main/WARN] [Radium Class Analysis/]: Radium Class Analysis Error: Class org.betterx.bclib.blocks.BaseBlock cannot be analysed, because getting declared methods crashes with RuntimeException: Attempted to load class net/minecraft/client/renderer/block/model/BlockModel for invalid dist DEDICATED_SERVER. This is usually caused by modded entities declaring methods that have a return type or parameter type that is annotated with @OnlyIn(Dist.CLIENT). Loading the type is not possible, because it only exists in the CLIENT environment. The recommended fix is to annotate the method with this argument or return type with the same annotation. Lithium handles this error by assuming the class cannot be included in some optimizations.
[07Apr2025 12:30:20.685] [main/ERROR] [net.minecraftforge.fml.loading.RuntimeDistCleaner/DISTXFORM]: Attempted to load class net/minecraft/client/renderer/block/model/BlockModel for invalid dist DEDICATED_SERVER
[07Apr2025 12:30:20.686] [main/WARN] [Radium Class Analysis/]: Radium Class Analysis Error: Class org.betterx.bclib.blocks.BaseBlock cannot be analysed, because getting declared methods crashes with RuntimeException: Attempted to load class net/minecraft/client/renderer/block/model/BlockModel for invalid dist DEDICATED_SERVER. This is usually caused by modded entities declaring methods that have a return type or parameter type that is annotated with @OnlyIn(Dist.CLIENT). Loading the type is not possible, because it only exists in the CLIENT environment. The recommended fix is to annotate the method with this argument or return type with the same annotation. Lithium handles this error by assuming the class cannot be included in some optimizations.
[07Apr2025 12:30:20.686] [main/ERROR] [net.minecraftforge.fml.loading.RuntimeDistCleaner/DISTXFORM]: Attempted to load class net/minecraft/client/renderer/block/model/BlockModel for invalid dist DEDICATED_SERVER
[07Apr2025 12:30:20.686] [main/WARN] [Radium Class Analysis/]: Radium Class Analysis Error: Class org.betterx.bclib.blocks.BaseBlock cannot be analysed, because getting declared methods crashes with RuntimeException: Attempted to load class net/minecraft/client/renderer/block/model/BlockModel for invalid dist DEDICATED_SERVER. This is usually caused by modded entities declaring methods that have a return type or parameter type that is annotated with @OnlyIn(Dist.CLIENT). Loading the type is not possible, because it only exists in the CLIENT environment. The recommended fix is to annotate the method with this argument or return type with the same annotation. Lithium handles this error by assuming the class cannot be included in some optimizations.
[07Apr2025 12:30:20.687] [main/ERROR] [net.minecraftforge.fml.loading.RuntimeDistCleaner/DISTXFORM]: Attempted to load class net/minecraft/client/renderer/block/model/BlockModel for invalid dist DEDICATED_SERVER
[07Apr2025 12:30:20.687] [main/WARN] [Radium Class Analysis/]: Radium Class Analysis Error: Class org.betterx.bclib.blocks.BaseBlock cannot be analysed, because getting declared methods crashes with RuntimeException: Attempted to load class net/minecraft/client/renderer/block/model/BlockModel for invalid dist DEDICATED_SERVER. This is usually caused by modded entities declaring methods that have a return type or parameter type that is annotated with @OnlyIn(Dist.CLIENT). Loading the type is not possible, because it only exists in the CLIENT environment. The recommended fix is to annotate the method with this argument or return type with the same annotation. Lithium handles this error by assuming the class cannot be included in some optimizations.
[07Apr2025 12:30:20.694] [main/ERROR] [net.minecraftforge.fml.loading.RuntimeDistCleaner/DISTXFORM]: Attempted to load class net/minecraft/client/renderer/block/model/BlockModel for invalid dist DEDICATED_SERVER
[07Apr2025 12:30:20.695] [main/WARN] [Radium Class Analysis/]: Radium Class Analysis Error: Class org.betterx.bclib.blocks.BaseBlock cannot be analysed, because getting declared methods crashes with RuntimeException: Attempted to load class net/minecraft/client/renderer/block/model/BlockModel for invalid dist DEDICATED_SERVER. This is usually caused by modded entities declaring methods that have a return type or parameter type that is annotated with @OnlyIn(Dist.CLIENT). Loading the type is not possible, because it only exists in the CLIENT environment. The recommended fix is to annotate the method with this argument or return type with the same annotation. Lithium handles this error by assuming the class cannot be included in some optimizations.
[07Apr2025 12:30:20.696] [main/ERROR] [net.minecraftforge.fml.loading.RuntimeDistCleaner/DISTXFORM]: Attempted to load class net/minecraft/client/renderer/block/model/BlockModel for invalid dist DEDICATED_SERVER
[07Apr2025 12:30:20.696] [main/WARN] [Radium Class Analysis/]: Radium Class Analysis Error: Class org.betterx.bclib.blocks.BaseBlock cannot be analysed, because getting declared methods crashes with RuntimeException: Attempted to load class net/minecraft/client/renderer/block/model/BlockModel for invalid dist DEDICATED_SERVER. This is usually caused by modded entities declaring methods that have a return type or parameter type that is annotated with @OnlyIn(Dist.CLIENT). Loading the type is not possible, because it only exists in the CLIENT environment. The recommended fix is to annotate the method with this argument or return type with the same annotation. Lithium handles this error by assuming the class cannot be included in some optimizations.
[07Apr2025 12:30:20.697] [main/ERROR] [net.minecraftforge.fml.loading.RuntimeDistCleaner/DISTXFORM]: Attempted to load class net/minecraft/client/renderer/block/model/BlockModel for invalid dist DEDICATED_SERVER
[07Apr2025 12:30:20.697] [main/WARN] [Radium Class Analysis/]: Radium Class Analysis Error: Class org.betterx.bclib.blocks.BaseBlock cannot be analysed, because getting declared methods crashes with RuntimeException: Attempted to load class net/minecraft/client/renderer/block/model/BlockModel for invalid dist DEDICATED_SERVER. This is usually caused by modded entities declaring methods that have a return type or parameter type that is annotated with @OnlyIn(Dist.CLIENT). Loading the type is not possible, because it only exists in the CLIENT environment. The recommended fix is to annotate the method with this argument or return type with the same annotation. Lithium handles this error by assuming the class cannot be included in some optimizations.
[07Apr2025 12:30:20.698] [main/ERROR] [net.minecraftforge.fml.loading.RuntimeDistCleaner/DISTXFORM]: Attempted to load class net/minecraft/client/renderer/block/model/BlockModel for invalid dist DEDICATED_SERVER
[07Apr2025 12:30:20.698] [main/WARN] [Radium Class Analysis/]: Radium Class Analysis Error: Class org.betterx.bclib.blocks.BaseBlock cannot be analysed, because getting declared methods crashes with RuntimeException: Attempted to load class net/minecraft/client/renderer/block/model/BlockModel for invalid dist DEDICATED_SERVER. This is usually caused by modded entities declaring methods that have a return type or parameter type that is annotated with @OnlyIn(Dist.CLIENT). Loading the type is not possible, because it only exists in the CLIENT environment. The recommended fix is to annotate the method with this argument or return type with the same annotation. Lithium handles this error by assuming the class cannot be included in some optimizations.
[07Apr2025 12:30:20.701] [main/ERROR] [net.minecraftforge.fml.loading.RuntimeDistCleaner/DISTXFORM]: Attempted to load class net/minecraft/client/renderer/block/model/BlockModel for invalid dist DEDICATED_SERVER
[07Apr2025 12:30:20.701] [main/WARN] [Radium Class Analysis/]: Radium Class Analysis Error: Class org.betterx.bclib.blocks.BaseBlock cannot be analysed, because getting declared methods crashes with RuntimeException: Attempted to load class net/minecraft/client/renderer/block/model/BlockModel for invalid dist DEDICATED_SERVER. This is usually caused by modded entities declaring methods that have a return type or parameter type that is annotated with @OnlyIn(Dist.CLIENT). Loading the type is not possible, because it only exists in the CLIENT environment. The recommended fix is to annotate the method with this argument or return type with the same annotation. Lithium handles this error by assuming the class cannot be included in some optimizations.
[07Apr2025 12:30:20.702] [main/ERROR] [net.minecraftforge.fml.loading.RuntimeDistCleaner/DISTXFORM]: Attempted to load class net/minecraft/client/renderer/block/model/BlockModel for invalid dist DEDICATED_SERVER
[07Apr2025 12:30:20.702] [main/WARN] [Radium Class Analysis/]: Radium Class Analysis Error: Class org.betterx.bclib.blocks.BaseBlock cannot be analysed, because getting declared methods crashes with RuntimeException: Attempted to load class net/minecraft/client/renderer/block/model/BlockModel for invalid dist DEDICATED_SERVER. This is usually caused by modded entities declaring methods that have a return type or parameter type that is annotated with @OnlyIn(Dist.CLIENT). Loading the type is not possible, because it only exists in the CLIENT environment. The recommended fix is to annotate the method with this argument or return type with the same annotation. Lithium handles this error by assuming the class cannot be included in some optimizations.
[07Apr2025 12:30:20.703] [main/ERROR] [net.minecraftforge.fml.loading.RuntimeDistCleaner/DISTXFORM]: Attempted to load class net/minecraft/client/renderer/block/model/BlockModel for invalid dist DEDICATED_SERVER
[07Apr2025 12:30:20.703] [main/WARN] [Radium Class Analysis/]: Radium Class Analysis Error: Class org.betterx.bclib.blocks.BaseBlock cannot be analysed, because getting declared methods crashes with RuntimeException: Attempted to load class net/minecraft/client/renderer/block/model/BlockModel for invalid dist DEDICATED_SERVER. This is usually caused by modded entities declaring methods that have a return type or parameter type that is annotated with @OnlyIn(Dist.CLIENT). Loading the type is not possible, because it only exists in the CLIENT environment. The recommended fix is to annotate the method with this argument or return type with the same annotation. Lithium handles this error by assuming the class cannot be included in some optimizations.
[07Apr2025 12:30:20.703] [main/ERROR] [net.minecraftforge.fml.loading.RuntimeDistCleaner/DISTXFORM]: Attempted to load class net/minecraft/client/renderer/block/model/BlockModel for invalid dist DEDICATED_SERVER
[07Apr2025 12:30:20.704] [main/WARN] [Radium Class Analysis/]: Radium Class Analysis Error: Class org.betterx.bclib.blocks.BaseBlock cannot be analysed, because getting declared methods crashes with RuntimeException: Attempted to load class net/minecraft/client/renderer/block/model/BlockModel for invalid dist DEDICATED_SERVER. This is usually caused by modded entities declaring methods that have a return type or parameter type that is annotated with @OnlyIn(Dist.CLIENT). Loading the type is not possible, because it only exists in the CLIENT environment. The recommended fix is to annotate the method with this argument or return type with the same annotation. Lithium handles this error by assuming the class cannot be included in some optimizations.
[07Apr2025 12:30:20.705] [main/ERROR] [net.minecraftforge.fml.loading.RuntimeDistCleaner/DISTXFORM]: Attempted to load class net/minecraft/client/renderer/block/model/BlockModel for invalid dist DEDICATED_SERVER
[07Apr2025 12:30:20.705] [main/WARN] [Radium Class Analysis/]: Radium Class Analysis Error: Class org.betterx.bclib.blocks.BaseBlock cannot be analysed, because getting declared methods crashes with RuntimeException: Attempted to load class net/minecraft/client/renderer/block/model/BlockModel for invalid dist DEDICATED_SERVER. This is usually caused by modded entities declaring methods that have a return type or parameter type that is annotated with @OnlyIn(Dist.CLIENT). Loading the type is not possible, because it only exists in the CLIENT environment. The recommended fix is to annotate the method with this argument or return type with the same annotation. Lithium handles this error by assuming the class cannot be included in some optimizations.
[07Apr2025 12:30:20.705] [main/ERROR] [net.minecraftforge.fml.loading.RuntimeDistCleaner/DISTXFORM]: Attempted to load class net/minecraft/client/renderer/block/model/BlockModel for invalid dist DEDICATED_SERVER
[07Apr2025 12:30:20.705] [main/WARN] [Radium Class Analysis/]: Radium Class Analysis Error: Class org.betterx.bclib.blocks.BaseBlock cannot be analysed, because getting declared methods crashes with RuntimeException: Attempted to load class net/minecraft/client/renderer/block/model/BlockModel for invalid dist DEDICATED_SERVER. This is usually caused by modded entities declaring methods that have a return type or parameter type that is annotated with @OnlyIn(Dist.CLIENT). Loading the type is not possible, because it only exists in the CLIENT environment. The recommended fix is to annotate the method with this argument or return type with the same annotation. Lithium handles this error by assuming the class cannot be included in some optimizations.
[07Apr2025 12:30:20.706] [main/ERROR] [net.minecraftforge.fml.loading.RuntimeDistCleaner/DISTXFORM]: Attempted to load class net/minecraft/client/renderer/block/model/BlockModel for invalid dist DEDICATED_SERVER
[07Apr2025 12:30:20.706] [main/WARN] [Radium Class Analysis/]: Radium Class Analysis Error: Class org.betterx.bclib.blocks.BaseBlock cannot be analysed, because getting declared methods crashes with RuntimeException: Attempted to load class net/minecraft/client/renderer/block/model/BlockModel for invalid dist DEDICATED_SERVER. This is usually caused by modded entities declaring methods that have a return type or parameter type that is annotated with @OnlyIn(Dist.CLIENT). Loading the type is not possible, because it only exists in the CLIENT environment. The recommended fix is to annotate the method with this argument or return type with the same annotation. Lithium handles this error by assuming the class cannot be included in some optimizations.
[07Apr2025 12:30:20.707] [main/ERROR] [net.minecraftforge.fml.loading.RuntimeDistCleaner/DISTXFORM]: Attempted to load class net/minecraft/client/renderer/block/model/BlockModel for invalid dist DEDICATED_SERVER
[07Apr2025 12:30:20.707] [main/WARN] [Radium Class Analysis/]: Radium Class Analysis Error: Class org.betterx.bclib.blocks.BaseBlock cannot be analysed, because getting declared methods crashes with RuntimeException: Attempted to load class net/minecraft/client/renderer/block/model/BlockModel for invalid dist DEDICATED_SERVER. This is usually caused by modded entities declaring methods that have a return type or parameter type that is annotated with @OnlyIn(Dist.CLIENT). Loading the type is not possible, because it only exists in the CLIENT environment. The recommended fix is to annotate the method with this argument or return type with the same annotation. Lithium handles this error by assuming the class cannot be included in some optimizations.
[07Apr2025 12:30:20.708] [main/ERROR] [net.minecraftforge.fml.loading.RuntimeDistCleaner/DISTXFORM]: Attempted to load class net/minecraft/client/renderer/block/model/BlockModel for invalid dist DEDICATED_SERVER
[07Apr2025 12:30:20.709] [main/WARN] [Radium Class Analysis/]: Radium Class Analysis Error: Class org.betterx.bclib.blocks.BaseBlock cannot be analysed, because getting declared methods crashes with RuntimeException: Attempted to load class net/minecraft/client/renderer/block/model/BlockModel for invalid dist DEDICATED_SERVER. This is usually caused by modded entities declaring methods that have a return type or parameter type that is annotated with @OnlyIn(Dist.CLIENT). Loading the type is not possible, because it only exists in the CLIENT environment. The recommended fix is to annotate the method with this argument or return type with the same annotation. Lithium handles this error by assuming the class cannot be included in some optimizations.
[07Apr2025 12:30:20.709] [main/ERROR] [net.minecraftforge.fml.loading.RuntimeDistCleaner/DISTXFORM]: Attempted to load class net/minecraft/client/renderer/block/model/BlockModel for invalid dist DEDICATED_SERVER
[07Apr2025 12:30:20.709] [main/WARN] [Radium Class Analysis/]: Radium Class Analysis Error: Class org.betterx.bclib.blocks.BaseBlock cannot be analysed, because getting declared methods crashes with RuntimeException: Attempted to load class net/minecraft/client/renderer/block/model/BlockModel for invalid dist DEDICATED_SERVER. This is usually caused by modded entities declaring methods that have a return type or parameter type that is annotated with @OnlyIn(Dist.CLIENT). Loading the type is not possible, because it only exists in the CLIENT environment. The recommended fix is to annotate the method with this argument or return type with the same annotation. Lithium handles this error by assuming the class cannot be included in some optimizations.
[07Apr2025 12:30:20.711] [main/ERROR] [net.minecraftforge.fml.loading.RuntimeDistCleaner/DISTXFORM]: Attempted to load class net/minecraft/client/renderer/block/model/BlockModel for invalid dist DEDICATED_SERVER
[07Apr2025 12:30:20.711] [main/WARN] [Radium Class Analysis/]: Radium Class Analysis Error: Class org.betterx.bclib.blocks.BaseBlock cannot be analysed, because getting declared methods crashes with RuntimeException: Attempted to load class net/minecraft/client/renderer/block/model/BlockModel for invalid dist DEDICATED_SERVER. This is usually caused by modded entities declaring methods that have a return type or parameter type that is annotated with @OnlyIn(Dist.CLIENT). Loading the type is not possible, because it only exists in the CLIENT environment. The recommended fix is to annotate the method with this argument or return type with the same annotation. Lithium handles this error by assuming the class cannot be included in some optimizations.
[07Apr2025 12:30:20.712] [main/ERROR] [net.minecraftforge.fml.loading.RuntimeDistCleaner/DISTXFORM]: Attempted to load class net/minecraft/client/renderer/block/model/BlockModel for invalid dist DEDICATED_SERVER
[07Apr2025 12:30:20.712] [main/WARN] [Radium Class Analysis/]: Radium Class Analysis Error: Class org.betterx.bclib.blocks.BaseBlock cannot be analysed, because getting declared methods crashes with RuntimeException: Attempted to load class net/minecraft/client/renderer/block/model/BlockModel for invalid dist DEDICATED_SERVER. This is usually caused by modded entities declaring methods that have a return type or parameter type that is annotated with @OnlyIn(Dist.CLIENT). Loading the type is not possible, because it only exists in the CLIENT environment. The recommended fix is to annotate the method with this argument or return type with the same annotation. Lithium handles this error by assuming the class cannot be included in some optimizations.
[07Apr2025 12:30:20.713] [main/ERROR] [net.minecraftforge.fml.loading.RuntimeDistCleaner/DISTXFORM]: Attempted to load class net/minecraft/client/renderer/block/model/BlockModel for invalid dist DEDICATED_SERVER
[07Apr2025 12:30:20.713] [main/WARN] [Radium Class Analysis/]: Radium Class Analysis Error: Class org.betterx.bclib.blocks.BaseBlock cannot be analysed, because getting declared methods crashes with RuntimeException: Attempted to load class net/minecraft/client/renderer/block/model/BlockModel for invalid dist DEDICATED_SERVER. This is usually caused by modded entities declaring methods that have a return type or parameter type that is annotated with @OnlyIn(Dist.CLIENT). Loading the type is not possible, because it only exists in the CLIENT environment. The recommended fix is to annotate the method with this argument or return type with the same annotation. Lithium handles this error by assuming the class cannot be included in some optimizations.
[07Apr2025 12:30:20.714] [main/ERROR] [net.minecraftforge.fml.loading.RuntimeDistCleaner/DISTXFORM]: Attempted to load class net/minecraft/client/renderer/block/model/BlockModel for invalid dist DEDICATED_SERVER
[07Apr2025 12:30:20.714] [main/WARN] [Radium Class Analysis/]: Radium Class Analysis Error: Class org.betterx.bclib.blocks.BaseBlock cannot be analysed, because getting declared methods crashes with RuntimeException: Attempted to load class net/minecraft/client/renderer/block/model/BlockModel for invalid dist DEDICATED_SERVER. This is usually caused by modded entities declaring methods that have a return type or parameter type that is annotated with @OnlyIn(Dist.CLIENT). Loading the type is not possible, because it only exists in the CLIENT environment. The recommended fix is to annotate the method with this argument or return type with the same annotation. Lithium handles this error by assuming the class cannot be included in some optimizations.
[07Apr2025 12:30:20.715] [main/ERROR] [net.minecraftforge.fml.loading.RuntimeDistCleaner/DISTXFORM]: Attempted to load class net/minecraft/client/renderer/block/model/BlockModel for invalid dist DEDICATED_SERVER
[07Apr2025 12:30:20.715] [main/WARN] [Radium Class Analysis/]: Radium Class Analysis Error: Class org.betterx.bclib.blocks.BaseBlock cannot be analysed, because getting declared methods crashes with RuntimeException: Attempted to load class net/minecraft/client/renderer/block/model/BlockModel for invalid dist DEDICATED_SERVER. This is usually caused by modded entities declaring methods that have a return type or parameter type that is annotated with @OnlyIn(Dist.CLIENT). Loading the type is not possible, because it only exists in the CLIENT environment. The recommended fix is to annotate the method with this argument or return type with the same annotation. Lithium handles this error by assuming the class cannot be included in some optimizations.
[07Apr2025 12:30:20.716] [main/ERROR] [net.minecraftforge.fml.loading.RuntimeDistCleaner/DISTXFORM]: Attempted to load class net/minecraft/client/renderer/block/model/BlockModel for invalid dist DEDICATED_SERVER
[07Apr2025 12:30:20.716] [main/WARN] [Radium Class Analysis/]: Radium Class Analysis Error: Class org.betterx.bclib.blocks.BaseBlock cannot be analysed, because getting declared methods crashes with RuntimeException: Attempted to load class net/minecraft/client/renderer/block/model/BlockModel for invalid dist DEDICATED_SERVER. This is usually caused by modded entities declaring methods that have a return type or parameter type that is annotated with @OnlyIn(Dist.CLIENT). Loading the type is not possible, because it only exists in the CLIENT environment. The recommended fix is to annotate the method with this argument or return type with the same annotation. Lithium handles this error by assuming the class cannot be included in some optimizations.
[07Apr2025 12:30:20.724] [main/ERROR] [net.minecraftforge.fml.loading.RuntimeDistCleaner/DISTXFORM]: Attempted to load class net/minecraft/client/renderer/block/model/BlockModel for invalid dist DEDICATED_SERVER
[07Apr2025 12:30:20.724] [main/WARN] [Radium Class Analysis/]: Radium Class Analysis Error: Class org.betterx.bclib.blocks.BaseLeavesBlock cannot be analysed, because getting declared methods crashes with RuntimeException: Attempted to load class net/minecraft/client/renderer/block/model/BlockModel for invalid dist DEDICATED_SERVER. This is usually caused by modded entities declaring methods that have a return type or parameter type that is annotated with @OnlyIn(Dist.CLIENT). Loading the type is not possible, because it only exists in the CLIENT environment. The recommended fix is to annotate the method with this argument or return type with the same annotation. Lithium handles this error by assuming the class cannot be included in some optimizations.
[07Apr2025 12:30:20.725] [main/ERROR] [net.minecraftforge.fml.loading.RuntimeDistCleaner/DISTXFORM]: Attempted to load class net/minecraft/client/renderer/block/model/BlockModel for invalid dist DEDICATED_SERVER
[07Apr2025 12:30:20.725] [main/WARN] [Radium Class Analysis/]: Radium Class Analysis Error: Class org.betterx.bclib.blocks.BaseLeavesBlock cannot be analysed, because getting declared methods crashes with RuntimeException: Attempted to load class net/minecraft/client/renderer/block/model/BlockModel for invalid dist DEDICATED_SERVER. This is usually caused by modded entities declaring methods that have a return type or parameter type that is annotated with @OnlyIn(Dist.CLIENT). Loading the type is not possible, because it only exists in the CLIENT environment. The recommended fix is to annotate the method with this argument or return type with the same annotation. Lithium handles this error by assuming the class cannot be included in some optimizations.
[07Apr2025 12:30:20.734] [main/ERROR] [net.minecraftforge.fml.loading.RuntimeDistCleaner/DISTXFORM]: Attempted to load class net/minecraft/client/renderer/block/model/BlockModel for invalid dist DEDICATED_SERVER
[07Apr2025 12:30:20.734] [main/WARN] [Radium Class Analysis/]: Radium Class Analysis Error: Class org.betterx.bclib.blocks.BaseBlock cannot be analysed, because getting declared methods crashes with RuntimeException: Attempted to load class net/minecraft/client/renderer/block/model/BlockModel for invalid dist DEDICATED_SERVER. This is usually caused by modded entities declaring methods that have a return type or parameter type that is annotated with @OnlyIn(Dist.CLIENT). Loading the type is not possible, because it only exists in the CLIENT environment. The recommended fix is to annotate the method with this argument or return type with the same annotation. Lithium handles this error by assuming the class cannot be included in some optimizations.
[07Apr2025 12:30:20.735] [main/ERROR] [net.minecraftforge.fml.loading.RuntimeDistCleaner/DISTXFORM]: Attempted to load class net/minecraft/client/renderer/block/model/BlockModel for invalid dist DEDICATED_SERVER
[07Apr2025 12:30:20.735] [main/WARN] [Radium Class Analysis/]: Radium Class Analysis Error: Class org.betterx.bclib.blocks.BaseBlock cannot be analysed, because getting declared methods crashes with RuntimeException: Attempted to load class net/minecraft/client/renderer/block/model/BlockModel for invalid dist DEDICATED_SERVER. This is usually caused by modded entities declaring methods that have a return type or parameter type that is annotated with @OnlyIn(Dist.CLIENT). Loading the type is not possible, because it only exists in the CLIENT environment. The recommended fix is to annotate the method with this argument or return type with the same annotation. Lithium handles this error by assuming the class cannot be included in some optimizations.
[07Apr2025 12:30:20.737] [main/ERROR] [net.minecraftforge.fml.loading.RuntimeDistCleaner/DISTXFORM]: Attempted to load class net/minecraft/client/renderer/block/model/BlockModel for invalid dist DEDICATED_SERVER
[07Apr2025 12:30:20.737] [main/WARN] [Radium Class Analysis/]: Radium Class Analysis Error: Class org.betterx.bclib.blocks.BaseBlock cannot be analysed, because getting declared methods crashes with RuntimeException: Attempted to load class net/minecraft/client/renderer/block/model/BlockModel for invalid dist DEDICATED_SERVER. This is usually caused by modded entities declaring methods that have a return type or parameter type that is annotated with @OnlyIn(Dist.CLIENT). Loading the type is not possible, because it only exists in the CLIENT environment. The recommended fix is to annotate the method with this argument or return type with the same annotation. Lithium handles this error by assuming the class cannot be included in some optimizations.
[07Apr2025 12:30:20.737] [main/ERROR] [net.minecraftforge.fml.loading.RuntimeDistCleaner/DISTXFORM]: Attempted to load class net/minecraft/client/renderer/block/model/BlockModel for invalid dist DEDICATED_SERVER
[07Apr2025 12:30:20.738] [main/WARN] [Radium Class Analysis/]: Radium Class Analysis Error: Class org.betterx.bclib.blocks.BaseBlock cannot be analysed, because getting declared methods crashes with RuntimeException: Attempted to load class net/minecraft/client/renderer/block/model/BlockModel for invalid dist DEDICATED_SERVER. This is usually caused by modded entities declaring methods that have a return type or parameter type that is annotated with @OnlyIn(Dist.CLIENT). Loading the type is not possible, because it only exists in the CLIENT environment. The recommended fix is to annotate the method with this argument or return type with the same annotation. Lithium handles this error by assuming the class cannot be included in some optimizations.
[07Apr2025 12:30:20.738] [main/ERROR] [net.minecraftforge.fml.loading.RuntimeDistCleaner/DISTXFORM]: Attempted to load class net/minecraft/client/renderer/block/model/BlockModel for invalid dist DEDICATED_SERVER
[07Apr2025 12:30:20.739] [main/WARN] [Radium Class Analysis/]: Radium Class Analysis Error: Class org.betterx.bclib.blocks.BaseBlock cannot be analysed, because getting declared methods crashes with RuntimeException: Attempted to load class net/minecraft/client/renderer/block/model/BlockModel for invalid dist DEDICATED_SERVER. This is usually caused by modded entities declaring methods that have a return type or parameter type that is annotated with @OnlyIn(Dist.CLIENT). Loading the type is not possible, because it only exists in the CLIENT environment. The recommended fix is to annotate the method with this argument or return type with the same annotation. Lithium handles this error by assuming the class cannot be included in some optimizations.
[07Apr2025 12:30:20.739] [main/ERROR] [net.minecraftforge.fml.loading.RuntimeDistCleaner/DISTXFORM]: Attempted to load class net/minecraft/client/renderer/block/model/BlockModel for invalid dist DEDICATED_SERVER
[07Apr2025 12:30:20.739] [main/WARN] [Radium Class Analysis/]: Radium Class Analysis Error: Class org.betterx.bclib.blocks.BaseBlock cannot be analysed, because getting declared methods crashes with RuntimeException: Attempted to load class net/minecraft/client/renderer/block/model/BlockModel for invalid dist DEDICATED_SERVER. This is usually caused by modded entities declaring methods that have a return type or parameter type that is annotated with @OnlyIn(Dist.CLIENT). Loading the type is not possible, because it only exists in the CLIENT environment. The recommended fix is to annotate the method with this argument or return type with the same annotation. Lithium handles this error by assuming the class cannot be included in some optimizations.
[07Apr2025 12:30:20.740] [main/ERROR] [net.minecraftforge.fml.loading.RuntimeDistCleaner/DISTXFORM]: Attempted to load class net/minecraft/client/renderer/block/model/BlockModel for invalid dist DEDICATED_SERVER
[07Apr2025 12:30:20.741] [main/WARN] [Radium Class Analysis/]: Radium Class Analysis Error: Class org.betterx.bclib.blocks.BaseBlock cannot be analysed, because getting declared methods crashes with RuntimeException: Attempted to load class net/minecraft/client/renderer/block/model/BlockModel for invalid dist DEDICATED_SERVER. This is usually caused by modded entities declaring methods that have a return type or parameter type that is annotated with @OnlyIn(Dist.CLIENT). Loading the type is not possible, because it only exists in the CLIENT environment. The recommended fix is to annotate the method with this argument or return type with the same annotation. Lithium handles this error by assuming the class cannot be included in some optimizations.
[07Apr2025 12:30:20.741] [main/ERROR] [net.minecraftforge.fml.loading.RuntimeDistCleaner/DISTXFORM]: Attempted to load class net/minecraft/client/renderer/block/model/BlockModel for invalid dist DEDICATED_SERVER
[07Apr2025 12:30:20.742] [main/WARN] [Radium Class Analysis/]: Radium Class Analysis Error: Class org.betterx.bclib.blocks.BaseBlock cannot be analysed, because getting declared methods crashes with RuntimeException: Attempted to load class net/minecraft/client/renderer/block/model/BlockModel for invalid dist DEDICATED_SERVER. This is usually caused by modded entities declaring methods that have a return type or parameter type that is annotated with @OnlyIn(Dist.CLIENT). Loading the type is not possible, because it only exists in the CLIENT environment. The recommended fix is to annotate the method with this argument or return type with the same annotation. Lithium handles this error by assuming the class cannot be included in some optimizations.
[07Apr2025 12:30:20.763] [main/WARN] [Radium Class Analysis/]: Radium Class Analysis Error: Class org.betterx.betterend.blocks.TenaneaFlowersBlock cannot be analysed, because getting declared methods crashes with NoClassDefFoundError: net/minecraft/client/color/item/ItemColor. This is usually caused by modded entities declaring methods that have a return type or parameter type that is annotated with @OnlyIn(Dist.CLIENT). Loading the type is not possible, because it only exists in the CLIENT environment. The recommended fix is to annotate the method with this argument or return type with the same annotation. Lithium handles this error by assuming the class cannot be included in some optimizations.
[07Apr2025 12:30:20.764] [main/WARN] [Radium Class Analysis/]: Radium Class Analysis Error: Class org.betterx.betterend.blocks.TenaneaFlowersBlock cannot be analysed, because getting declared methods crashes with NoClassDefFoundError: net/minecraft/client/color/item/ItemColor. This is usually caused by modded entities declaring methods that have a return type or parameter type that is annotated with @OnlyIn(Dist.CLIENT). Loading the type is not possible, because it only exists in the CLIENT environment. The recommended fix is to annotate the method with this argument or return type with the same annotation. Lithium handles this error by assuming the class cannot be included in some optimizations.
[07Apr2025 12:30:20.770] [main/WARN] [Radium Class Analysis/]: Radium Class Analysis Error: Class org.betterx.betterend.blocks.HelixTreeLeavesBlock cannot be analysed, because getting declared methods crashes with NoClassDefFoundError: net/minecraft/client/color/item/ItemColor. This is usually caused by modded entities declaring methods that have a return type or parameter type that is annotated with @OnlyIn(Dist.CLIENT). Loading the type is not possible, because it only exists in the CLIENT environment. The recommended fix is to annotate the method with this argument or return type with the same annotation. Lithium handles this error by assuming the class cannot be included in some optimizations.
[07Apr2025 12:30:20.770] [main/WARN] [Radium Class Analysis/]: Radium Class Analysis Error: Class org.betterx.betterend.blocks.HelixTreeLeavesBlock cannot be analysed, because getting declared methods crashes with NoClassDefFoundError: net/minecraft/client/color/item/ItemColor. This is usually caused by modded entities declaring methods that have a return type or parameter type that is annotated with @OnlyIn(Dist.CLIENT). Loading the type is not possible, because it only exists in the CLIENT environment. The recommended fix is to annotate the method with this argument or return type with the same annotation. Lithium handles this error by assuming the class cannot be included in some optimizations.
[07Apr2025 12:30:20.779] [main/ERROR] [net.minecraftforge.fml.loading.RuntimeDistCleaner/DISTXFORM]: Attempted to load class net/minecraft/client/renderer/block/model/BlockModel for invalid dist DEDICATED_SERVER
[07Apr2025 12:30:20.779] [main/WARN] [Radium Class Analysis/]: Radium Class Analysis Error: Class org.betterx.bclib.blocks.BaseBlock cannot be analysed, because getting declared methods crashes with RuntimeException: Attempted to load class net/minecraft/client/renderer/block/model/BlockModel for invalid dist DEDICATED_SERVER. This is usually caused by modded entities declaring methods that have a return type or parameter type that is annotated with @OnlyIn(Dist.CLIENT). Loading the type is not possible, because it only exists in the CLIENT environment. The recommended fix is to annotate the method with this argument or return type with the same annotation. Lithium handles this error by assuming the class cannot be included in some optimizations.
[07Apr2025 12:30:20.780] [main/ERROR] [net.minecraftforge.fml.loading.RuntimeDistCleaner/DISTXFORM]: Attempted to load class net/minecraft/client/renderer/block/model/BlockModel for invalid dist DEDICATED_SERVER
[07Apr2025 12:30:20.780] [main/WARN] [Radium Class Analysis/]: Radium Class Analysis Error: Class org.betterx.bclib.blocks.BaseBlock cannot be analysed, because getting declared methods crashes with RuntimeException: Attempted to load class net/minecraft/client/renderer/block/model/BlockModel for invalid dist DEDICATED_SERVER. This is usually caused by modded entities declaring methods that have a return type or parameter type that is annotated with @OnlyIn(Dist.CLIENT). Loading the type is not possible, because it only exists in the CLIENT environment. The recommended fix is to annotate the method with this argument or return type with the same annotation. Lithium handles this error by assuming the class cannot be included in some optimizations.
[07Apr2025 12:30:20.781] [main/ERROR] [net.minecraftforge.fml.loading.RuntimeDistCleaner/DISTXFORM]: Attempted to load class net/minecraft/client/renderer/block/model/BlockModel for invalid dist DEDICATED_SERVER
[07Apr2025 12:30:20.781] [main/WARN] [Radium Class Analysis/]: Radium Class Analysis Error: Class org.betterx.bclib.blocks.BaseBlock cannot be analysed, because getting declared methods crashes with RuntimeException: Attempted to load class net/minecraft/client/renderer/block/model/BlockModel for invalid dist DEDICATED_SERVER. This is usually caused by modded entities declaring methods that have a return type or parameter type that is annotated with @OnlyIn(Dist.CLIENT). Loading the type is not possible, because it only exists in the CLIENT environment. The recommended fix is to annotate the method with this argument or return type with the same annotation. Lithium handles this error by assuming the class cannot be included in some optimizations.
[07Apr2025 12:30:20.782] [main/ERROR] [net.minecraftforge.fml.loading.RuntimeDistCleaner/DISTXFORM]: Attempted to load class net/minecraft/client/renderer/block/model/BlockModel for invalid dist DEDICATED_SERVER
[07Apr2025 12:30:20.782] [main/WARN] [Radium Class Analysis/]: Radium Class Analysis Error: Class org.betterx.bclib.blocks.BaseBlock cannot be analysed, because getting declared methods crashes with RuntimeException: Attempted to load class net/minecraft/client/renderer/block/model/BlockModel for invalid dist DEDICATED_SERVER. This is usually caused by modded entities declaring methods that have a return type or parameter type that is annotated with @OnlyIn(Dist.CLIENT). Loading the type is not possible, because it only exists in the CLIENT environment. The recommended fix is to annotate the method with this argument or return type with the same annotation. Lithium handles this error by assuming the class cannot be included in some optimizations.
[07Apr2025 12:30:20.789] [main/WARN] [Radium Class Analysis/]: Radium Class Analysis Error: Class org.betterx.betterend.blocks.JellyshroomCapBlock cannot be analysed, because getting declared methods crashes with NoClassDefFoundError: net/minecraft/client/color/item/ItemColor. This is usually caused by modded entities declaring methods that have a return type or parameter type that is annotated with @OnlyIn(Dist.CLIENT). Loading the type is not possible, because it only exists in the CLIENT environment. The recommended fix is to annotate the method with this argument or return type with the same annotation. Lithium handles this error by assuming the class cannot be included in some optimizations.
[07Apr2025 12:30:20.789] [main/WARN] [Radium Class Analysis/]: Radium Class Analysis Error: Class org.betterx.betterend.blocks.JellyshroomCapBlock cannot be analysed, because getting declared methods crashes with NoClassDefFoundError: net/minecraft/client/color/item/ItemColor. This is usually caused by modded entities declaring methods that have a return type or parameter type that is annotated with @OnlyIn(Dist.CLIENT). Loading the type is not possible, because it only exists in the CLIENT environment. The recommended fix is to annotate the method with this argument or return type with the same annotation. Lithium handles this error by assuming the class cannot be included in some optimizations.
[07Apr2025 12:30:20.804] [main/ERROR] [net.minecraftforge.fml.loading.RuntimeDistCleaner/DISTXFORM]: Attempted to load class net/minecraft/client/renderer/block/model/BlockModel for invalid dist DEDICATED_SERVER
[07Apr2025 12:30:20.804] [main/WARN] [Radium Class Analysis/]: Radium Class Analysis Error: Class org.betterx.bclib.blocks.BaseBlock cannot be analysed, because getting declared methods crashes with RuntimeException: Attempted to load class net/minecraft/client/renderer/block/model/BlockModel for invalid dist DEDICATED_SERVER. This is usually caused by modded entities declaring methods that have a return type or parameter type that is annotated with @OnlyIn(Dist.CLIENT). Loading the type is not possible, because it only exists in the CLIENT environment. The recommended fix is to annotate the method with this argument or return type with the same annotation. Lithium handles this error by assuming the class cannot be included in some optimizations.
[07Apr2025 12:30:20.805] [main/ERROR] [net.minecraftforge.fml.loading.RuntimeDistCleaner/DISTXFORM]: Attempted to load class net/minecraft/client/renderer/block/model/BlockModel for invalid dist DEDICATED_SERVER
[07Apr2025 12:30:20.805] [main/WARN] [Radium Class Analysis/]: Radium Class Analysis Error: Class org.betterx.bclib.blocks.BaseBlock cannot be analysed, because getting declared methods crashes with RuntimeException: Attempted to load class net/minecraft/client/renderer/block/model/BlockModel for invalid dist DEDICATED_SERVER. This is usually caused by modded entities declaring methods that have a return type or parameter type that is annotated with @OnlyIn(Dist.CLIENT). Loading the type is not possible, because it only exists in the CLIENT environment. The recommended fix is to annotate the method with this argument or return type with the same annotation. Lithium handles this error by assuming the class cannot be included in some optimizations.
[07Apr2025 12:30:20.807] [main/ERROR] [net.minecraftforge.fml.loading.RuntimeDistCleaner/DISTXFORM]: Attempted to load class net/minecraft/client/renderer/block/model/BlockModel for invalid dist DEDICATED_SERVER
[07Apr2025 12:30:20.807] [main/WARN] [Radium Class Analysis/]: Radium Class Analysis Error: Class org.betterx.bclib.blocks.BaseBlock cannot be analysed, because getting declared methods crashes with RuntimeException: Attempted to load class net/minecraft/client/renderer/block/model/BlockModel for invalid dist DEDICATED_SERVER. This is usually caused by modded entities declaring methods that have a return type or parameter type that is annotated with @OnlyIn(Dist.CLIENT). Loading the type is not possible, because it only exists in the CLIENT environment. The recommended fix is to annotate the method with this argument or return type with the same annotation. Lithium handles this error by assuming the class cannot be included in some optimizations.
[07Apr2025 12:30:20.807] [main/ERROR] [net.minecraftforge.fml.loading.RuntimeDistCleaner/DISTXFORM]: Attempted to load class net/minecraft/client/renderer/block/model/BlockModel for invalid dist DEDICATED_SERVER
[07Apr2025 12:30:20.808] [main/WARN] [Radium Class Analysis/]: Radium Class Analysis Error: Class org.betterx.bclib.blocks.BaseBlock cannot be analysed, because getting declared methods crashes with RuntimeException: Attempted to load class net/minecraft/client/renderer/block/model/BlockModel for invalid dist DEDICATED_SERVER. This is usually caused by modded entities declaring methods that have a return type or parameter type that is annotated with @OnlyIn(Dist.CLIENT). Loading the type is not possible, because it only exists in the CLIENT environment. The recommended fix is to annotate the method with this argument or return type with the same annotation. Lithium handles this error by assuming the class cannot be included in some optimizations.
[07Apr2025 12:30:20.808] [main/ERROR] [net.minecraftforge.fml.loading.RuntimeDistCleaner/DISTXFORM]: Attempted to load class net/minecraft/client/renderer/block/model/BlockModel for invalid dist DEDICATED_SERVER
[07Apr2025 12:30:20.809] [main/WARN] [Radium Class Analysis/]: Radium Class Analysis Error: Class org.betterx.bclib.blocks.BaseBlock cannot be analysed, because getting declared methods crashes with RuntimeException: Attempted to load class net/minecraft/client/renderer/block/model/BlockModel for invalid dist DEDICATED_SERVER. This is usually caused by modded entities declaring methods that have a return type or parameter type that is annotated with @OnlyIn(Dist.CLIENT). Loading the type is not possible, because it only exists in the CLIENT environment. The recommended fix is to annotate the method with this argument or return type with the same annotation. Lithium handles this error by assuming the class cannot be included in some optimizations.
[07Apr2025 12:30:20.809] [main/ERROR] [net.minecraftforge.fml.loading.RuntimeDistCleaner/DISTXFORM]: Attempted to load class net/minecraft/client/renderer/block/model/BlockModel for invalid dist DEDICATED_SERVER
[07Apr2025 12:30:20.809] [main/WARN] [Radium Class Analysis/]: Radium Class Analysis Error: Class org.betterx.bclib.blocks.BaseBlock cannot be analysed, because getting declared methods crashes with RuntimeException: Attempted to load class net/minecraft/client/renderer/block/model/BlockModel for invalid dist DEDICATED_SERVER. This is usually caused by modded entities declaring methods that have a return type or parameter type that is annotated with @OnlyIn(Dist.CLIENT). Loading the type is not possible, because it only exists in the CLIENT environment. The recommended fix is to annotate the method with this argument or return type with the same annotation. Lithium handles this error by assuming the class cannot be included in some optimizations.
[07Apr2025 12:30:20.810] [main/ERROR] [net.minecraftforge.fml.loading.RuntimeDistCleaner/DISTXFORM]: Attempted to load class net/minecraft/client/renderer/block/model/BlockModel for invalid dist DEDICATED_SERVER
[07Apr2025 12:30:20.810] [main/WARN] [Radium Class Analysis/]: Radium Class Analysis Error: Class org.betterx.bclib.blocks.BaseBlock cannot be analysed, because getting declared methods crashes with RuntimeException: Attempted to load class net/minecraft/client/renderer/block/model/BlockModel for invalid dist DEDICATED_SERVER. This is usually caused by modded entities declaring methods that have a return type or parameter type that is annotated with @OnlyIn(Dist.CLIENT). Loading the type is not possible, because it only exists in the CLIENT environment. The recommended fix is to annotate the method with this argument or return type with the same annotation. Lithium handles this error by assuming the class cannot be included in some optimizations.
[07Apr2025 12:30:20.811] [main/ERROR] [net.minecraftforge.fml.loading.RuntimeDistCleaner/DISTXFORM]: Attempted to load class net/minecraft/client/renderer/block/model/BlockModel for invalid dist DEDICATED_SERVER
[07Apr2025 12:30:20.811] [main/WARN] [Radium Class Analysis/]: Radium Class Analysis Error: Class org.betterx.bclib.blocks.BaseBlock cannot be analysed, because getting declared methods crashes with RuntimeException: Attempted to load class net/minecraft/client/renderer/block/model/BlockModel for invalid dist DEDICATED_SERVER. This is usually caused by modded entities declaring methods that have a return type or parameter type that is annotated with @OnlyIn(Dist.CLIENT). Loading the type is not possible, because it only exists in the CLIENT environment. The recommended fix is to annotate the method with this argument or return type with the same annotation. Lithium handles this error by assuming the class cannot be included in some optimizations.
[07Apr2025 12:30:20.812] [main/ERROR] [net.minecraftforge.fml.loading.RuntimeDistCleaner/DISTXFORM]: Attempted to load class net/minecraft/client/renderer/block/model/BlockModel for invalid dist DEDICATED_SERVER
[07Apr2025 12:30:20.812] [main/WARN] [Radium Class Analysis/]: Radium Class Analysis Error: Class org.betterx.bclib.blocks.BaseBlock cannot be analysed, because getting declared methods crashes with RuntimeException: Attempted to load class net/minecraft/client/renderer/block/model/BlockModel for invalid dist DEDICATED_SERVER. This is usually caused by modded entities declaring methods that have a return type or parameter type that is annotated with @OnlyIn(Dist.CLIENT). Loading the type is not possible, because it only exists in the CLIENT environment. The recommended fix is to annotate the method with this argument or return type with the same annotation. Lithium handles this error by assuming the class cannot be included in some optimizations.
[07Apr2025 12:30:20.813] [main/ERROR] [net.minecraftforge.fml.loading.RuntimeDistCleaner/DISTXFORM]: Attempted to load class net/minecraft/client/renderer/block/model/BlockModel for invalid dist DEDICATED_SERVER
[07Apr2025 12:30:20.813] [main/WARN] [Radium Class Analysis/]: Radium Class Analysis Error: Class org.betterx.bclib.blocks.BaseBlock cannot be analysed, because getting declared methods crashes with RuntimeException: Attempted to load class net/minecraft/client/renderer/block/model/BlockModel for invalid dist DEDICATED_SERVER. This is usually caused by modded entities declaring methods that have a return type or parameter type that is annotated with @OnlyIn(Dist.CLIENT). Loading the type is not possible, because it only exists in the CLIENT environment. The recommended fix is to annotate the method with this argument or return type with the same annotation. Lithium handles this error by assuming the class cannot be included in some optimizations.
[07Apr2025 12:30:20.814] [main/ERROR] [net.minecraftforge.fml.loading.RuntimeDistCleaner/DISTXFORM]: Attempted to load class net/minecraft/client/renderer/block/model/BlockModel for invalid dist DEDICATED_SERVER
[07Apr2025 12:30:20.814] [main/WARN] [Radium Class Analysis/]: Radium Class Analysis Error: Class org.betterx.bclib.blocks.BaseBlock cannot be analysed, because getting declared methods crashes with RuntimeException: Attempted to load class net/minecraft/client/renderer/block/model/BlockModel for invalid dist DEDICATED_SERVER. This is usually caused by modded entities declaring methods that have a return type or parameter type that is annotated with @OnlyIn(Dist.CLIENT). Loading the type is not possible, because it only exists in the CLIENT environment. The recommended fix is to annotate the method with this argument or return type with the same annotation. Lithium handles this error by assuming the class cannot be included in some optimizations.
[07Apr2025 12:30:20.815] [main/ERROR] [net.minecraftforge.fml.loading.RuntimeDistCleaner/DISTXFORM]: Attempted to load class net/minecraft/client/renderer/block/model/BlockModel for invalid dist DEDICATED_SERVER
[07Apr2025 12:30:20.815] [main/WARN] [Radium Class Analysis/]: Radium Class Analysis Error: Class org.betterx.bclib.blocks.BaseBlock cannot be analysed, because getting declared methods crashes with RuntimeException: Attempted to load class net/minecraft/client/renderer/block/model/BlockModel for invalid dist DEDICATED_SERVER. This is usually caused by modded entities declaring methods that have a return type or parameter type that is annotated with @OnlyIn(Dist.CLIENT). Loading the type is not possible, because it only exists in the CLIENT environment. The recommended fix is to annotate the method with this argument or return type with the same annotation. Lithium handles this error by assuming the class cannot be included in some optimizations.
[07Apr2025 12:30:20.816] [main/ERROR] [net.minecraftforge.fml.loading.RuntimeDistCleaner/DISTXFORM]: Attempted to load class net/minecraft/client/renderer/block/model/BlockModel for invalid dist DEDICATED_SERVER
[07Apr2025 12:30:20.816] [main/WARN] [Radium Class Analysis/]: Radium Class Analysis Error: Class org.betterx.bclib.blocks.BaseBlock cannot be analysed, because getting declared methods crashes with RuntimeException: Attempted to load class net/minecraft/client/renderer/block/model/BlockModel for invalid dist DEDICATED_SERVER. This is usually caused by modded entities declaring methods that have a return type or parameter type that is annotated with @OnlyIn(Dist.CLIENT). Loading the type is not possible, because it only exists in the CLIENT environment. The recommended fix is to annotate the method with this argument or return type with the same annotation. Lithium handles this error by assuming the class cannot be included in some optimizations.
[07Apr2025 12:30:20.817] [main/ERROR] [net.minecraftforge.fml.loading.RuntimeDistCleaner/DISTXFORM]: Attempted to load class net/minecraft/client/renderer/block/model/BlockModel for invalid dist DEDICATED_SERVER
[07Apr2025 12:30:20.817] [main/WARN] [Radium Class Analysis/]: Radium Class Analysis Error: Class org.betterx.bclib.blocks.BaseBlock cannot be analysed, because getting declared methods crashes with RuntimeException: Attempted to load class net/minecraft/client/renderer/block/model/BlockModel for invalid dist DEDICATED_SERVER. This is usually caused by modded entities declaring methods that have a return type or parameter type that is annotated with @OnlyIn(Dist.CLIENT). Loading the type is not possible, because it only exists in the CLIENT environment. The recommended fix is to annotate the method with this argument or return type with the same annotation. Lithium handles this error by assuming the class cannot be included in some optimizations.
[07Apr2025 12:30:20.820] [main/ERROR] [net.minecraftforge.fml.loading.RuntimeDistCleaner/DISTXFORM]: Attempted to load class net/minecraft/client/renderer/block/model/BlockModel for invalid dist DEDICATED_SERVER
[07Apr2025 12:30:20.821] [main/WARN] [Radium Class Analysis/]: Radium Class Analysis Error: Class org.betterx.bclib.blocks.BaseBlock cannot be analysed, because getting declared methods crashes with RuntimeException: Attempted to load class net/minecraft/client/renderer/block/model/BlockModel for invalid dist DEDICATED_SERVER. This is usually caused by modded entities declaring methods that have a return type or parameter type that is annotated with @OnlyIn(Dist.CLIENT). Loading the type is not possible, because it only exists in the CLIENT environment. The recommended fix is to annotate the method with this argument or return type with the same annotation. Lithium handles this error by assuming the class cannot be included in some optimizations.
[07Apr2025 12:30:20.821] [main/ERROR] [net.minecraftforge.fml.loading.RuntimeDistCleaner/DISTXFORM]: Attempted to load class net/minecraft/client/renderer/block/model/BlockModel for invalid dist DEDICATED_SERVER
[07Apr2025 12:30:20.821] [main/WARN] [Radium Class Analysis/]: Radium Class Analysis Error: Class org.betterx.bclib.blocks.BaseBlock cannot be analysed, because getting declared methods crashes with RuntimeException: Attempted to load class net/minecraft/client/renderer/block/model/BlockModel for invalid dist DEDICATED_SERVER. This is usually caused by modded entities declaring methods that have a return type or parameter type that is annotated with @OnlyIn(Dist.CLIENT). Loading the type is not possible, because it only exists in the CLIENT environment. The recommended fix is to annotate the method with this argument or return type with the same annotation. Lithium handles this error by assuming the class cannot be included in some optimizations.
[07Apr2025 12:30:20.826] [main/ERROR] [net.minecraftforge.fml.loading.RuntimeDistCleaner/DISTXFORM]: Attempted to load class net/minecraft/client/renderer/block/model/BlockModel for invalid dist DEDICATED_SERVER
[07Apr2025 12:30:20.826] [main/WARN] [Radium Class Analysis/]: Radium Class Analysis Error: Class org.betterx.bclib.blocks.BaseBlock cannot be analysed, because getting declared methods crashes with RuntimeException: Attempted to load class net/minecraft/client/renderer/block/model/BlockModel for invalid dist DEDICATED_SERVER. This is usually caused by modded entities declaring methods that have a return type or parameter type that is annotated with @OnlyIn(Dist.CLIENT). Loading the type is not possible, because it only exists in the CLIENT environment. The recommended fix is to annotate the method with this argument or return type with the same annotation. Lithium handles this error by assuming the class cannot be included in some optimizations.
[07Apr2025 12:30:20.826] [main/ERROR] [net.minecraftforge.fml.loading.RuntimeDistCleaner/DISTXFORM]: Attempted to load class net/minecraft/client/renderer/block/model/BlockModel for invalid dist DEDICATED_SERVER
[07Apr2025 12:30:20.826] [main/WARN] [Radium Class Analysis/]: Radium Class Analysis Error: Class org.betterx.bclib.blocks.BaseBlock cannot be analysed, because getting declared methods crashes with RuntimeException: Attempted to load class net/minecraft/client/renderer/block/model/BlockModel for invalid dist DEDICATED_SERVER. This is usually caused by modded entities declaring methods that have a return type or parameter type that is annotated with @OnlyIn(Dist.CLIENT). Loading the type is not possible, because it only exists in the CLIENT environment. The recommended fix is to annotate the method with this argument or return type with the same annotation. Lithium handles this error by assuming the class cannot be included in some optimizations.
[07Apr2025 12:30:20.827] [main/ERROR] [net.minecraftforge.fml.loading.RuntimeDistCleaner/DISTXFORM]: Attempted to load class net/minecraft/client/renderer/block/model/BlockModel for invalid dist DEDICATED_SERVER
[07Apr2025 12:30:20.828] [main/WARN] [Radium Class Analysis/]: Radium Class Analysis Error: Class org.betterx.bclib.blocks.BaseBlock cannot be analysed, because getting declared methods crashes with RuntimeException: Attempted to load class net/minecraft/client/renderer/block/model/BlockModel for invalid dist DEDICATED_SERVER. This is usually caused by modded entities declaring methods that have a return type or parameter type that is annotated with @OnlyIn(Dist.CLIENT). Loading the type is not possible, because it only exists in the CLIENT environment. The recommended fix is to annotate the method with this argument or return type with the same annotation. Lithium handles this error by assuming the class cannot be included in some optimizations.
[07Apr2025 12:30:20.828] [main/ERROR] [net.minecraftforge.fml.loading.RuntimeDistCleaner/DISTXFORM]: Attempted to load class net/minecraft/client/renderer/block/model/BlockModel for invalid dist DEDICATED_SERVER
[07Apr2025 12:30:20.828] [main/WARN] [Radium Class Analysis/]: Radium Class Analysis Error: Class org.betterx.bclib.blocks.BaseBlock cannot be analysed, because getting declared methods crashes with RuntimeException: Attempted to load class net/minecraft/client/renderer/block/model/BlockModel for invalid dist DEDICATED_SERVER. This is usually caused by modded entities declaring methods that have a return type or parameter type that is annotated with @OnlyIn(Dist.CLIENT). Loading the type is not possible, because it only exists in the CLIENT environment. The recommended fix is to annotate the method with this argument or return type with the same annotation. Lithium handles this error by assuming the class cannot be included in some optimizations.
[07Apr2025 12:30:20.829] [main/ERROR] [net.minecraftforge.fml.loading.RuntimeDistCleaner/DISTXFORM]: Attempted to load class net/minecraft/client/renderer/block/model/BlockModel for invalid dist DEDICATED_SERVER
[07Apr2025 12:30:20.829] [main/WARN] [Radium Class Analysis/]: Radium Class Analysis Error: Class org.betterx.bclib.blocks.BaseBlock cannot be analysed, because getting declared methods crashes with RuntimeException: Attempted to load class net/minecraft/client/renderer/block/model/BlockModel for invalid dist DEDICATED_SERVER. This is usually caused by modded entities declaring methods that have a return type or parameter type that is annotated with @OnlyIn(Dist.CLIENT). Loading the type is not possible, because it only exists in the CLIENT environment. The recommended fix is to annotate the method with this argument or return type with the same annotation. Lithium handles this error by assuming the class cannot be included in some optimizations.
[07Apr2025 12:30:20.830] [main/ERROR] [net.minecraftforge.fml.loading.RuntimeDistCleaner/DISTXFORM]: Attempted to load class net/minecraft/client/renderer/block/model/BlockModel for invalid dist DEDICATED_SERVER
[07Apr2025 12:30:20.830] [main/WARN] [Radium Class Analysis/]: Radium Class Analysis Error: Class org.betterx.bclib.blocks.BaseBlock cannot be analysed, because getting declared methods crashes with RuntimeException: Attempted to load class net/minecraft/client/renderer/block/model/BlockModel for invalid dist DEDICATED_SERVER. This is usually caused by modded entities declaring methods that have a return type or parameter type that is annotated with @OnlyIn(Dist.CLIENT). Loading the type is not possible, because it only exists in the CLIENT environment. The recommended fix is to annotate the method with this argument or return type with the same annotation. Lithium handles this error by assuming the class cannot be included in some optimizations.
[07Apr2025 12:30:20.831] [main/ERROR] [net.minecraftforge.fml.loading.RuntimeDistCleaner/DISTXFORM]: Attempted to load class net/minecraft/client/renderer/block/model/BlockModel for invalid dist DEDICATED_SERVER
[07Apr2025 12:30:20.831] [main/WARN] [Radium Class Analysis/]: Radium Class Analysis Error: Class org.betterx.bclib.blocks.BaseBlock cannot be analysed, because getting declared methods crashes with RuntimeException: Attempted to load class net/minecraft/client/renderer/block/model/BlockModel for invalid dist DEDICATED_SERVER. This is usually caused by modded entities declaring methods that have a return type or parameter type that is annotated with @OnlyIn(Dist.CLIENT). Loading the type is not possible, because it only exists in the CLIENT environment. The recommended fix is to annotate the method with this argument or return type with the same annotation. Lithium handles this error by assuming the class cannot be included in some optimizations.
[07Apr2025 12:30:20.832] [main/ERROR] [net.minecraftforge.fml.loading.RuntimeDistCleaner/DISTXFORM]: Attempted to load class net/minecraft/client/renderer/block/model/BlockModel for invalid dist DEDICATED_SERVER
[07Apr2025 12:30:20.832] [main/WARN] [Radium Class Analysis/]: Radium Class Analysis Error: Class org.betterx.bclib.blocks.BaseBlock cannot be analysed, because getting declared methods crashes with RuntimeException: Attempted to load class net/minecraft/client/renderer/block/model/BlockModel for invalid dist DEDICATED_SERVER. This is usually caused by modded entities declaring methods that have a return type or parameter type that is annotated with @OnlyIn(Dist.CLIENT). Loading the type is not possible, because it only exists in the CLIENT environment. The recommended fix is to annotate the method with this argument or return type with the same annotation. Lithium handles this error by assuming the class cannot be included in some optimizations.
[07Apr2025 12:30:20.833] [main/ERROR] [net.minecraftforge.fml.loading.RuntimeDistCleaner/DISTXFORM]: Attempted to load class net/minecraft/client/renderer/block/model/BlockModel for invalid dist DEDICATED_SERVER
[07Apr2025 12:30:20.833] [main/WARN] [Radium Class Analysis/]: Radium Class Analysis Error: Class org.betterx.bclib.blocks.BaseBlock cannot be analysed, because getting declared methods crashes with RuntimeException: Attempted to load class net/minecraft/client/renderer/block/model/BlockModel for invalid dist DEDICATED_SERVER. This is usually caused by modded entities declaring methods that have a return type or parameter type that is annotated with @OnlyIn(Dist.CLIENT). Loading the type is not possible, because it only exists in the CLIENT environment. The recommended fix is to annotate the method with this argument or return type with the same annotation. Lithium handles this error by assuming the class cannot be included in some optimizations.
[07Apr2025 12:30:20.833] [main/ERROR] [net.minecraftforge.fml.loading.RuntimeDistCleaner/DISTXFORM]: Attempted to load class net/minecraft/client/renderer/block/model/BlockModel for invalid dist DEDICATED_SERVER
[07Apr2025 12:30:20.834] [main/WARN] [Radium Class Analysis/]: Radium Class Analysis Error: Class org.betterx.bclib.blocks.BaseBlock cannot be analysed, because getting declared methods crashes with RuntimeException: Attempted to load class net/minecraft/client/renderer/block/model/BlockModel for invalid dist DEDICATED_SERVER. This is usually caused by modded entities declaring methods that have a return type or parameter type that is annotated with @OnlyIn(Dist.CLIENT). Loading the type is not possible, because it only exists in the CLIENT environment. The recommended fix is to annotate the method with this argument or return type with the same annotation. Lithium handles this error by assuming the class cannot be included in some optimizations.
[07Apr2025 12:30:20.835] [main/ERROR] [net.minecraftforge.fml.loading.RuntimeDistCleaner/DISTXFORM]: Attempted to load class net/minecraft/client/renderer/block/model/BlockModel for invalid dist DEDICATED_SERVER
[07Apr2025 12:30:20.835] [main/WARN] [Radium Class Analysis/]: Radium Class Analysis Error: Class org.betterx.bclib.blocks.BaseBlock cannot be analysed, because getting declared methods crashes with RuntimeException: Attempted to load class net/minecraft/client/renderer/block/model/BlockModel for invalid dist DEDICATED_SERVER. This is usually caused by modded entities declaring methods that have a return type or parameter type that is annotated with @OnlyIn(Dist.CLIENT). Loading the type is not possible, because it only exists in the CLIENT environment. The recommended fix is to annotate the method with this argument or return type with the same annotation. Lithium handles this error by assuming the class cannot be included in some optimizations.
[07Apr2025 12:30:20.835] [main/ERROR] [net.minecraftforge.fml.loading.RuntimeDistCleaner/DISTXFORM]: Attempted to load class net/minecraft/client/renderer/block/model/BlockModel for invalid dist DEDICATED_SERVER
[07Apr2025 12:30:20.836] [main/WARN] [Radium Class Analysis/]: Radium Class Analysis Error: Class org.betterx.bclib.blocks.BaseBlock cannot be analysed, because getting declared methods crashes with RuntimeException: Attempted to load class net/minecraft/client/renderer/block/model/BlockModel for invalid dist DEDICATED_SERVER. This is usually caused by modded entities declaring methods that have a return type or parameter type that is annotated with @OnlyIn(Dist.CLIENT). Loading the type is not possible, because it only exists in the CLIENT environment. The recommended fix is to annotate the method with this argument or return type with the same annotation. Lithium handles this error by assuming the class cannot be included in some optimizations.
[07Apr2025 12:30:20.836] [main/ERROR] [net.minecraftforge.fml.loading.RuntimeDistCleaner/DISTXFORM]: Attempted to load class net/minecraft/client/renderer/block/model/BlockModel for invalid dist DEDICATED_SERVER
[07Apr2025 12:30:20.836] [main/WARN] [Radium Class Analysis/]: Radium Class Analysis Error: Class org.betterx.bclib.blocks.BaseBlock cannot be analysed, because getting declared methods crashes with RuntimeException: Attempted to load class net/minecraft/client/renderer/block/model/BlockModel for invalid dist DEDICATED_SERVER. This is usually caused by modded entities declaring methods that have a return type or parameter type that is annotated with @OnlyIn(Dist.CLIENT). Loading the type is not possible, because it only exists in the CLIENT environment. The recommended fix is to annotate the method with this argument or return type with the same annotation. Lithium handles this error by assuming the class cannot be included in some optimizations.
[07Apr2025 12:30:20.837] [main/ERROR] [net.minecraftforge.fml.loading.RuntimeDistCleaner/DISTXFORM]: Attempted to load class net/minecraft/client/renderer/block/model/BlockModel for invalid dist DEDICATED_SERVER
[07Apr2025 12:30:20.837] [main/WARN] [Radium Class Analysis/]: Radium Class Analysis Error: Class org.betterx.bclib.blocks.BaseBlock cannot be analysed, because getting declared methods crashes with RuntimeException: Attempted to load class net/minecraft/client/renderer/block/model/BlockModel for invalid dist DEDICATED_SERVER. This is usually caused by modded entities declaring methods that have a return type or parameter type that is annotated with @OnlyIn(Dist.CLIENT). Loading the type is not possible, because it only exists in the CLIENT environment. The recommended fix is to annotate the method with this argument or return type with the same annotation. Lithium handles this error by assuming the class cannot be included in some optimizations.
[07Apr2025 12:30:20.920] [main/ERROR] [net.minecraftforge.fml.loading.RuntimeDistCleaner/DISTXFORM]: Attempted to load class net/minecraft/client/renderer/block/model/BlockModel for invalid dist DEDICATED_SERVER
[07Apr2025 12:30:20.920] [main/WARN] [Radium Class Analysis/]: Radium Class Analysis Error: Class org.betterx.bclib.blocks.BaseBlock cannot be analysed, because getting declared methods crashes with RuntimeException: Attempted to load class net/minecraft/client/renderer/block/model/BlockModel for invalid dist DEDICATED_SERVER. This is usually caused by modded entities declaring methods that have a return type or parameter type that is annotated with @OnlyIn(Dist.CLIENT). Loading the type is not possible, because it only exists in the CLIENT environment. The recommended fix is to annotate the method with this argument or return type with the same annotation. Lithium handles this error by assuming the class cannot be included in some optimizations.
[07Apr2025 12:30:20.921] [main/ERROR] [net.minecraftforge.fml.loading.RuntimeDistCleaner/DISTXFORM]: Attempted to load class net/minecraft/client/renderer/block/model/BlockModel for invalid dist DEDICATED_SERVER
[07Apr2025 12:30:20.922] [main/WARN] [Radium Class Analysis/]: Radium Class Analysis Error: Class org.betterx.bclib.blocks.BaseBlock cannot be analysed, because getting declared methods crashes with RuntimeException: Attempted to load class net/minecraft/client/renderer/block/model/BlockModel for invalid dist DEDICATED_SERVER. This is usually caused by modded entities declaring methods that have a return type or parameter type that is annotated with @OnlyIn(Dist.CLIENT). Loading the type is not possible, because it only exists in the CLIENT environment. The recommended fix is to annotate the method with this argument or return type with the same annotation. Lithium handles this error by assuming the class cannot be included in some optimizations.
[07Apr2025 12:30:20.924] [main/ERROR] [net.minecraftforge.fml.loading.RuntimeDistCleaner/DISTXFORM]: Attempted to load class net/minecraft/client/renderer/block/model/BlockModel for invalid dist DEDICATED_SERVER
[07Apr2025 12:30:20.924] [main/WARN] [Radium Class Analysis/]: Radium Class Analysis Error: Class org.betterx.bclib.blocks.BaseBlock cannot be analysed, because getting declared methods crashes with RuntimeException: Attempted to load class net/minecraft/client/renderer/block/model/BlockModel for invalid dist DEDICATED_SERVER. This is usually caused by modded entities declaring methods that have a return type or parameter type that is annotated with @OnlyIn(Dist.CLIENT). Loading the type is not possible, because it only exists in the CLIENT environment. The recommended fix is to annotate the method with this argument or return type with the same annotation. Lithium handles this error by assuming the class cannot be included in some optimizations.
[07Apr2025 12:30:20.925] [main/ERROR] [net.minecraftforge.fml.loading.RuntimeDistCleaner/DISTXFORM]: Attempted to load class net/minecraft/client/renderer/block/model/BlockModel for invalid dist DEDICATED_SERVER
[07Apr2025 12:30:20.925] [main/WARN] [Radium Class Analysis/]: Radium Class Analysis Error: Class org.betterx.bclib.blocks.BaseBlock cannot be analysed, because getting declared methods crashes with RuntimeException: Attempted to load class net/minecraft/client/renderer/block/model/BlockModel for invalid dist DEDICATED_SERVER. This is usually caused by modded entities declaring methods that have a return type or parameter type that is annotated with @OnlyIn(Dist.CLIENT). Loading the type is not possible, because it only exists in the CLIENT environment. The recommended fix is to annotate the method with this argument or return type with the same annotation. Lithium handles this error by assuming the class cannot be included in some optimizations.
[07Apr2025 12:30:20.927] [main/ERROR] [net.minecraftforge.fml.loading.RuntimeDistCleaner/DISTXFORM]: Attempted to load class net/minecraft/client/renderer/block/model/BlockModel for invalid dist DEDICATED_SERVER
[07Apr2025 12:30:20.927] [main/WARN] [Radium Class Analysis/]: Radium Class Analysis Error: Class org.betterx.bclib.blocks.BaseBlock cannot be analysed, because getting declared methods crashes with RuntimeException: Attempted to load class net/minecraft/client/renderer/block/model/BlockModel for invalid dist DEDICATED_SERVER. This is usually caused by modded entities declaring methods that have a return type or parameter type that is annotated with @OnlyIn(Dist.CLIENT). Loading the type is not possible, because it only exists in the CLIENT environment. The recommended fix is to annotate the method with this argument or return type with the same annotation. Lithium handles this error by assuming the class cannot be included in some optimizations.
[07Apr2025 12:30:20.927] [main/ERROR] [net.minecraftforge.fml.loading.RuntimeDistCleaner/DISTXFORM]: Attempted to load class net/minecraft/client/renderer/block/model/BlockModel for invalid dist DEDICATED_SERVER
[07Apr2025 12:30:20.928] [main/WARN] [Radium Class Analysis/]: Radium Class Analysis Error: Class org.betterx.bclib.blocks.BaseBlock cannot be analysed, because getting declared methods crashes with RuntimeException: Attempted to load class net/minecraft/client/renderer/block/model/BlockModel for invalid dist DEDICATED_SERVER. This is usually caused by modded entities declaring methods that have a return type or parameter type that is annotated with @OnlyIn(Dist.CLIENT). Loading the type is not possible, because it only exists in the CLIENT environment. The recommended fix is to annotate the method with this argument or return type with the same annotation. Lithium handles this error by assuming the class cannot be included in some optimizations.
[07Apr2025 12:30:20.929] [main/ERROR] [net.minecraftforge.fml.loading.RuntimeDistCleaner/DISTXFORM]: Attempted to load class net/minecraft/client/renderer/block/model/BlockModel for invalid dist DEDICATED_SERVER
[07Apr2025 12:30:20.929] [main/WARN] [Radium Class Analysis/]: Radium Class Analysis Error: Class org.betterx.bclib.blocks.BaseBlock cannot be analysed, because getting declared methods crashes with RuntimeException: Attempted to load class net/minecraft/client/renderer/block/model/BlockModel for invalid dist DEDICATED_SERVER. This is usually caused by modded entities declaring methods that have a return type or parameter type that is annotated with @OnlyIn(Dist.CLIENT). Loading the type is not possible, because it only exists in the CLIENT environment. The recommended fix is to annotate the method with this argument or return type with the same annotation. Lithium handles this error by assuming the class cannot be included in some optimizations.
[07Apr2025 12:30:20.929] [main/ERROR] [net.minecraftforge.fml.loading.RuntimeDistCleaner/DISTXFORM]: Attempted to load class net/minecraft/client/renderer/block/model/BlockModel for invalid dist DEDICATED_SERVER
[07Apr2025 12:30:20.930] [main/WARN] [Radium Class Analysis/]: Radium Class Analysis Error: Class org.betterx.bclib.blocks.BaseBlock cannot be analysed, because getting declared methods crashes with RuntimeException: Attempted to load class net/minecraft/client/renderer/block/model/BlockModel for invalid dist DEDICATED_SERVER. This is usually caused by modded entities declaring methods that have a return type or parameter type that is annotated with @OnlyIn(Dist.CLIENT). Loading the type is not possible, because it only exists in the CLIENT environment. The recommended fix is to annotate the method with this argument or return type with the same annotation. Lithium handles this error by assuming the class cannot be included in some optimizations.
[07Apr2025 12:30:20.931] [main/ERROR] [net.minecraftforge.fml.loading.RuntimeDistCleaner/DISTXFORM]: Attempted to load class net/minecraft/client/renderer/block/model/BlockModel for invalid dist DEDICATED_SERVER
[07Apr2025 12:30:20.931] [main/WARN] [Radium Class Analysis/]: Radium Class Analysis Error: Class org.betterx.bclib.blocks.BaseBlock cannot be analysed, because getting declared methods crashes with RuntimeException: Attempted to load class net/minecraft/client/renderer/block/model/BlockModel for invalid dist DEDICATED_SERVER. This is usually caused by modded entities declaring methods that have a return type or parameter type that is annotated with @OnlyIn(Dist.CLIENT). Loading the type is not possible, because it only exists in the CLIENT environment. The recommended fix is to annotate the method with this argument or return type with the same annotation. Lithium handles this error by assuming the class cannot be included in some optimizations.
[07Apr2025 12:30:20.932] [main/ERROR] [net.minecraftforge.fml.loading.RuntimeDistCleaner/DISTXFORM]: Attempted to load class net/minecraft/client/renderer/block/model/BlockModel for invalid dist DEDICATED_SERVER
[07Apr2025 12:30:20.932] [main/WARN] [Radium Class Analysis/]: Radium Class Analysis Error: Class org.betterx.bclib.blocks.BaseBlock cannot be analysed, because getting declared methods crashes with RuntimeException: Attempted to load class net/minecraft/client/renderer/block/model/BlockModel for invalid dist DEDICATED_SERVER. This is usually caused by modded entities declaring methods that have a return type or parameter type that is annotated with @OnlyIn(Dist.CLIENT). Loading the type is not possible, because it only exists in the CLIENT environment. The recommended fix is to annotate the method with this argument or return type with the same annotation. Lithium handles this error by assuming the class cannot be included in some optimizations.
[07Apr2025 12:30:20.933] [main/ERROR] [net.minecraftforge.fml.loading.RuntimeDistCleaner/DISTXFORM]: Attempted to load class net/minecraft/client/renderer/block/model/BlockModel for invalid dist DEDICATED_SERVER
[07Apr2025 12:30:20.933] [main/WARN] [Radium Class Analysis/]: Radium Class Analysis Error: Class org.betterx.bclib.blocks.BaseBlock cannot be analysed, because getting declared methods crashes with RuntimeException: Attempted to load class net/minecraft/client/renderer/block/model/BlockModel for invalid dist DEDICATED_SERVER. This is usually caused by modded entities declaring methods that have a return type or parameter type that is annotated with @OnlyIn(Dist.CLIENT). Loading the type is not possible, because it only exists in the CLIENT environment. The recommended fix is to annotate the method with this argument or return type with the same annotation. Lithium handles this error by assuming the class cannot be included in some optimizations.
[07Apr2025 12:30:20.934] [main/ERROR] [net.minecraftforge.fml.loading.RuntimeDistCleaner/DISTXFORM]: Attempted to load class net/minecraft/client/renderer/block/model/BlockModel for invalid dist DEDICATED_SERVER
[07Apr2025 12:30:20.934] [main/WARN] [Radium Class Analysis/]: Radium Class Analysis Error: Class org.betterx.bclib.blocks.BaseBlock cannot be analysed, because getting declared methods crashes with RuntimeException: Attempted to load class net/minecraft/client/renderer/block/model/BlockModel for invalid dist DEDICATED_SERVER. This is usually caused by modded entities declaring methods that have a return type or parameter type that is annotated with @OnlyIn(Dist.CLIENT). Loading the type is not possible, because it only exists in the CLIENT environment. The recommended fix is to annotate the method with this argument or return type with the same annotation. Lithium handles this error by assuming the class cannot be included in some optimizations.
[07Apr2025 12:30:20.935] [main/ERROR] [net.minecraftforge.fml.loading.RuntimeDistCleaner/DISTXFORM]: Attempted to load class net/minecraft/client/renderer/block/model/BlockModel for invalid dist DEDICATED_SERVER
[07Apr2025 12:30:20.935] [main/WARN] [Radium Class Analysis/]: Radium Class Analysis Error: Class org.betterx.bclib.blocks.BaseBlock cannot be analysed, because getting declared methods crashes with RuntimeException: Attempted to load class net/minecraft/client/renderer/block/model/BlockModel for invalid dist DEDICATED_SERVER. This is usually caused by modded entities declaring methods that have a return type or parameter type that is annotated with @OnlyIn(Dist.CLIENT). Loading the type is not possible, because it only exists in the CLIENT environment. The recommended fix is to annotate the method with this argument or return type with the same annotation. Lithium handles this error by assuming the class cannot be included in some optimizations.
[07Apr2025 12:30:20.936] [main/ERROR] [net.minecraftforge.fml.loading.RuntimeDistCleaner/DISTXFORM]: Attempted to load class net/minecraft/client/renderer/block/model/BlockModel for invalid dist DEDICATED_SERVER
[07Apr2025 12:30:20.936] [main/WARN] [Radium Class Analysis/]: Radium Class Analysis Error: Class org.betterx.bclib.blocks.BaseBlock cannot be analysed, because getting declared methods crashes with RuntimeException: Attempted to load class net/minecraft/client/renderer/block/model/BlockModel for invalid dist DEDICATED_SERVER. This is usually caused by modded entities declaring methods that have a return type or parameter type that is annotated with @OnlyIn(Dist.CLIENT). Loading the type is not possible, because it only exists in the CLIENT environment. The recommended fix is to annotate the method with this argument or return type with the same annotation. Lithium handles this error by assuming the class cannot be included in some optimizations.
[07Apr2025 12:30:20.937] [main/ERROR] [net.minecraftforge.fml.loading.RuntimeDistCleaner/DISTXFORM]: Attempted to load class net/minecraft/client/renderer/block/model/BlockModel for invalid dist DEDICATED_SERVER
[07Apr2025 12:30:20.937] [main/WARN] [Radium Class Analysis/]: Radium Class Analysis Error: Class org.betterx.bclib.blocks.BaseBlock cannot be analysed, because getting declared methods crashes with RuntimeException: Attempted to load class net/minecraft/client/renderer/block/model/BlockModel for invalid dist DEDICATED_SERVER. This is usually caused by modded entities declaring methods that have a return type or parameter type that is annotated with @OnlyIn(Dist.CLIENT). Loading the type is not possible, because it only exists in the CLIENT environment. The recommended fix is to annotate the method with this argument or return type with the same annotation. Lithium handles this error by assuming the class cannot be included in some optimizations.
[07Apr2025 12:30:20.938] [main/ERROR] [net.minecraftforge.fml.loading.RuntimeDistCleaner/DISTXFORM]: Attempted to load class net/minecraft/client/renderer/block/model/BlockModel for invalid dist DEDICATED_SERVER
[07Apr2025 12:30:20.938] [main/WARN] [Radium Class Analysis/]: Radium Class Analysis Error: Class org.betterx.bclib.blocks.BaseBlock cannot be analysed, because getting declared methods crashes with RuntimeException: Attempted to load class net/minecraft/client/renderer/block/model/BlockModel for invalid dist DEDICATED_SERVER. This is usually caused by modded entities declaring methods that have a return type or parameter type that is annotated with @OnlyIn(Dist.CLIENT). Loading the type is not possible, because it only exists in the CLIENT environment. The recommended fix is to annotate the method with this argument or return type with the same annotation. Lithium handles this error by assuming the class cannot be included in some optimizations.
[07Apr2025 12:30:20.939] [main/ERROR] [net.minecraftforge.fml.loading.RuntimeDistCleaner/DISTXFORM]: Attempted to load class net/minecraft/client/renderer/block/model/BlockModel for invalid dist DEDICATED_SERVER
[07Apr2025 12:30:20.939] [main/WARN] [Radium Class Analysis/]: Radium Class Analysis Error: Class org.betterx.bclib.blocks.BaseBlock cannot be analysed, because getting declared methods crashes with RuntimeException: Attempted to load class net/minecraft/client/renderer/block/model/BlockModel for invalid dist DEDICATED_SERVER. This is usually caused by modded entities declaring methods that have a return type or parameter type that is annotated with @OnlyIn(Dist.CLIENT). Loading the type is not possible, because it only exists in the CLIENT environment. The recommended fix is to annotate the method with this argument or return type with the same annotation. Lithium handles this error by assuming the class cannot be included in some optimizations.
[07Apr2025 12:30:20.940] [main/ERROR] [net.minecraftforge.fml.loading.RuntimeDistCleaner/DISTXFORM]: Attempted to load class net/minecraft/client/renderer/block/model/BlockModel for invalid dist DEDICATED_SERVER
[07Apr2025 12:30:20.940] [main/WARN] [Radium Class Analysis/]: Radium Class Analysis Error: Class org.betterx.bclib.blocks.BaseBlock cannot be analysed, because getting declared methods crashes with RuntimeException: Attempted to load class net/minecraft/client/renderer/block/model/BlockModel for invalid dist DEDICATED_SERVER. This is usually caused by modded entities declaring methods that have a return type or parameter type that is annotated with @OnlyIn(Dist.CLIENT). Loading the type is not possible, because it only exists in the CLIENT environment. The recommended fix is to annotate the method with this argument or return type with the same annotation. Lithium handles this error by assuming the class cannot be included in some optimizations.
[07Apr2025 12:30:20.942] [main/ERROR] [net.minecraftforge.fml.loading.RuntimeDistCleaner/DISTXFORM]: Attempted to load class net/minecraft/client/renderer/block/model/BlockModel for invalid dist DEDICATED_SERVER
[07Apr2025 12:30:20.943] [main/WARN] [Radium Class Analysis/]: Radium Class Analysis Error: Class org.betterx.bclib.blocks.BaseBlock cannot be analysed, because getting declared methods crashes with RuntimeException: Attempted to load class net/minecraft/client/renderer/block/model/BlockModel for invalid dist DEDICATED_SERVER. This is usually caused by modded entities declaring methods that have a return type or parameter type that is annotated with @OnlyIn(Dist.CLIENT). Loading the type is not possible, because it only exists in the CLIENT environment. The recommended fix is to annotate the method with this argument or return type with the same annotation. Lithium handles this error by assuming the class cannot be included in some optimizations.
[07Apr2025 12:30:20.943] [main/ERROR] [net.minecraftforge.fml.loading.RuntimeDistCleaner/DISTXFORM]: Attempted to load class net/minecraft/client/renderer/block/model/BlockModel for invalid dist DEDICATED_SERVER
[07Apr2025 12:30:20.943] [main/WARN] [Radium Class Analysis/]: Radium Class Analysis Error: Class org.betterx.bclib.blocks.BaseBlock cannot be analysed, because getting declared methods crashes with RuntimeException: Attempted to load class net/minecraft/client/renderer/block/model/BlockModel for invalid dist DEDICATED_SERVER. This is usually caused by modded entities declaring methods that have a return type or parameter type that is annotated with @OnlyIn(Dist.CLIENT). Loading the type is not possible, because it only exists in the CLIENT environment. The recommended fix is to annotate the method with this argument or return type with the same annotation. Lithium handles this error by assuming the class cannot be included in some optimizations.
[07Apr2025 12:30:20.946] [main/ERROR] [net.minecraftforge.fml.loading.RuntimeDistCleaner/DISTXFORM]: Attempted to load class net/minecraft/client/renderer/block/model/BlockModel for invalid dist DEDICATED_SERVER
[07Apr2025 12:30:20.946] [main/WARN] [Radium Class Analysis/]: Radium Class Analysis Error: Class org.betterx.bclib.blocks.BaseBlock cannot be analysed, because getting declared methods crashes with RuntimeException: Attempted to load class net/minecraft/client/renderer/block/model/BlockModel for invalid dist DEDICATED_SERVER. This is usually caused by modded entities declaring methods that have a return type or parameter type that is annotated with @OnlyIn(Dist.CLIENT). Loading the type is not possible, because it only exists in the CLIENT environment. The recommended fix is to annotate the method with this argument or return type with the same annotation. Lithium handles this error by assuming the class cannot be included in some optimizations.
[07Apr2025 12:30:20.946] [main/ERROR] [net.minecraftforge.fml.loading.RuntimeDistCleaner/DISTXFORM]: Attempted to load class net/minecraft/client/renderer/block/model/BlockModel for invalid dist DEDICATED_SERVER
[07Apr2025 12:30:20.946] [main/WARN] [Radium Class Analysis/]: Radium Class Analysis Error: Class org.betterx.bclib.blocks.BaseBlock cannot be analysed, because getting declared methods crashes with RuntimeException: Attempted to load class net/minecraft/client/renderer/block/model/BlockModel for invalid dist DEDICATED_SERVER. This is usually caused by modded entities declaring methods that have a return type or parameter type that is annotated with @OnlyIn(Dist.CLIENT). Loading the type is not possible, because it only exists in the CLIENT environment. The recommended fix is to annotate the method with this argument or return type with the same annotation. Lithium handles this error by assuming the class cannot be included in some optimizations.
[07Apr2025 12:30:20.947] [main/ERROR] [net.minecraftforge.fml.loading.RuntimeDistCleaner/DISTXFORM]: Attempted to load class net/minecraft/client/renderer/block/model/BlockModel for invalid dist DEDICATED_SERVER
[07Apr2025 12:30:20.947] [main/WARN] [Radium Class Analysis/]: Radium Class Analysis Error: Class org.betterx.bclib.blocks.BaseBlock cannot be analysed, because getting declared methods crashes with RuntimeException: Attempted to load class net/minecraft/client/renderer/block/model/BlockModel for invalid dist DEDICATED_SERVER. This is usually caused by modded entities declaring methods that have a return type or parameter type that is annotated with @OnlyIn(Dist.CLIENT). Loading the type is not possible, because it only exists in the CLIENT environment. The recommended fix is to annotate the method with this argument or return type with the same annotation. Lithium handles this error by assuming the class cannot be included in some optimizations.
[07Apr2025 12:30:20.948] [main/ERROR] [net.minecraftforge.fml.loading.RuntimeDistCleaner/DISTXFORM]: Attempted to load class net/minecraft/client/renderer/block/model/BlockModel for invalid dist DEDICATED_SERVER
[07Apr2025 12:30:20.948] [main/WARN] [Radium Class Analysis/]: Radium Class Analysis Error: Class org.betterx.bclib.blocks.BaseBlock cannot be analysed, because getting declared methods crashes with RuntimeException: Attempted to load class net/minecraft/client/renderer/block/model/BlockModel for invalid dist DEDICATED_SERVER. This is usually caused by modded entities declaring methods that have a return type or parameter type that is annotated with @OnlyIn(Dist.CLIENT). Loading the type is not possible, because it only exists in the CLIENT environment. The recommended fix is to annotate the method with this argument or return type with the same annotation. Lithium handles this error by assuming the class cannot be included in some optimizations.
[07Apr2025 12:30:20.949] [main/ERROR] [net.minecraftforge.fml.loading.RuntimeDistCleaner/DISTXFORM]: Attempted to load class net/minecraft/client/renderer/block/model/BlockModel for invalid dist DEDICATED_SERVER
[07Apr2025 12:30:20.949] [main/WARN] [Radium Class Analysis/]: Radium Class Analysis Error: Class org.betterx.bclib.blocks.BaseBlock cannot be analysed, because getting declared methods crashes with RuntimeException: Attempted to load class net/minecraft/client/renderer/block/model/BlockModel for invalid dist DEDICATED_SERVER. This is usually caused by modded entities declaring methods that have a return type or parameter type that is annotated with @OnlyIn(Dist.CLIENT). Loading the type is not possible, because it only exists in the CLIENT environment. The recommended fix is to annotate the method with this argument or return type with the same annotation. Lithium handles this error by assuming the class cannot be included in some optimizations.
[07Apr2025 12:30:20.950] [main/ERROR] [net.minecraftforge.fml.loading.RuntimeDistCleaner/DISTXFORM]: Attempted to load class net/minecraft/client/renderer/block/model/BlockModel for invalid dist DEDICATED_SERVER
[07Apr2025 12:30:20.950] [main/WARN] [Radium Class Analysis/]: Radium Class Analysis Error: Class org.betterx.bclib.blocks.BaseBlock cannot be analysed, because getting declared methods crashes with RuntimeException: Attempted to load class net/minecraft/client/renderer/block/model/BlockModel for invalid dist DEDICATED_SERVER. This is usually caused by modded entities declaring methods that have a return type or parameter type that is annotated with @OnlyIn(Dist.CLIENT). Loading the type is not possible, because it only exists in the CLIENT environment. The recommended fix is to annotate the method with this argument or return type with the same annotation. Lithium handles this error by assuming the class cannot be included in some optimizations.
[07Apr2025 12:30:20.951] [main/ERROR] [net.minecraftforge.fml.loading.RuntimeDistCleaner/DISTXFORM]: Attempted to load class net/minecraft/client/renderer/block/model/BlockModel for invalid dist DEDICATED_SERVER
[07Apr2025 12:30:20.951] [main/WARN] [Radium Class Analysis/]: Radium Class Analysis Error: Class org.betterx.bclib.blocks.BaseBlock cannot be analysed, because getting declared methods crashes with RuntimeException: Attempted to load class net/minecraft/client/renderer/block/model/BlockModel for invalid dist DEDICATED_SERVER. This is usually caused by modded entities declaring methods that have a return type or parameter type that is annotated with @OnlyIn(Dist.CLIENT). Loading the type is not possible, because it only exists in the CLIENT environment. The recommended fix is to annotate the method with this argument or return type with the same annotation. Lithium handles this error by assuming the class cannot be included in some optimizations.
[07Apr2025 12:30:20.952] [main/ERROR] [net.minecraftforge.fml.loading.RuntimeDistCleaner/DISTXFORM]: Attempted to load class net/minecraft/client/renderer/block/model/BlockModel for invalid dist DEDICATED_SERVER
[07Apr2025 12:30:20.952] [main/WARN] [Radium Class Analysis/]: Radium Class Analysis Error: Class org.betterx.bclib.blocks.BaseBlock cannot be analysed, because getting declared methods crashes with RuntimeException: Attempted to load class net/minecraft/client/renderer/block/model/BlockModel for invalid dist DEDICATED_SERVER. This is usually caused by modded entities declaring methods that have a return type or parameter type that is annotated with @OnlyIn(Dist.CLIENT). Loading the type is not possible, because it only exists in the CLIENT environment. The recommended fix is to annotate the method with this argument or return type with the same annotation. Lithium handles this error by assuming the class cannot be included in some optimizations.
[07Apr2025 12:30:20.953] [main/ERROR] [net.minecraftforge.fml.loading.RuntimeDistCleaner/DISTXFORM]: Attempted to load class net/minecraft/client/renderer/block/model/BlockModel for invalid dist DEDICATED_SERVER
[07Apr2025 12:30:20.953] [main/WARN] [Radium Class Analysis/]: Radium Class Analysis Error: Class org.betterx.bclib.blocks.BaseBlock cannot be analysed, because getting declared methods crashes with RuntimeException: Attempted to load class net/minecraft/client/renderer/block/model/BlockModel for invalid dist DEDICATED_SERVER. This is usually caused by modded entities declaring methods that have a return type or parameter type that is annotated with @OnlyIn(Dist.CLIENT). Loading the type is not possible, because it only exists in the CLIENT environment. The recommended fix is to annotate the method with this argument or return type with the same annotation. Lithium handles this error by assuming the class cannot be included in some optimizations.
[07Apr2025 12:30:20.953] [main/ERROR] [net.minecraftforge.fml.loading.RuntimeDistCleaner/DISTXFORM]: Attempted to load class net/minecraft/client/renderer/block/model/BlockModel for invalid dist DEDICATED_SERVER
[07Apr2025 12:30:20.954] [main/WARN] [Radium Class Analysis/]: Radium Class Analysis Error: Class org.betterx.bclib.blocks.BaseBlock cannot be analysed, because getting declared methods crashes with RuntimeException: Attempted to load class net/minecraft/client/renderer/block/model/BlockModel for invalid dist DEDICATED_SERVER. This is usually caused by modded entities declaring methods that have a return type or parameter type that is annotated with @OnlyIn(Dist.CLIENT). Loading the type is not possible, because it only exists in the CLIENT environment. The recommended fix is to annotate the method with this argument or return type with the same annotation. Lithium handles this error by assuming the class cannot be included in some optimizations.
[07Apr2025 12:30:20.956] [main/ERROR] [net.minecraftforge.fml.loading.RuntimeDistCleaner/DISTXFORM]: Attempted to load class net/minecraft/client/renderer/block/model/BlockModel for invalid dist DEDICATED_SERVER
[07Apr2025 12:30:20.956] [main/WARN] [Radium Class Analysis/]: Radium Class Analysis Error: Class org.betterx.bclib.blocks.BaseBlock cannot be analysed, because getting declared methods crashes with RuntimeException: Attempted to load class net/minecraft/client/renderer/block/model/BlockModel for invalid dist DEDICATED_SERVER. This is usually caused by modded entities declaring methods that have a return type or parameter type that is annotated with @OnlyIn(Dist.CLIENT). Loading the type is not possible, because it only exists in the CLIENT environment. The recommended fix is to annotate the method with this argument or return type with the same annotation. Lithium handles this error by assuming the class cannot be included in some optimizations.
[07Apr2025 12:30:20.956] [main/ERROR] [net.minecraftforge.fml.loading.RuntimeDistCleaner/DISTXFORM]: Attempted to load class net/minecraft/client/renderer/block/model/BlockModel for invalid dist DEDICATED_SERVER
[07Apr2025 12:30:20.957] [main/WARN] [Radium Class Analysis/]: Radium Class Analysis Error: Class org.betterx.bclib.blocks.BaseBlock cannot be analysed, because getting declared methods crashes with RuntimeException: Attempted to load class net/minecraft/client/renderer/block/model/BlockModel for invalid dist DEDICATED_SERVER. This is usually caused by modded entities declaring methods that have a return type or parameter type that is annotated with @OnlyIn(Dist.CLIENT). Loading the type is not possible, because it only exists in the CLIENT environment. The recommended fix is to annotate the method with this argument or return type with the same annotation. Lithium handles this error by assuming the class cannot be included in some optimizations.
[07Apr2025 12:30:20.957] [main/ERROR] [net.minecraftforge.fml.loading.RuntimeDistCleaner/DISTXFORM]: Attempted to load class net/minecraft/client/renderer/block/model/BlockModel for invalid dist DEDICATED_SERVER
[07Apr2025 12:30:20.958] [main/WARN] [Radium Class Analysis/]: Radium Class Analysis Error: Class org.betterx.bclib.blocks.BaseBlock cannot be analysed, because getting declared methods crashes with RuntimeException: Attempted to load class net/minecraft/client/renderer/block/model/BlockModel for invalid dist DEDICATED_SERVER. This is usually caused by modded entities declaring methods that have a return type or parameter type that is annotated with @OnlyIn(Dist.CLIENT). Loading the type is not possible, because it only exists in the CLIENT environment. The recommended fix is to annotate the method with this argument or return type with the same annotation. Lithium handles this error by assuming the class cannot be included in some optimizations.
[07Apr2025 12:30:20.958] [main/ERROR] [net.minecraftforge.fml.loading.RuntimeDistCleaner/DISTXFORM]: Attempted to load class net/minecraft/client/renderer/block/model/BlockModel for invalid dist DEDICATED_SERVER
[07Apr2025 12:30:20.958] [main/WARN] [Radium Class Analysis/]: Radium Class Analysis Error: Class org.betterx.bclib.blocks.BaseBlock cannot be analysed, because getting declared methods crashes with RuntimeException: Attempted to load class net/minecraft/client/renderer/block/model/BlockModel for invalid dist DEDICATED_SERVER. This is usually caused by modded entities declaring methods that have a return type or parameter type that is annotated with @OnlyIn(Dist.CLIENT). Loading the type is not possible, because it only exists in the CLIENT environment. The recommended fix is to annotate the method with this argument or return type with the same annotation. Lithium handles this error by assuming the class cannot be included in some optimizations.
[07Apr2025 12:30:20.959] [main/ERROR] [net.minecraftforge.fml.loading.RuntimeDistCleaner/DISTXFORM]: Attempted to load class net/minecraft/client/renderer/block/model/BlockModel for invalid dist DEDICATED_SERVER
[07Apr2025 12:30:20.959] [main/WARN] [Radium Class Analysis/]: Radium Class Analysis Error: Class org.betterx.bclib.blocks.BaseBlock cannot be analysed, because getting declared methods crashes with RuntimeException: Attempted to load class net/minecraft/client/renderer/block/model/BlockModel for invalid dist DEDICATED_SERVER. This is usually caused by modded entities declaring methods that have a return type or parameter type that is annotated with @OnlyIn(Dist.CLIENT). Loading the type is not possible, because it only exists in the CLIENT environment. The recommended fix is to annotate the method with this argument or return type with the same annotation. Lithium handles this error by assuming the class cannot be included in some optimizations.
[07Apr2025 12:30:20.960] [main/ERROR] [net.minecraftforge.fml.loading.RuntimeDistCleaner/DISTXFORM]: Attempted to load class net/minecraft/client/renderer/block/model/BlockModel for invalid dist DEDICATED_SERVER
[07Apr2025 12:30:20.960] [main/WARN] [Radium Class Analysis/]: Radium Class Analysis Error: Class org.betterx.bclib.blocks.BaseBlock cannot be analysed, because getting declared methods crashes with RuntimeException: Attempted to load class net/minecraft/client/renderer/block/model/BlockModel for invalid dist DEDICATED_SERVER. This is usually caused by modded entities declaring methods that have a return type or parameter type that is annotated with @OnlyIn(Dist.CLIENT). Loading the type is not possible, because it only exists in the CLIENT environment. The recommended fix is to annotate the method with this argument or return type with the same annotation. Lithium handles this error by assuming the class cannot be included in some optimizations.
[07Apr2025 12:30:20.962] [main/ERROR] [net.minecraftforge.fml.loading.RuntimeDistCleaner/DISTXFORM]: Attempted to load class net/minecraft/client/renderer/block/model/BlockModel for invalid dist DEDICATED_SERVER
[07Apr2025 12:30:20.962] [main/WARN] [Radium Class Analysis/]: Radium Class Analysis Error: Class org.betterx.bclib.blocks.BaseBlock cannot be analysed, because getting declared methods crashes with RuntimeException: Attempted to load class net/minecraft/client/renderer/block/model/BlockModel for invalid dist DEDICATED_SERVER. This is usually caused by modded entities declaring methods that have a return type or parameter type that is annotated with @OnlyIn(Dist.CLIENT). Loading the type is not possible, because it only exists in the CLIENT environment. The recommended fix is to annotate the method with this argument or return type with the same annotation. Lithium handles this error by assuming the class cannot be included in some optimizations.
[07Apr2025 12:30:20.963] [main/ERROR] [net.minecraftforge.fml.loading.RuntimeDistCleaner/DISTXFORM]: Attempted to load class net/minecraft/client/renderer/block/model/BlockModel for invalid dist DEDICATED_SERVER
[07Apr2025 12:30:20.963] [main/WARN] [Radium Class Analysis/]: Radium Class Analysis Error: Class org.betterx.bclib.blocks.BaseBlock cannot be analysed, because getting declared methods crashes with RuntimeException: Attempted to load class net/minecraft/client/renderer/block/model/BlockModel for invalid dist DEDICATED_SERVER. This is usually caused by modded entities declaring methods that have a return type or parameter type that is annotated with @OnlyIn(Dist.CLIENT). Loading the type is not possible, because it only exists in the CLIENT environment. The recommended fix is to annotate the method with this argument or return type with the same annotation. Lithium handles this error by assuming the class cannot be included in some optimizations.
[07Apr2025 12:30:20.964] [main/ERROR] [net.minecraftforge.fml.loading.RuntimeDistCleaner/DISTXFORM]: Attempted to load class net/minecraft/client/renderer/block/model/BlockModel for invalid dist DEDICATED_SERVER
[07Apr2025 12:30:20.964] [main/WARN] [Radium Class Analysis/]: Radium Class Analysis Error: Class org.betterx.bclib.blocks.BaseBlock cannot be analysed, because getting declared methods crashes with RuntimeException: Attempted to load class net/minecraft/client/renderer/block/model/BlockModel for invalid dist DEDICATED_SERVER. This is usually caused by modded entities declaring methods that have a return type or parameter type that is annotated with @OnlyIn(Dist.CLIENT). Loading the type is not possible, because it only exists in the CLIENT environment. The recommended fix is to annotate the method with this argument or return type with the same annotation. Lithium handles this error by assuming the class cannot be included in some optimizations.
[07Apr2025 12:30:20.965] [main/ERROR] [net.minecraftforge.fml.loading.RuntimeDistCleaner/DISTXFORM]: Attempted to load class net/minecraft/client/renderer/block/model/BlockModel for invalid dist DEDICATED_SERVER
[07Apr2025 12:30:20.965] [main/WARN] [Radium Class Analysis/]: Radium Class Analysis Error: Class org.betterx.bclib.blocks.BaseBlock cannot be analysed, because getting declared methods crashes with RuntimeException: Attempted to load class net/minecraft/client/renderer/block/model/BlockModel for invalid dist DEDICATED_SERVER. This is usually caused by modded entities declaring methods that have a return type or parameter type that is annotated with @OnlyIn(Dist.CLIENT). Loading the type is not possible, because it only exists in the CLIENT environment. The recommended fix is to annotate the method with this argument or return type with the same annotation. Lithium handles this error by assuming the class cannot be included in some optimizations.
[07Apr2025 12:30:20.966] [main/ERROR] [net.minecraftforge.fml.loading.RuntimeDistCleaner/DISTXFORM]: Attempted to load class net/minecraft/client/renderer/block/model/BlockModel for invalid dist DEDICATED_SERVER
[07Apr2025 12:30:20.966] [main/WARN] [Radium Class Analysis/]: Radium Class Analysis Error: Class org.betterx.bclib.blocks.BaseBlock cannot be analysed, because getting declared methods crashes with RuntimeException: Attempted to load class net/minecraft/client/renderer/block/model/BlockModel for invalid dist DEDICATED_SERVER. This is usually caused by modded entities declaring methods that have a return type or parameter type that is annotated with @OnlyIn(Dist.CLIENT). Loading the type is not possible, because it only exists in the CLIENT environment. The recommended fix is to annotate the method with this argument or return type with the same annotation. Lithium handles this error by assuming the class cannot be included in some optimizations.
[07Apr2025 12:30:20.967] [main/ERROR] [net.minecraftforge.fml.loading.RuntimeDistCleaner/DISTXFORM]: Attempted to load class net/minecraft/client/renderer/block/model/BlockModel for invalid dist DEDICATED_SERVER
[07Apr2025 12:30:20.967] [main/WARN] [Radium Class Analysis/]: Radium Class Analysis Error: Class org.betterx.bclib.blocks.BaseBlock cannot be analysed, because getting declared methods crashes with RuntimeException: Attempted to load class net/minecraft/client/renderer/block/model/BlockModel for invalid dist DEDICATED_SERVER. This is usually caused by modded entities declaring methods that have a return type or parameter type that is annotated with @OnlyIn(Dist.CLIENT). Loading the type is not possible, because it only exists in the CLIENT environment. The recommended fix is to annotate the method with this argument or return type with the same annotation. Lithium handles this error by assuming the class cannot be included in some optimizations.
[07Apr2025 12:30:20.969] [main/ERROR] [net.minecraftforge.fml.loading.RuntimeDistCleaner/DISTXFORM]: Attempted to load class net/minecraft/client/renderer/block/model/BlockModel for invalid dist DEDICATED_SERVER
[07Apr2025 12:30:20.969] [main/WARN] [Radium Class Analysis/]: Radium Class Analysis Error: Class org.betterx.bclib.blocks.BaseBlock cannot be analysed, because getting declared methods crashes with RuntimeException: Attempted to load class net/minecraft/client/renderer/block/model/BlockModel for invalid dist DEDICATED_SERVER. This is usually caused by modded entities declaring methods that have a return type or parameter type that is annotated with @OnlyIn(Dist.CLIENT). Loading the type is not possible, because it only exists in the CLIENT environment. The recommended fix is to annotate the method with this argument or return type with the same annotation. Lithium handles this error by assuming the class cannot be included in some optimizations.
[07Apr2025 12:30:20.970] [main/ERROR] [net.minecraftforge.fml.loading.RuntimeDistCleaner/DISTXFORM]: Attempted to load class net/minecraft/client/renderer/block/model/BlockModel for invalid dist DEDICATED_SERVER
[07Apr2025 12:30:20.970] [main/WARN] [Radium Class Analysis/]: Radium Class Analysis Error: Class org.betterx.bclib.blocks.BaseBlock cannot be analysed, because getting declared methods crashes with RuntimeException: Attempted to load class net/minecraft/client/renderer/block/model/BlockModel for invalid dist DEDICATED_SERVER. This is usually caused by modded entities declaring methods that have a return type or parameter type that is annotated with @OnlyIn(Dist.CLIENT). Loading the type is not possible, because it only exists in the CLIENT environment. The recommended fix is to annotate the method with this argument or return type with the same annotation. Lithium handles this error by assuming the class cannot be included in some optimizations.
[07Apr2025 12:30:20.971] [main/ERROR] [net.minecraftforge.fml.loading.RuntimeDistCleaner/DISTXFORM]: Attempted to load class net/minecraft/client/renderer/block/model/BlockModel for invalid dist DEDICATED_SERVER
[07Apr2025 12:30:20.971] [main/WARN] [Radium Class Analysis/]: Radium Class Analysis Error: Class org.betterx.bclib.blocks.BaseBlock cannot be analysed, because getting declared methods crashes with RuntimeException: Attempted to load class net/minecraft/client/renderer/block/model/BlockModel for invalid dist DEDICATED_SERVER. This is usually caused by modded entities declaring methods that have a return type or parameter type that is annotated with @OnlyIn(Dist.CLIENT). Loading the type is not possible, because it only exists in the CLIENT environment. The recommended fix is to annotate the method with this argument or return type with the same annotation. Lithium handles this error by assuming the class cannot be included in some optimizations.
[07Apr2025 12:30:20.972] [main/ERROR] [net.minecraftforge.fml.loading.RuntimeDistCleaner/DISTXFORM]: Attempted to load class net/minecraft/client/renderer/block/model/BlockModel for invalid dist DEDICATED_SERVER
[07Apr2025 12:30:20.972] [main/WARN] [Radium Class Analysis/]: Radium Class Analysis Error: Class org.betterx.bclib.blocks.BaseBlock cannot be analysed, because getting declared methods crashes with RuntimeException: Attempted to load class net/minecraft/client/renderer/block/model/BlockModel for invalid dist DEDICATED_SERVER. This is usually caused by modded entities declaring methods that have a return type or parameter type that is annotated with @OnlyIn(Dist.CLIENT). Loading the type is not possible, because it only exists in the CLIENT environment. The recommended fix is to annotate the method with this argument or return type with the same annotation. Lithium handles this error by assuming the class cannot be included in some optimizations.
[07Apr2025 12:30:20.975] [main/WARN] [Radium Class Analysis/]: Radium Class Analysis Error: Class org.betterx.betterend.blocks.HydraluxPetalColoredBlock cannot be analysed, because getting declared methods crashes with NoClassDefFoundError: net/minecraft/client/color/item/ItemColor. This is usually caused by modded entities declaring methods that have a return type or parameter type that is annotated with @OnlyIn(Dist.CLIENT). Loading the type is not possible, because it only exists in the CLIENT environment. The recommended fix is to annotate the method with this argument or return type with the same annotation. Lithium handles this error by assuming the class cannot be included in some optimizations.
[07Apr2025 12:30:20.975] [main/WARN] [Radium Class Analysis/]: Radium Class Analysis Error: Class org.betterx.betterend.blocks.HydraluxPetalColoredBlock cannot be analysed, because getting declared methods crashes with NoClassDefFoundError: net/minecraft/client/color/item/ItemColor. This is usually caused by modded entities declaring methods that have a return type or parameter type that is annotated with @OnlyIn(Dist.CLIENT). Loading the type is not possible, because it only exists in the CLIENT environment. The recommended fix is to annotate the method with this argument or return type with the same annotation. Lithium handles this error by assuming the class cannot be included in some optimizations.
[07Apr2025 12:30:20.978] [main/ERROR] [net.minecraftforge.fml.loading.RuntimeDistCleaner/DISTXFORM]: Attempted to load class net/minecraft/client/renderer/block/model/BlockModel for invalid dist DEDICATED_SERVER
[07Apr2025 12:30:20.978] [main/WARN] [Radium Class Analysis/]: Radium Class Analysis Error: Class org.betterx.bclib.blocks.BaseBlock cannot be analysed, because getting declared methods crashes with RuntimeException: Attempted to load class net/minecraft/client/renderer/block/model/BlockModel for invalid dist DEDICATED_SERVER. This is usually caused by modded entities declaring methods that have a return type or parameter type that is annotated with @OnlyIn(Dist.CLIENT). Loading the type is not possible, because it only exists in the CLIENT environment. The recommended fix is to annotate the method with this argument or return type with the same annotation. Lithium handles this error by assuming the class cannot be included in some optimizations.
[07Apr2025 12:30:20.979] [main/ERROR] [net.minecraftforge.fml.loading.RuntimeDistCleaner/DISTXFORM]: Attempted to load class net/minecraft/client/renderer/block/model/BlockModel for invalid dist DEDICATED_SERVER
[07Apr2025 12:30:20.979] [main/WARN] [Radium Class Analysis/]: Radium Class Analysis Error: Class org.betterx.bclib.blocks.BaseBlock cannot be analysed, because getting declared methods crashes with RuntimeException: Attempted to load class net/minecraft/client/renderer/block/model/BlockModel for invalid dist DEDICATED_SERVER. This is usually caused by modded entities declaring methods that have a return type or parameter type that is annotated with @OnlyIn(Dist.CLIENT). Loading the type is not possible, because it only exists in the CLIENT environment. The recommended fix is to annotate the method with this argument or return type with the same annotation. Lithium handles this error by assuming the class cannot be included in some optimizations.
[07Apr2025 12:30:20.979] [main/ERROR] [net.minecraftforge.fml.loading.RuntimeDistCleaner/DISTXFORM]: Attempted to load class net/minecraft/client/renderer/block/model/BlockModel for invalid dist DEDICATED_SERVER
[07Apr2025 12:30:20.980] [main/WARN] [Radium Class Analysis/]: Radium Class Analysis Error: Class org.betterx.bclib.blocks.BaseBlock cannot be analysed, because getting declared methods crashes with RuntimeException: Attempted to load class net/minecraft/client/renderer/block/model/BlockModel for invalid dist DEDICATED_SERVER. This is usually caused by modded entities declaring methods that have a return type or parameter type that is annotated with @OnlyIn(Dist.CLIENT). Loading the type is not possible, because it only exists in the CLIENT environment. The recommended fix is to annotate the method with this argument or return type with the same annotation. Lithium handles this error by assuming the class cannot be included in some optimizations.
[07Apr2025 12:30:20.980] [main/ERROR] [net.minecraftforge.fml.loading.RuntimeDistCleaner/DISTXFORM]: Attempted to load class net/minecraft/client/renderer/block/model/BlockModel for invalid dist DEDICATED_SERVER
[07Apr2025 12:30:20.980] [main/WARN] [Radium Class Analysis/]: Radium Class Analysis Error: Class org.betterx.bclib.blocks.BaseBlock cannot be analysed, because getting declared methods crashes with RuntimeException: Attempted to load class net/minecraft/client/renderer/block/model/BlockModel for invalid dist DEDICATED_SERVER. This is usually caused by modded entities declaring methods that have a return type or parameter type that is annotated with @OnlyIn(Dist.CLIENT). Loading the type is not possible, because it only exists in the CLIENT environment. The recommended fix is to annotate the method with this argument or return type with the same annotation. Lithium handles this error by assuming the class cannot be included in some optimizations.
[07Apr2025 12:30:20.981] [main/ERROR] [net.minecraftforge.fml.loading.RuntimeDistCleaner/DISTXFORM]: Attempted to load class net/minecraft/client/renderer/block/model/BlockModel for invalid dist DEDICATED_SERVER
[07Apr2025 12:30:20.981] [main/WARN] [Radium Class Analysis/]: Radium Class Analysis Error: Class org.betterx.bclib.blocks.BaseBlock cannot be analysed, because getting declared methods crashes with RuntimeException: Attempted to load class net/minecraft/client/renderer/block/model/BlockModel for invalid dist DEDICATED_SERVER. This is usually caused by modded entities declaring methods that have a return type or parameter type that is annotated with @OnlyIn(Dist.CLIENT). Loading the type is not possible, because it only exists in the CLIENT environment. The recommended fix is to annotate the method with this argument or return type with the same annotation. Lithium handles this error by assuming the class cannot be included in some optimizations.
[07Apr2025 12:30:20.982] [main/ERROR] [net.minecraftforge.fml.loading.RuntimeDistCleaner/DISTXFORM]: Attempted to load class net/minecraft/client/renderer/block/model/BlockModel for invalid dist DEDICATED_SERVER
[07Apr2025 12:30:20.982] [main/WARN] [Radium Class Analysis/]: Radium Class Analysis Error: Class org.betterx.bclib.blocks.BaseBlock cannot be analysed, because getting declared methods crashes with RuntimeException: Attempted to load class net/minecraft/client/renderer/block/model/BlockModel for invalid dist DEDICATED_SERVER. This is usually caused by modded entities declaring methods that have a return type or parameter type that is annotated with @OnlyIn(Dist.CLIENT). Loading the type is not possible, because it only exists in the CLIENT environment. The recommended fix is to annotate the method with this argument or return type with the same annotation. Lithium handles this error by assuming the class cannot be included in some optimizations.
[07Apr2025 12:30:20.983] [main/ERROR] [net.minecraftforge.fml.loading.RuntimeDistCleaner/DISTXFORM]: Attempted to load class net/minecraft/client/renderer/block/model/BlockModel for invalid dist DEDICATED_SERVER
[07Apr2025 12:30:20.983] [main/WARN] [Radium Class Analysis/]: Radium Class Analysis Error: Class org.betterx.bclib.blocks.BaseBlock cannot be analysed, because getting declared methods crashes with RuntimeException: Attempted to load class net/minecraft/client/renderer/block/model/BlockModel for invalid dist DEDICATED_SERVER. This is usually caused by modded entities declaring methods that have a return type or parameter type that is annotated with @OnlyIn(Dist.CLIENT). Loading the type is not possible, because it only exists in the CLIENT environment. The recommended fix is to annotate the method with this argument or return type with the same annotation. Lithium handles this error by assuming the class cannot be included in some optimizations.
[07Apr2025 12:30:20.983] [main/ERROR] [net.minecraftforge.fml.loading.RuntimeDistCleaner/DISTXFORM]: Attempted to load class net/minecraft/client/renderer/block/model/BlockModel for invalid dist DEDICATED_SERVER
[07Apr2025 12:30:20.984] [main/WARN] [Radium Class Analysis/]: Radium Class Analysis Error: Class org.betterx.bclib.blocks.BaseBlock cannot be analysed, because getting declared methods crashes with RuntimeException: Attempted to load class net/minecraft/client/renderer/block/model/BlockModel for invalid dist DEDICATED_SERVER. This is usually caused by modded entities declaring methods that have a return type or parameter type that is annotated with @OnlyIn(Dist.CLIENT). Loading the type is not possible, because it only exists in the CLIENT environment. The recommended fix is to annotate the method with this argument or return type with the same annotation. Lithium handles this error by assuming the class cannot be included in some optimizations.
[07Apr2025 12:30:20.984] [main/ERROR] [net.minecraftforge.fml.loading.RuntimeDistCleaner/DISTXFORM]: Attempted to load class net/minecraft/client/renderer/block/model/BlockModel for invalid dist DEDICATED_SERVER
[07Apr2025 12:30:20.984] [main/WARN] [Radium Class Analysis/]: Radium Class Analysis Error: Class org.betterx.bclib.blocks.BaseBlock cannot be analysed, because getting declared methods crashes with RuntimeException: Attempted to load class net/minecraft/client/renderer/block/model/BlockModel for invalid dist DEDICATED_SERVER. This is usually caused by modded entities declaring methods that have a return type or parameter type that is annotated with @OnlyIn(Dist.CLIENT). Loading the type is not possible, because it only exists in the CLIENT environment. The recommended fix is to annotate the method with this argument or return type with the same annotation. Lithium handles this error by assuming the class cannot be included in some optimizations.
[07Apr2025 12:30:20.985] [main/ERROR] [net.minecraftforge.fml.loading.RuntimeDistCleaner/DISTXFORM]: Attempted to load class net/minecraft/client/renderer/block/model/BlockModel for invalid dist DEDICATED_SERVER
[07Apr2025 12:30:20.985] [main/WARN] [Radium Class Analysis/]: Radium Class Analysis Error: Class org.betterx.bclib.blocks.BaseBlock cannot be analysed, because getting declared methods crashes with RuntimeException: Attempted to load class net/minecraft/client/renderer/block/model/BlockModel for invalid dist DEDICATED_SERVER. This is usually caused by modded entities declaring methods that have a return type or parameter type that is annotated with @OnlyIn(Dist.CLIENT). Loading the type is not possible, because it only exists in the CLIENT environment. The recommended fix is to annotate the method with this argument or return type with the same annotation. Lithium handles this error by assuming the class cannot be included in some optimizations.
[07Apr2025 12:30:20.987] [main/ERROR] [net.minecraftforge.fml.loading.RuntimeDistCleaner/DISTXFORM]: Attempted to load class net/minecraft/client/renderer/block/model/BlockModel for invalid dist DEDICATED_SERVER
[07Apr2025 12:30:20.987] [main/WARN] [Radium Class Analysis/]: Radium Class Analysis Error: Class org.betterx.bclib.blocks.BaseBlock cannot be analysed, because getting declared methods crashes with RuntimeException: Attempted to load class net/minecraft/client/renderer/block/model/BlockModel for invalid dist DEDICATED_SERVER. This is usually caused by modded entities declaring methods that have a return type or parameter type that is annotated with @OnlyIn(Dist.CLIENT). Loading the type is not possible, because it only exists in the CLIENT environment. The recommended fix is to annotate the method with this argument or return type with the same annotation. Lithium handles this error by assuming the class cannot be included in some optimizations.
[07Apr2025 12:30:20.988] [main/ERROR] [net.minecraftforge.fml.loading.RuntimeDistCleaner/DISTXFORM]: Attempted to load class net/minecraft/client/renderer/block/model/BlockModel for invalid dist DEDICATED_SERVER
[07Apr2025 12:30:20.988] [main/WARN] [Radium Class Analysis/]: Radium Class Analysis Error: Class org.betterx.bclib.blocks.BaseBlock cannot be analysed, because getting declared methods crashes with RuntimeException: Attempted to load class net/minecraft/client/renderer/block/model/BlockModel for invalid dist DEDICATED_SERVER. This is usually caused by modded entities declaring methods that have a return type or parameter type that is annotated with @OnlyIn(Dist.CLIENT). Loading the type is not possible, because it only exists in the CLIENT environment. The recommended fix is to annotate the method with this argument or return type with the same annotation. Lithium handles this error by assuming the class cannot be included in some optimizations.
[07Apr2025 12:30:20.989] [main/ERROR] [net.minecraftforge.fml.loading.RuntimeDistCleaner/DISTXFORM]: Attempted to load class net/minecraft/client/renderer/block/model/BlockModel for invalid dist DEDICATED_SERVER
[07Apr2025 12:30:20.989] [main/WARN] [Radium Class Analysis/]: Radium Class Analysis Error: Class org.betterx.bclib.blocks.BaseBlock cannot be analysed, because getting declared methods crashes with RuntimeException: Attempted to load class net/minecraft/client/renderer/block/model/BlockModel for invalid dist DEDICATED_SERVER. This is usually caused by modded entities declaring methods that have a return type or parameter type that is annotated with @OnlyIn(Dist.CLIENT). Loading the type is not possible, because it only exists in the CLIENT environment. The recommended fix is to annotate the method with this argument or return type with the same annotation. Lithium handles this error by assuming the class cannot be included in some optimizations.
[07Apr2025 12:30:20.989] [main/ERROR] [net.minecraftforge.fml.loading.RuntimeDistCleaner/DISTXFORM]: Attempted to load class net/minecraft/client/renderer/block/model/BlockModel for invalid dist DEDICATED_SERVER
[07Apr2025 12:30:20.990] [main/WARN] [Radium Class Analysis/]: Radium Class Analysis Error: Class org.betterx.bclib.blocks.BaseBlock cannot be analysed, because getting declared methods crashes with RuntimeException: Attempted to load class net/minecraft/client/renderer/block/model/BlockModel for invalid dist DEDICATED_SERVER. This is usually caused by modded entities declaring methods that have a return type or parameter type that is annotated with @OnlyIn(Dist.CLIENT). Loading the type is not possible, because it only exists in the CLIENT environment. The recommended fix is to annotate the method with this argument or return type with the same annotation. Lithium handles this error by assuming the class cannot be included in some optimizations.
[07Apr2025 12:30:20.991] [main/ERROR] [net.minecraftforge.fml.loading.RuntimeDistCleaner/DISTXFORM]: Attempted to load class net/minecraft/client/renderer/block/model/BlockModel for invalid dist DEDICATED_SERVER
[07Apr2025 12:30:20.991] [main/WARN] [Radium Class Analysis/]: Radium Class Analysis Error: Class org.betterx.bclib.blocks.BaseBlock cannot be analysed, because getting declared methods crashes with RuntimeException: Attempted to load class net/minecraft/client/renderer/block/model/BlockModel for invalid dist DEDICATED_SERVER. This is usually caused by modded entities declaring methods that have a return type or parameter type that is annotated with @OnlyIn(Dist.CLIENT). Loading the type is not possible, because it only exists in the CLIENT environment. The recommended fix is to annotate the method with this argument or return type with the same annotation. Lithium handles this error by assuming the class cannot be included in some optimizations.
[07Apr2025 12:30:20.992] [main/ERROR] [net.minecraftforge.fml.loading.RuntimeDistCleaner/DISTXFORM]: Attempted to load class net/minecraft/client/renderer/block/model/BlockModel for invalid dist DEDICATED_SERVER
[07Apr2025 12:30:20.992] [main/WARN] [Radium Class Analysis/]: Radium Class Analysis Error: Class org.betterx.bclib.blocks.BaseBlock cannot be analysed, because getting declared methods crashes with RuntimeException: Attempted to load class net/minecraft/client/renderer/block/model/BlockModel for invalid dist DEDICATED_SERVER. This is usually caused by modded entities declaring methods that have a return type or parameter type that is annotated with @OnlyIn(Dist.CLIENT). Loading the type is not possible, because it only exists in the CLIENT environment. The recommended fix is to annotate the method with this argument or return type with the same annotation. Lithium handles this error by assuming the class cannot be included in some optimizations.
[07Apr2025 12:30:20.993] [main/ERROR] [net.minecraftforge.fml.loading.RuntimeDistCleaner/DISTXFORM]: Attempted to load class net/minecraft/client/renderer/block/model/BlockModel for invalid dist DEDICATED_SERVER
[07Apr2025 12:30:20.993] [main/WARN] [Radium Class Analysis/]: Radium Class Analysis Error: Class org.betterx.bclib.blocks.BaseBlock cannot be analysed, because getting declared methods crashes with RuntimeException: Attempted to load class net/minecraft/client/renderer/block/model/BlockModel for invalid dist DEDICATED_SERVER. This is usually caused by modded entities declaring methods that have a return type or parameter type that is annotated with @OnlyIn(Dist.CLIENT). Loading the type is not possible, because it only exists in the CLIENT environment. The recommended fix is to annotate the method with this argument or return type with the same annotation. Lithium handles this error by assuming the class cannot be included in some optimizations.
[07Apr2025 12:30:20.994] [main/ERROR] [net.minecraftforge.fml.loading.RuntimeDistCleaner/DISTXFORM]: Attempted to load class net/minecraft/client/renderer/block/model/BlockModel for invalid dist DEDICATED_SERVER
[07Apr2025 12:30:20.994] [main/WARN] [Radium Class Analysis/]: Radium Class Analysis Error: Class org.betterx.bclib.blocks.BaseBlock cannot be analysed, because getting declared methods crashes with RuntimeException: Attempted to load class net/minecraft/client/renderer/block/model/BlockModel for invalid dist DEDICATED_SERVER. This is usually caused by modded entities declaring methods that have a return type or parameter type that is annotated with @OnlyIn(Dist.CLIENT). Loading the type is not possible, because it only exists in the CLIENT environment. The recommended fix is to annotate the method with this argument or return type with the same annotation. Lithium handles this error by assuming the class cannot be included in some optimizations.
[07Apr2025 12:30:20.995] [main/ERROR] [net.minecraftforge.fml.loading.RuntimeDistCleaner/DISTXFORM]: Attempted to load class net/minecraft/client/renderer/block/model/BlockModel for invalid dist DEDICATED_SERVER
[07Apr2025 12:30:20.995] [main/WARN] [Radium Class Analysis/]: Radium Class Analysis Error: Class org.betterx.bclib.blocks.BaseBlock cannot be analysed, because getting declared methods crashes with RuntimeException: Attempted to load class net/minecraft/client/renderer/block/model/BlockModel for invalid dist DEDICATED_SERVER. This is usually caused by modded entities declaring methods that have a return type or parameter type that is annotated with @OnlyIn(Dist.CLIENT). Loading the type is not possible, because it only exists in the CLIENT environment. The recommended fix is to annotate the method with this argument or return type with the same annotation. Lithium handles this error by assuming the class cannot be included in some optimizations.
[07Apr2025 12:30:20.995] [main/ERROR] [net.minecraftforge.fml.loading.RuntimeDistCleaner/DISTXFORM]: Attempted to load class net/minecraft/client/renderer/block/model/BlockModel for invalid dist DEDICATED_SERVER
[07Apr2025 12:30:20.995] [main/WARN] [Radium Class Analysis/]: Radium Class Analysis Error: Class org.betterx.bclib.blocks.BaseBlock cannot be analysed, because getting declared methods crashes with RuntimeException: Attempted to load class net/minecraft/client/renderer/block/model/BlockModel for invalid dist DEDICATED_SERVER. This is usually caused by modded entities declaring methods that have a return type or parameter type that is annotated with @OnlyIn(Dist.CLIENT). Loading the type is not possible, because it only exists in the CLIENT environment. The recommended fix is to annotate the method with this argument or return type with the same annotation. Lithium handles this error by assuming the class cannot be included in some optimizations.
[07Apr2025 12:30:20.996] [main/ERROR] [net.minecraftforge.fml.loading.RuntimeDistCleaner/DISTXFORM]: Attempted to load class net/minecraft/client/renderer/block/model/BlockModel for invalid dist DEDICATED_SERVER
[07Apr2025 12:30:20.996] [main/WARN] [Radium Class Analysis/]: Radium Class Analysis Error: Class org.betterx.bclib.blocks.BaseBlock cannot be analysed, because getting declared methods crashes with RuntimeException: Attempted to load class net/minecraft/client/renderer/block/model/BlockModel for invalid dist DEDICATED_SERVER. This is usually caused by modded entities declaring methods that have a return type or parameter type that is annotated with @OnlyIn(Dist.CLIENT). Loading the type is not possible, because it only exists in the CLIENT environment. The recommended fix is to annotate the method with this argument or return type with the same annotation. Lithium handles this error by assuming the class cannot be included in some optimizations.
[07Apr2025 12:30:20.997] [main/ERROR] [net.minecraftforge.fml.loading.RuntimeDistCleaner/DISTXFORM]: Attempted to load class net/minecraft/client/renderer/block/model/BlockModel for invalid dist DEDICATED_SERVER
[07Apr2025 12:30:20.997] [main/WARN] [Radium Class Analysis/]: Radium Class Analysis Error: Class org.betterx.bclib.blocks.BaseBlock cannot be analysed, because getting declared methods crashes with RuntimeException: Attempted to load class net/minecraft/client/renderer/block/model/BlockModel for invalid dist DEDICATED_SERVER. This is usually caused by modded entities declaring methods that have a return type or parameter type that is annotated with @OnlyIn(Dist.CLIENT). Loading the type is not possible, because it only exists in the CLIENT environment. The recommended fix is to annotate the method with this argument or return type with the same annotation. Lithium handles this error by assuming the class cannot be included in some optimizations.
[07Apr2025 12:30:20.998] [main/ERROR] [net.minecraftforge.fml.loading.RuntimeDistCleaner/DISTXFORM]: Attempted to load class net/minecraft/client/renderer/block/model/BlockModel for invalid dist DEDICATED_SERVER
[07Apr2025 12:30:20.999] [main/WARN] [Radium Class Analysis/]: Radium Class Analysis Error: Class org.betterx.bclib.blocks.BaseBlock cannot be analysed, because getting declared methods crashes with RuntimeException: Attempted to load class net/minecraft/client/renderer/block/model/BlockModel for invalid dist DEDICATED_SERVER. This is usually caused by modded entities declaring methods that have a return type or parameter type that is annotated with @OnlyIn(Dist.CLIENT). Loading the type is not possible, because it only exists in the CLIENT environment. The recommended fix is to annotate the method with this argument or return type with the same annotation. Lithium handles this error by assuming the class cannot be included in some optimizations.
[07Apr2025 12:30:20.999] [main/ERROR] [net.minecraftforge.fml.loading.RuntimeDistCleaner/DISTXFORM]: Attempted to load class net/minecraft/client/renderer/block/model/BlockModel for invalid dist DEDICATED_SERVER
[07Apr2025 12:30:21.000] [main/WARN] [Radium Class Analysis/]: Radium Class Analysis Error: Class org.betterx.bclib.blocks.BaseBlock cannot be analysed, because getting declared methods crashes with RuntimeException: Attempted to load class net/minecraft/client/renderer/block/model/BlockModel for invalid dist DEDICATED_SERVER. This is usually caused by modded entities declaring methods that have a return type or parameter type that is annotated with @OnlyIn(Dist.CLIENT). Loading the type is not possible, because it only exists in the CLIENT environment. The recommended fix is to annotate the method with this argument or return type with the same annotation. Lithium handles this error by assuming the class cannot be included in some optimizations.
[07Apr2025 12:30:21.001] [main/ERROR] [net.minecraftforge.fml.loading.RuntimeDistCleaner/DISTXFORM]: Attempted to load class net/minecraft/client/renderer/block/model/BlockModel for invalid dist DEDICATED_SERVER
[07Apr2025 12:30:21.001] [main/WARN] [Radium Class Analysis/]: Radium Class Analysis Error: Class org.betterx.bclib.blocks.BaseBlock cannot be analysed, because getting declared methods crashes with RuntimeException: Attempted to load class net/minecraft/client/renderer/block/model/BlockModel for invalid dist DEDICATED_SERVER. This is usually caused by modded entities declaring methods that have a return type or parameter type that is annotated with @OnlyIn(Dist.CLIENT). Loading the type is not possible, because it only exists in the CLIENT environment. The recommended fix is to annotate the method with this argument or return type with the same annotation. Lithium handles this error by assuming the class cannot be included in some optimizations.
[07Apr2025 12:30:21.002] [main/ERROR] [net.minecraftforge.fml.loading.RuntimeDistCleaner/DISTXFORM]: Attempted to load class net/minecraft/client/renderer/block/model/BlockModel for invalid dist DEDICATED_SERVER
[07Apr2025 12:30:21.002] [main/WARN] [Radium Class Analysis/]: Radium Class Analysis Error: Class org.betterx.bclib.blocks.BaseBlock cannot be analysed, because getting declared methods crashes with RuntimeException: Attempted to load class net/minecraft/client/renderer/block/model/BlockModel for invalid dist DEDICATED_SERVER. This is usually caused by modded entities declaring methods that have a return type or parameter type that is annotated with @OnlyIn(Dist.CLIENT). Loading the type is not possible, because it only exists in the CLIENT environment. The recommended fix is to annotate the method with this argument or return type with the same annotation. Lithium handles this error by assuming the class cannot be included in some optimizations.
[07Apr2025 12:30:21.003] [main/ERROR] [net.minecraftforge.fml.loading.RuntimeDistCleaner/DISTXFORM]: Attempted to load class net/minecraft/client/renderer/block/model/BlockModel for invalid dist DEDICATED_SERVER
[07Apr2025 12:30:21.003] [main/WARN] [Radium Class Analysis/]: Radium Class Analysis Error: Class org.betterx.bclib.blocks.BaseBlock cannot be analysed, because getting declared methods crashes with RuntimeException: Attempted to load class net/minecraft/client/renderer/block/model/BlockModel for invalid dist DEDICATED_SERVER. This is usually caused by modded entities declaring methods that have a return type or parameter type that is annotated with @OnlyIn(Dist.CLIENT). Loading the type is not possible, because it only exists in the CLIENT environment. The recommended fix is to annotate the method with this argument or return type with the same annotation. Lithium handles this error by assuming the class cannot be included in some optimizations.
[07Apr2025 12:30:21.004] [main/ERROR] [net.minecraftforge.fml.loading.RuntimeDistCleaner/DISTXFORM]: Attempted to load class net/minecraft/client/renderer/block/model/BlockModel for invalid dist DEDICATED_SERVER
[07Apr2025 12:30:21.004] [main/WARN] [Radium Class Analysis/]: Radium Class Analysis Error: Class org.betterx.bclib.blocks.BaseBlock cannot be analysed, because getting declared methods crashes with RuntimeException: Attempted to load class net/minecraft/client/renderer/block/model/BlockModel for invalid dist DEDICATED_SERVER. This is usually caused by modded entities declaring methods that have a return type or parameter type that is annotated with @OnlyIn(Dist.CLIENT). Loading the type is not possible, because it only exists in the CLIENT environment. The recommended fix is to annotate the method with this argument or return type with the same annotation. Lithium handles this error by assuming the class cannot be included in some optimizations.
[07Apr2025 12:30:21.006] [main/ERROR] [net.minecraftforge.fml.loading.RuntimeDistCleaner/DISTXFORM]: Attempted to load class net/minecraft/client/renderer/block/model/BlockModel for invalid dist DEDICATED_SERVER
[07Apr2025 12:30:21.006] [main/WARN] [Radium Class Analysis/]: Radium Class Analysis Error: Class org.betterx.bclib.blocks.BaseBlock cannot be analysed, because getting declared methods crashes with RuntimeException: Attempted to load class net/minecraft/client/renderer/block/model/BlockModel for invalid dist DEDICATED_SERVER. This is usually caused by modded entities declaring methods that have a return type or parameter type that is annotated with @OnlyIn(Dist.CLIENT). Loading the type is not possible, because it only exists in the CLIENT environment. The recommended fix is to annotate the method with this argument or return type with the same annotation. Lithium handles this error by assuming the class cannot be included in some optimizations.
[07Apr2025 12:30:21.006] [main/ERROR] [net.minecraftforge.fml.loading.RuntimeDistCleaner/DISTXFORM]: Attempted to load class net/minecraft/client/renderer/block/model/BlockModel for invalid dist DEDICATED_SERVER
[07Apr2025 12:30:21.007] [main/WARN] [Radium Class Analysis/]: Radium Class Analysis Error: Class org.betterx.bclib.blocks.BaseBlock cannot be analysed, because getting declared methods crashes with RuntimeException: Attempted to load class net/minecraft/client/renderer/block/model/BlockModel for invalid dist DEDICATED_SERVER. This is usually caused by modded entities declaring methods that have a return type or parameter type that is annotated with @OnlyIn(Dist.CLIENT). Loading the type is not possible, because it only exists in the CLIENT environment. The recommended fix is to annotate the method with this argument or return type with the same annotation. Lithium handles this error by assuming the class cannot be included in some optimizations.
[07Apr2025 12:30:21.008] [main/ERROR] [net.minecraftforge.fml.loading.RuntimeDistCleaner/DISTXFORM]: Attempted to load class net/minecraft/client/renderer/block/model/BlockModel for invalid dist DEDICATED_SERVER
[07Apr2025 12:30:21.008] [main/WARN] [Radium Class Analysis/]: Radium Class Analysis Error: Class org.betterx.bclib.blocks.BaseBlock cannot be analysed, because getting declared methods crashes with RuntimeException: Attempted to load class net/minecraft/client/renderer/block/model/BlockModel for invalid dist DEDICATED_SERVER. This is usually caused by modded entities declaring methods that have a return type or parameter type that is annotated with @OnlyIn(Dist.CLIENT). Loading the type is not possible, because it only exists in the CLIENT environment. The recommended fix is to annotate the method with this argument or return type with the same annotation. Lithium handles this error by assuming the class cannot be included in some optimizations.
[07Apr2025 12:30:21.009] [main/ERROR] [net.minecraftforge.fml.loading.RuntimeDistCleaner/DISTXFORM]: Attempted to load class net/minecraft/client/renderer/block/model/BlockModel for invalid dist DEDICATED_SERVER
[07Apr2025 12:30:21.009] [main/WARN] [Radium Class Analysis/]: Radium Class Analysis Error: Class org.betterx.bclib.blocks.BaseBlock cannot be analysed, because getting declared methods crashes with RuntimeException: Attempted to load class net/minecraft/client/renderer/block/model/BlockModel for invalid dist DEDICATED_SERVER. This is usually caused by modded entities declaring methods that have a return type or parameter type that is annotated with @OnlyIn(Dist.CLIENT). Loading the type is not possible, because it only exists in the CLIENT environment. The recommended fix is to annotate the method with this argument or return type with the same annotation. Lithium handles this error by assuming the class cannot be included in some optimizations.
[07Apr2025 12:30:21.010] [main/ERROR] [net.minecraftforge.fml.loading.RuntimeDistCleaner/DISTXFORM]: Attempted to load class net/minecraft/client/renderer/block/model/BlockModel for invalid dist DEDICATED_SERVER
[07Apr2025 12:30:21.010] [main/WARN] [Radium Class Analysis/]: Radium Class Analysis Error: Class org.betterx.bclib.blocks.BaseOreBlock cannot be analysed, because getting declared methods crashes with RuntimeException: Attempted to load class net/minecraft/client/renderer/block/model/BlockModel for invalid dist DEDICATED_SERVER. This is usually caused by modded entities declaring methods that have a return type or parameter type that is annotated with @OnlyIn(Dist.CLIENT). Loading the type is not possible, because it only exists in the CLIENT environment. The recommended fix is to annotate the method with this argument or return type with the same annotation. Lithium handles this error by assuming the class cannot be included in some optimizations.
[07Apr2025 12:30:21.011] [main/ERROR] [net.minecraftforge.fml.loading.RuntimeDistCleaner/DISTXFORM]: Attempted to load class net/minecraft/client/renderer/block/model/BlockModel for invalid dist DEDICATED_SERVER
[07Apr2025 12:30:21.011] [main/WARN] [Radium Class Analysis/]: Radium Class Analysis Error: Class org.betterx.bclib.blocks.BaseOreBlock cannot be analysed, because getting declared methods crashes with RuntimeException: Attempted to load class net/minecraft/client/renderer/block/model/BlockModel for invalid dist DEDICATED_SERVER. This is usually caused by modded entities declaring methods that have a return type or parameter type that is annotated with @OnlyIn(Dist.CLIENT). Loading the type is not possible, because it only exists in the CLIENT environment. The recommended fix is to annotate the method with this argument or return type with the same annotation. Lithium handles this error by assuming the class cannot be included in some optimizations.
[07Apr2025 12:30:21.018] [main/ERROR] [net.minecraftforge.fml.loading.RuntimeDistCleaner/DISTXFORM]: Attempted to load class net/minecraft/client/renderer/block/model/BlockModel for invalid dist DEDICATED_SERVER
[07Apr2025 12:30:21.018] [main/WARN] [Radium Class Analysis/]: Radium Class Analysis Error: Class org.betterx.bclib.blocks.BaseBlock cannot be analysed, because getting declared methods crashes with RuntimeException: Attempted to load class net/minecraft/client/renderer/block/model/BlockModel for invalid dist DEDICATED_SERVER. This is usually caused by modded entities declaring methods that have a return type or parameter type that is annotated with @OnlyIn(Dist.CLIENT). Loading the type is not possible, because it only exists in the CLIENT environment. The recommended fix is to annotate the method with this argument or return type with the same annotation. Lithium handles this error by assuming the class cannot be included in some optimizations.
[07Apr2025 12:30:21.019] [main/ERROR] [net.minecraftforge.fml.loading.RuntimeDistCleaner/DISTXFORM]: Attempted to load class net/minecraft/client/renderer/block/model/BlockModel for invalid dist DEDICATED_SERVER
[07Apr2025 12:30:21.019] [main/WARN] [Radium Class Analysis/]: Radium Class Analysis Error: Class org.betterx.bclib.blocks.BaseBlock cannot be analysed, because getting declared methods crashes with RuntimeException: Attempted to load class net/minecraft/client/renderer/block/model/BlockModel for invalid dist DEDICATED_SERVER. This is usually caused by modded entities declaring methods that have a return type or parameter type that is annotated with @OnlyIn(Dist.CLIENT). Loading the type is not possible, because it only exists in the CLIENT environment. The recommended fix is to annotate the method with this argument or return type with the same annotation. Lithium handles this error by assuming the class cannot be included in some optimizations.
[07Apr2025 12:30:21.024] [main/ERROR] [net.minecraftforge.fml.loading.RuntimeDistCleaner/DISTXFORM]: Attempted to load class net/minecraft/client/renderer/block/model/BlockModel for invalid dist DEDICATED_SERVER
[07Apr2025 12:30:21.024] [main/WARN] [Radium Class Analysis/]: Radium Class Analysis Error: Class org.betterx.bclib.blocks.BaseBlock cannot be analysed, because getting declared methods crashes with RuntimeException: Attempted to load class net/minecraft/client/renderer/block/model/BlockModel for invalid dist DEDICATED_SERVER. This is usually caused by modded entities declaring methods that have a return type or parameter type that is annotated with @OnlyIn(Dist.CLIENT). Loading the type is not possible, because it only exists in the CLIENT environment. The recommended fix is to annotate the method with this argument or return type with the same annotation. Lithium handles this error by assuming the class cannot be included in some optimizations.
[07Apr2025 12:30:21.025] [main/ERROR] [net.minecraftforge.fml.loading.RuntimeDistCleaner/DISTXFORM]: Attempted to load class net/minecraft/client/renderer/block/model/BlockModel for invalid dist DEDICATED_SERVER
[07Apr2025 12:30:21.025] [main/WARN] [Radium Class Analysis/]: Radium Class Analysis Error: Class org.betterx.bclib.blocks.BaseBlock cannot be analysed, because getting declared methods crashes with RuntimeException: Attempted to load class net/minecraft/client/renderer/block/model/BlockModel for invalid dist DEDICATED_SERVER. This is usually caused by modded entities declaring methods that have a return type or parameter type that is annotated with @OnlyIn(Dist.CLIENT). Loading the type is not possible, because it only exists in the CLIENT environment. The recommended fix is to annotate the method with this argument or return type with the same annotation. Lithium handles this error by assuming the class cannot be included in some optimizations.
[07Apr2025 12:30:21.026] [main/ERROR] [net.minecraftforge.fml.loading.RuntimeDistCleaner/DISTXFORM]: Attempted to load class net/minecraft/client/renderer/block/model/BlockModel for invalid dist DEDICATED_SERVER
[07Apr2025 12:30:21.026] [main/WARN] [Radium Class Analysis/]: Radium Class Analysis Error: Class org.betterx.bclib.blocks.BaseBlock cannot be analysed, because getting declared methods crashes with RuntimeException: Attempted to load class net/minecraft/client/renderer/block/model/BlockModel for invalid dist DEDICATED_SERVER. This is usually caused by modded entities declaring methods that have a return type or parameter type that is annotated with @OnlyIn(Dist.CLIENT). Loading the type is not possible, because it only exists in the CLIENT environment. The recommended fix is to annotate the method with this argument or return type with the same annotation. Lithium handles this error by assuming the class cannot be included in some optimizations.
[07Apr2025 12:30:21.027] [main/ERROR] [net.minecraftforge.fml.loading.RuntimeDistCleaner/DISTXFORM]: Attempted to load class net/minecraft/client/renderer/block/model/BlockModel for invalid dist DEDICATED_SERVER
[07Apr2025 12:30:21.027] [main/WARN] [Radium Class Analysis/]: Radium Class Analysis Error: Class org.betterx.bclib.blocks.BaseBlock cannot be analysed, because getting declared methods crashes with RuntimeException: Attempted to load class net/minecraft/client/renderer/block/model/BlockModel for invalid dist DEDICATED_SERVER. This is usually caused by modded entities declaring methods that have a return type or parameter type that is annotated with @OnlyIn(Dist.CLIENT). Loading the type is not possible, because it only exists in the CLIENT environment. The recommended fix is to annotate the method with this argument or return type with the same annotation. Lithium handles this error by assuming the class cannot be included in some optimizations.
[07Apr2025 12:30:21.028] [main/WARN] [Radium Class Analysis/]: Radium Class Analysis Error: Class org.betterx.betterend.blocks.BulbVineLanternColoredBlock cannot be analysed, because getting declared methods crashes with NoClassDefFoundError: net/minecraft/client/color/item/ItemColor. This is usually caused by modded entities declaring methods that have a return type or parameter type that is annotated with @OnlyIn(Dist.CLIENT). Loading the type is not possible, because it only exists in the CLIENT environment. The recommended fix is to annotate the method with this argument or return type with the same annotation. Lithium handles this error by assuming the class cannot be included in some optimizations.
[07Apr2025 12:30:21.029] [main/WARN] [Radium Class Analysis/]: Radium Class Analysis Error: Class org.betterx.betterend.blocks.BulbVineLanternColoredBlock cannot be analysed, because getting declared methods crashes with NoClassDefFoundError: net/minecraft/client/color/item/ItemColor. This is usually caused by modded entities declaring methods that have a return type or parameter type that is annotated with @OnlyIn(Dist.CLIENT). Loading the type is not possible, because it only exists in the CLIENT environment. The recommended fix is to annotate the method with this argument or return type with the same annotation. Lithium handles this error by assuming the class cannot be included in some optimizations.
[07Apr2025 12:30:21.047] [main/ERROR] [net.minecraftforge.fml.loading.RuntimeDistCleaner/DISTXFORM]: Attempted to load class net/minecraft/client/renderer/block/model/BlockModel for invalid dist DEDICATED_SERVER
[07Apr2025 12:30:21.048] [main/WARN] [Radium Class Analysis/]: Radium Class Analysis Error: Class org.betterx.bclib.blocks.BaseBlock cannot be analysed, because getting declared methods crashes with RuntimeException: Attempted to load class net/minecraft/client/renderer/block/model/BlockModel for invalid dist DEDICATED_SERVER. This is usually caused by modded entities declaring methods that have a return type or parameter type that is annotated with @OnlyIn(Dist.CLIENT). Loading the type is not possible, because it only exists in the CLIENT environment. The recommended fix is to annotate the method with this argument or return type with the same annotation. Lithium handles this error by assuming the class cannot be included in some optimizations.
[07Apr2025 12:30:21.048] [main/ERROR] [net.minecraftforge.fml.loading.RuntimeDistCleaner/DISTXFORM]: Attempted to load class net/minecraft/client/renderer/block/model/BlockModel for invalid dist DEDICATED_SERVER
[07Apr2025 12:30:21.048] [main/WARN] [Radium Class Analysis/]: Radium Class Analysis Error: Class org.betterx.bclib.blocks.BaseBlock cannot be analysed, because getting declared methods crashes with RuntimeException: Attempted to load class net/minecraft/client/renderer/block/model/BlockModel for invalid dist DEDICATED_SERVER. This is usually caused by modded entities declaring methods that have a return type or parameter type that is annotated with @OnlyIn(Dist.CLIENT). Loading the type is not possible, because it only exists in the CLIENT environment. The recommended fix is to annotate the method with this argument or return type with the same annotation. Lithium handles this error by assuming the class cannot be included in some optimizations.
[07Apr2025 12:30:21.049] [main/ERROR] [net.minecraftforge.fml.loading.RuntimeDistCleaner/DISTXFORM]: Attempted to load class net/minecraft/client/renderer/block/model/BlockModel for invalid dist DEDICATED_SERVER
[07Apr2025 12:30:21.050] [main/WARN] [Radium Class Analysis/]: Radium Class Analysis Error: Class org.betterx.bclib.blocks.BaseBlock cannot be analysed, because getting declared methods crashes with RuntimeException: Attempted to load class net/minecraft/client/renderer/block/model/BlockModel for invalid dist DEDICATED_SERVER. This is usually caused by modded entities declaring methods that have a return type or parameter type that is annotated with @OnlyIn(Dist.CLIENT). Loading the type is not possible, because it only exists in the CLIENT environment. The recommended fix is to annotate the method with this argument or return type with the same annotation. Lithium handles this error by assuming the class cannot be included in some optimizations.
[07Apr2025 12:30:21.050] [main/ERROR] [net.minecraftforge.fml.loading.RuntimeDistCleaner/DISTXFORM]: Attempted to load class net/minecraft/client/renderer/block/model/BlockModel for invalid dist DEDICATED_SERVER
[07Apr2025 12:30:21.050] [main/WARN] [Radium Class Analysis/]: Radium Class Analysis Error: Class org.betterx.bclib.blocks.BaseBlock cannot be analysed, because getting declared methods crashes with RuntimeException: Attempted to load class net/minecraft/client/renderer/block/model/BlockModel for invalid dist DEDICATED_SERVER. This is usually caused by modded entities declaring methods that have a return type or parameter type that is annotated with @OnlyIn(Dist.CLIENT). Loading the type is not possible, because it only exists in the CLIENT environment. The recommended fix is to annotate the method with this argument or return type with the same annotation. Lithium handles this error by assuming the class cannot be included in some optimizations.
[07Apr2025 12:30:21.051] [main/ERROR] [net.minecraftforge.fml.loading.RuntimeDistCleaner/DISTXFORM]: Attempted to load class net/minecraft/client/renderer/block/model/BlockModel for invalid dist DEDICATED_SERVER
[07Apr2025 12:30:21.051] [main/WARN] [Radium Class Analysis/]: Radium Class Analysis Error: Class org.betterx.bclib.blocks.BaseBlock cannot be analysed, because getting declared methods crashes with RuntimeException: Attempted to load class net/minecraft/client/renderer/block/model/BlockModel for invalid dist DEDICATED_SERVER. This is usually caused by modded entities declaring methods that have a return type or parameter type that is annotated with @OnlyIn(Dist.CLIENT). Loading the type is not possible, because it only exists in the CLIENT environment. The recommended fix is to annotate the method with this argument or return type with the same annotation. Lithium handles this error by assuming the class cannot be included in some optimizations.
[07Apr2025 12:30:21.052] [main/ERROR] [net.minecraftforge.fml.loading.RuntimeDistCleaner/DISTXFORM]: Attempted to load class net/minecraft/client/renderer/block/model/BlockModel for invalid dist DEDICATED_SERVER
[07Apr2025 12:30:21.052] [main/WARN] [Radium Class Analysis/]: Radium Class Analysis Error: Class org.betterx.bclib.blocks.BaseBlock cannot be analysed, because getting declared methods crashes with RuntimeException: Attempted to load class net/minecraft/client/renderer/block/model/BlockModel for invalid dist DEDICATED_SERVER. This is usually caused by modded entities declaring methods that have a return type or parameter type that is annotated with @OnlyIn(Dist.CLIENT). Loading the type is not possible, because it only exists in the CLIENT environment. The recommended fix is to annotate the method with this argument or return type with the same annotation. Lithium handles this error by assuming the class cannot be included in some optimizations.
[07Apr2025 12:30:21.053] [main/WARN] [Radium Class Analysis/]: Radium Class Analysis Error: Class org.betterx.betterend.blocks.AuroraCrystalBlock cannot be analysed, because getting declared methods crashes with NoClassDefFoundError: net/minecraft/client/color/item/ItemColor. This is usually caused by modded entities declaring methods that have a return type or parameter type that is annotated with @OnlyIn(Dist.CLIENT). Loading the type is not possible, because it only exists in the CLIENT environment. The recommended fix is to annotate the method with this argument or return type with the same annotation. Lithium handles this error by assuming the class cannot be included in some optimizations.
[07Apr2025 12:30:21.054] [main/WARN] [Radium Class Analysis/]: Radium Class Analysis Error: Class org.betterx.betterend.blocks.AuroraCrystalBlock cannot be analysed, because getting declared methods crashes with NoClassDefFoundError: net/minecraft/client/color/item/ItemColor. This is usually caused by modded entities declaring methods that have a return type or parameter type that is annotated with @OnlyIn(Dist.CLIENT). Loading the type is not possible, because it only exists in the CLIENT environment. The recommended fix is to annotate the method with this argument or return type with the same annotation. Lithium handles this error by assuming the class cannot be included in some optimizations.
[07Apr2025 12:30:21.055] [main/ERROR] [net.minecraftforge.fml.loading.RuntimeDistCleaner/DISTXFORM]: Attempted to load class net/minecraft/client/renderer/block/model/BlockModel for invalid dist DEDICATED_SERVER
[07Apr2025 12:30:21.055] [main/WARN] [Radium Class Analysis/]: Radium Class Analysis Error: Class org.betterx.bclib.blocks.BaseBlock cannot be analysed, because getting declared methods crashes with RuntimeException: Attempted to load class net/minecraft/client/renderer/block/model/BlockModel for invalid dist DEDICATED_SERVER. This is usually caused by modded entities declaring methods that have a return type or parameter type that is annotated with @OnlyIn(Dist.CLIENT). Loading the type is not possible, because it only exists in the CLIENT environment. The recommended fix is to annotate the method with this argument or return type with the same annotation. Lithium handles this error by assuming the class cannot be included in some optimizations.
[07Apr2025 12:30:21.055] [main/ERROR] [net.minecraftforge.fml.loading.RuntimeDistCleaner/DISTXFORM]: Attempted to load class net/minecraft/client/renderer/block/model/BlockModel for invalid dist DEDICATED_SERVER
[07Apr2025 12:30:21.055] [main/WARN] [Radium Class Analysis/]: Radium Class Analysis Error: Class org.betterx.bclib.blocks.BaseBlock cannot be analysed, because getting declared methods crashes with RuntimeException: Attempted to load class net/minecraft/client/renderer/block/model/BlockModel for invalid dist DEDICATED_SERVER. This is usually caused by modded entities declaring methods that have a return type or parameter type that is annotated with @OnlyIn(Dist.CLIENT). Loading the type is not possible, because it only exists in the CLIENT environment. The recommended fix is to annotate the method with this argument or return type with the same annotation. Lithium handles this error by assuming the class cannot be included in some optimizations.
[07Apr2025 12:30:21.057] [main/ERROR] [net.minecraftforge.fml.loading.RuntimeDistCleaner/DISTXFORM]: Attempted to load class net/minecraft/client/renderer/block/model/BlockModel for invalid dist DEDICATED_SERVER
[07Apr2025 12:30:21.057] [main/WARN] [Radium Class Analysis/]: Radium Class Analysis Error: Class org.betterx.bclib.blocks.BaseBlock cannot be analysed, because getting declared methods crashes with RuntimeException: Attempted to load class net/minecraft/client/renderer/block/model/BlockModel for invalid dist DEDICATED_SERVER. This is usually caused by modded entities declaring methods that have a return type or parameter type that is annotated with @OnlyIn(Dist.CLIENT). Loading the type is not possible, because it only exists in the CLIENT environment. The recommended fix is to annotate the method with this argument or return type with the same annotation. Lithium handles this error by assuming the class cannot be included in some optimizations.
[07Apr2025 12:30:21.057] [main/ERROR] [net.minecraftforge.fml.loading.RuntimeDistCleaner/DISTXFORM]: Attempted to load class net/minecraft/client/renderer/block/model/BlockModel for invalid dist DEDICATED_SERVER
[07Apr2025 12:30:21.058] [main/WARN] [Radium Class Analysis/]: Radium Class Analysis Error: Class org.betterx.bclib.blocks.BaseBlock cannot be analysed, because getting declared methods crashes with RuntimeException: Attempted to load class net/minecraft/client/renderer/block/model/BlockModel for invalid dist DEDICATED_SERVER. This is usually caused by modded entities declaring methods that have a return type or parameter type that is annotated with @OnlyIn(Dist.CLIENT). Loading the type is not possible, because it only exists in the CLIENT environment. The recommended fix is to annotate the method with this argument or return type with the same annotation. Lithium handles this error by assuming the class cannot be included in some optimizations.
[07Apr2025 12:30:21.060] [main/ERROR] [net.minecraftforge.fml.loading.RuntimeDistCleaner/DISTXFORM]: Attempted to load class net/minecraft/client/renderer/block/model/BlockModel for invalid dist DEDICATED_SERVER
[07Apr2025 12:30:21.060] [main/WARN] [Radium Class Analysis/]: Radium Class Analysis Error: Class org.betterx.bclib.blocks.BaseBlock cannot be analysed, because getting declared methods crashes with RuntimeException: Attempted to load class net/minecraft/client/renderer/block/model/BlockModel for invalid dist DEDICATED_SERVER. This is usually caused by modded entities declaring methods that have a return type or parameter type that is annotated with @OnlyIn(Dist.CLIENT). Loading the type is not possible, because it only exists in the CLIENT environment. The recommended fix is to annotate the method with this argument or return type with the same annotation. Lithium handles this error by assuming the class cannot be included in some optimizations.
[07Apr2025 12:30:21.060] [main/ERROR] [net.minecraftforge.fml.loading.RuntimeDistCleaner/DISTXFORM]: Attempted to load class net/minecraft/client/renderer/block/model/BlockModel for invalid dist DEDICATED_SERVER
[07Apr2025 12:30:21.061] [main/WARN] [Radium Class Analysis/]: Radium Class Analysis Error: Class org.betterx.bclib.blocks.BaseBlock cannot be analysed, because getting declared methods crashes with RuntimeException: Attempted to load class net/minecraft/client/renderer/block/model/BlockModel for invalid dist DEDICATED_SERVER. This is usually caused by modded entities declaring methods that have a return type or parameter type that is annotated with @OnlyIn(Dist.CLIENT). Loading the type is not possible, because it only exists in the CLIENT environment. The recommended fix is to annotate the method with this argument or return type with the same annotation. Lithium handles this error by assuming the class cannot be included in some optimizations.
[07Apr2025 12:30:21.066] [main/WARN] [Radium Class Analysis/]: Radium Class Analysis Error: Class org.betterx.betterend.blocks.RespawnObeliskBlock cannot be analysed, because getting declared methods crashes with NoClassDefFoundError: net/minecraft/client/color/item/ItemColor. This is usually caused by modded entities declaring methods that have a return type or parameter type that is annotated with @OnlyIn(Dist.CLIENT). Loading the type is not possible, because it only exists in the CLIENT environment. The recommended fix is to annotate the method with this argument or return type with the same annotation. Lithium handles this error by assuming the class cannot be included in some optimizations.
[07Apr2025 12:30:21.066] [main/WARN] [Radium Class Analysis/]: Radium Class Analysis Error: Class org.betterx.betterend.blocks.RespawnObeliskBlock cannot be analysed, because getting declared methods crashes with NoClassDefFoundError: net/minecraft/client/color/item/ItemColor. This is usually caused by modded entities declaring methods that have a return type or parameter type that is annotated with @OnlyIn(Dist.CLIENT). Loading the type is not possible, because it only exists in the CLIENT environment. The recommended fix is to annotate the method with this argument or return type with the same annotation. Lithium handles this error by assuming the class cannot be included in some optimizations.
[07Apr2025 12:30:21.072] [main/ERROR] [net.minecraftforge.fml.loading.RuntimeDistCleaner/DISTXFORM]: Attempted to load class net/minecraft/client/renderer/block/model/BlockModel for invalid dist DEDICATED_SERVER
[07Apr2025 12:30:21.073] [main/WARN] [Radium Class Analysis/]: Radium Class Analysis Error: Class org.betterx.bclib.blocks.BaseBlock cannot be analysed, because getting declared methods crashes with RuntimeException: Attempted to load class net/minecraft/client/renderer/block/model/BlockModel for invalid dist DEDICATED_SERVER. This is usually caused by modded entities declaring methods that have a return type or parameter type that is annotated with @OnlyIn(Dist.CLIENT). Loading the type is not possible, because it only exists in the CLIENT environment. The recommended fix is to annotate the method with this argument or return type with the same annotation. Lithium handles this error by assuming the class cannot be included in some optimizations.
[07Apr2025 12:30:21.073] [main/ERROR] [net.minecraftforge.fml.loading.RuntimeDistCleaner/DISTXFORM]: Attempted to load class net/minecraft/client/renderer/block/model/BlockModel for invalid dist DEDICATED_SERVER
[07Apr2025 12:30:21.074] [main/WARN] [Radium Class Analysis/]: Radium Class Analysis Error: Class org.betterx.bclib.blocks.BaseBlock cannot be analysed, because getting declared methods crashes with RuntimeException: Attempted to load class net/minecraft/client/renderer/block/model/BlockModel for invalid dist DEDICATED_SERVER. This is usually caused by modded entities declaring methods that have a return type or parameter type that is annotated with @OnlyIn(Dist.CLIENT). Loading the type is not possible, because it only exists in the CLIENT environment. The recommended fix is to annotate the method with this argument or return type with the same annotation. Lithium handles this error by assuming the class cannot be included in some optimizations.
[07Apr2025 12:30:21.075] [main/ERROR] [net.minecraftforge.fml.loading.RuntimeDistCleaner/DISTXFORM]: Attempted to load class net/minecraft/client/renderer/block/model/BlockModel for invalid dist DEDICATED_SERVER
[07Apr2025 12:30:21.075] [main/WARN] [Radium Class Analysis/]: Radium Class Analysis Error: Class org.betterx.bclib.blocks.BaseBlock cannot be analysed, because getting declared methods crashes with RuntimeException: Attempted to load class net/minecraft/client/renderer/block/model/BlockModel for invalid dist DEDICATED_SERVER. This is usually caused by modded entities declaring methods that have a return type or parameter type that is annotated with @OnlyIn(Dist.CLIENT). Loading the type is not possible, because it only exists in the CLIENT environment. The recommended fix is to annotate the method with this argument or return type with the same annotation. Lithium handles this error by assuming the class cannot be included in some optimizations.
[07Apr2025 12:30:21.076] [main/ERROR] [net.minecraftforge.fml.loading.RuntimeDistCleaner/DISTXFORM]: Attempted to load class net/minecraft/client/renderer/block/model/BlockModel for invalid dist DEDICATED_SERVER
[07Apr2025 12:30:21.076] [main/WARN] [Radium Class Analysis/]: Radium Class Analysis Error: Class org.betterx.bclib.blocks.BaseBlock cannot be analysed, because getting declared methods crashes with RuntimeException: Attempted to load class net/minecraft/client/renderer/block/model/BlockModel for invalid dist DEDICATED_SERVER. This is usually caused by modded entities declaring methods that have a return type or parameter type that is annotated with @OnlyIn(Dist.CLIENT). Loading the type is not possible, because it only exists in the CLIENT environment. The recommended fix is to annotate the method with this argument or return type with the same annotation. Lithium handles this error by assuming the class cannot be included in some optimizations.
[07Apr2025 12:30:21.077] [main/WARN] [Radium Class Analysis/]: Radium Class Analysis Error: Class org.betterx.betterend.blocks.EndPortalBlock cannot be analysed, because getting declared methods crashes with NoClassDefFoundError: net/minecraft/client/color/item/ItemColor. This is usually caused by modded entities declaring methods that have a return type or parameter type that is annotated with @OnlyIn(Dist.CLIENT). Loading the type is not possible, because it only exists in the CLIENT environment. The recommended fix is to annotate the method with this argument or return type with the same annotation. Lithium handles this error by assuming the class cannot be included in some optimizations.
[07Apr2025 12:30:21.078] [main/WARN] [Radium Class Analysis/]: Radium Class Analysis Error: Class org.betterx.betterend.blocks.EndPortalBlock cannot be analysed, because getting declared methods crashes with NoClassDefFoundError: net/minecraft/client/color/item/ItemColor. This is usually caused by modded entities declaring methods that have a return type or parameter type that is annotated with @OnlyIn(Dist.CLIENT). Loading the type is not possible, because it only exists in the CLIENT environment. The recommended fix is to annotate the method with this argument or return type with the same annotation. Lithium handles this error by assuming the class cannot be included in some optimizations.
[07Apr2025 12:30:21.200] [main/INFO] [org.betterx.worlds.together.util.Logger/]: [bclib] Added Config bclib.generator to auto sync (file hash)
[07Apr2025 12:30:21.201] [main/INFO] [org.betterx.worlds.together.util.Logger/]: [bclib] Added Config bclib.main to auto sync (content diff)
[07Apr2025 12:30:21.202] [main/INFO] [org.betterx.worlds.together.util.Logger/]: [bclib] Added Config bclib.biomes to auto sync (file hash)
[07Apr2025 12:30:21.883] [modloading-worker-0/INFO] [MoreTotems/]: Hello Forge world!
[07Apr2025 12:30:21.920] [modloading-worker-0/INFO] [io.wispforest.lmft.LMFTCommon/]: [LMFT]: Loaded Config File!
[07Apr2025 12:30:22.075] [modloading-worker-0/INFO] [com.autovw.advancednetherite.AdvancedNetherite/]: Initializing platform helper for Advanced Netherite!
[07Apr2025 12:30:22.107] [modloading-worker-0/INFO] [com.aetherteam.cumulus.Cumulus/]: Disabling Cumulus as it is on server.
[07Apr2025 12:30:22.426] [modloading-worker-0/INFO] [com.leclowndu93150.corpsecurioscompat.Main/]: Hello from Corpse Curios Compat!
[07Apr2025 12:30:22.441] [modloading-worker-0/INFO] [net.minecraftforge.common.ForgeMod/FORGEMOD]: Forge mod loading, version 47.4.0, for MC 1.20.1 with MCP 20230612.114412
[07Apr2025 12:30:22.441] [modloading-worker-0/INFO] [net.minecraftforge.common.MinecraftForge/FORGE]: MinecraftForge v47.4.0 Initialized
[07Apr2025 12:30:22.505] [modloading-worker-0/INFO] [de.keksuccino.drippyloadingscreen.DrippyLoadingScreen/]: [DRIPPY LOADING SCREEN] Loading v3.0.11 in server-side mode on FORGE!
[07Apr2025 12:30:22.677] [modloading-worker-0/INFO] [showcaseitem/]: Loading config: /workspaces/SERVER/servidor_minecraft/config/showcaseitem-common.toml
[07Apr2025 12:30:22.677] [modloading-worker-0/INFO] [showcaseitem/]: Built config: /workspaces/SERVER/servidor_minecraft/config/showcaseitem-common.toml
[07Apr2025 12:30:22.678] [modloading-worker-0/INFO] [showcaseitem/]: Loaded config: /workspaces/SERVER/servidor_minecraft/config/showcaseitem-common.toml
[07Apr2025 12:30:22.776] [modloading-worker-0/WARN] [Visuality/]: Visuality is installed on a dedicated server, skip loading...
[07Apr2025 12:30:22.827] [modloading-worker-0/INFO] [Puzzles Lib/]: Constructing common components for puzzleslib:main
[07Apr2025 12:30:22.870] [modloading-worker-0/INFO] [zeta/]: Doing super early config setup for zeta
[07Apr2025 12:30:22.915] [Modding Legacy/blue_skies/Supporters thread/INFO] [ModdingLegacy/blue_skies/Supporter/]: Attempting to load the Modding Legacy supporters list from https://moddinglegacy.com/supporters-changelogs/supporters.txt
[07Apr2025 12:30:23.969] [modloading-worker-0/INFO] [Bookshelf/]: Fixing MC-151457. Crafting remainder for minecraft:pufferfish_bucket is now minecraft:bucket.
[07Apr2025 12:30:23.969] [modloading-worker-0/INFO] [Bookshelf/]: Fixing MC-151457. Crafting remainder for minecraft:salmon_bucket is now minecraft:bucket.
[07Apr2025 12:30:23.969] [modloading-worker-0/INFO] [Bookshelf/]: Fixing MC-151457. Crafting remainder for minecraft:cod_bucket is now minecraft:bucket.
[07Apr2025 12:30:23.969] [modloading-worker-0/INFO] [Bookshelf/]: Fixing MC-151457. Crafting remainder for minecraft:tropical_fish_bucket is now minecraft:bucket.
[07Apr2025 12:30:23.969] [modloading-worker-0/INFO] [Bookshelf/]: Fixing MC-151457. Crafting remainder for minecraft:axolotl_bucket is now minecraft:bucket.
[07Apr2025 12:30:23.969] [modloading-worker-0/INFO] [Bookshelf/]: Fixing MC-151457. Crafting remainder for minecraft:powder_snow_bucket is now minecraft:bucket.
[07Apr2025 12:30:23.970] [modloading-worker-0/INFO] [Bookshelf/]: Fixing MC-151457. Crafting remainder for minecraft:tadpole_bucket is now minecraft:bucket.
[07Apr2025 12:30:24.183] [Modding Legacy/blue_skies/Supporters thread/INFO] [ModdingLegacy/blue_skies/Supporter/]: Successfully loaded the Modding Legacy supporters list.
[07Apr2025 12:30:24.394] [modloading-worker-0/INFO] [de.keksuccino.melody.Melody/]: [MELODY] Disabling Melody since it's loaded server-side.
[07Apr2025 12:30:24.449] [modloading-worker-0/INFO] [de.keksuccino.konkrete.Konkrete/]: [KONKRETE] Successfully initialized!
[07Apr2025 12:30:24.449] [modloading-worker-0/INFO] [de.keksuccino.konkrete.Konkrete/]: [KONKRETE] Server-side libs ready to use!
[07Apr2025 12:30:24.704] [modloading-worker-0/INFO] [Collective/]: Loading Collective version 8.1.
[07Apr2025 12:30:24.764] [modloading-worker-0/INFO] [dev.architectury.networking.forge.NetworkManagerImpl/]: Registering C2S receiver with id architectury:sync_ids
[07Apr2025 12:30:24.765] [modloading-worker-0/INFO] [dev.architectury.networking.forge.NetworkManagerImpl/]: Registering C2S receiver with id ftbultimine:key_pressed
[07Apr2025 12:30:24.767] [modloading-worker-0/INFO] [dev.architectury.networking.forge.NetworkManagerImpl/]: Registering C2S receiver with id ftbultimine:mode_changed
[07Apr2025 12:30:24.769] [modloading-worker-0/INFO] [dev.architectury.networking.forge.NetworkManagerImpl/]: Registering C2S receiver with id ftbultimine:sync_config_to_server
[07Apr2025 12:30:24.871] [modloading-worker-0/INFO] [dev.architectury.networking.forge.NetworkManagerImpl/]: Registering C2S receiver with id ftblibrary:edit_nbt_response
[07Apr2025 12:30:24.894] [modloading-worker-0/INFO] [dev.architectury.networking.forge.NetworkManagerImpl/]: Registering C2S receiver with id ftbteams:open_gui
[07Apr2025 12:30:24.896] [modloading-worker-0/INFO] [dev.architectury.networking.forge.NetworkManagerImpl/]: Registering C2S receiver with id ftbteams:update_settings
[07Apr2025 12:30:24.898] [modloading-worker-0/INFO] [dev.architectury.networking.forge.NetworkManagerImpl/]: Registering C2S receiver with id ftbteams:send_message
[07Apr2025 12:30:24.902] [modloading-worker-0/INFO] [dev.architectury.networking.forge.NetworkManagerImpl/]: Registering C2S receiver with id ftbteams:create_party
[07Apr2025 12:30:24.907] [modloading-worker-0/INFO] [dev.architectury.networking.forge.NetworkManagerImpl/]: Registering C2S receiver with id ftbteams:player_gui_operation
[07Apr2025 12:30:24.967] [modloading-worker-0/INFO] [com.cupboard.Cupboard/]: Loaded config for: cupboard.json
[07Apr2025 12:30:25.020] [modloading-worker-0/INFO] [dev.architectury.networking.forge.NetworkManagerImpl/]: Registering C2S receiver with id ftbquests:submit_task
[07Apr2025 12:30:25.021] [modloading-worker-0/INFO] [dev.architectury.networking.forge.NetworkManagerImpl/]: Registering C2S receiver with id ftbquests:claim_reward
[07Apr2025 12:30:25.022] [modloading-worker-0/INFO] [dev.architectury.networking.forge.NetworkManagerImpl/]: Registering C2S receiver with id ftbquests:get_emergency_items
[07Apr2025 12:30:25.024] [modloading-worker-0/INFO] [dev.architectury.networking.forge.NetworkManagerImpl/]: Registering C2S receiver with id ftbquests:claim_all_rewards
[07Apr2025 12:30:25.024] [modloading-worker-0/INFO] [dev.architectury.networking.forge.NetworkManagerImpl/]: Registering C2S receiver with id ftbquests:claim_choice_reward
[07Apr2025 12:30:25.030] [modloading-worker-0/INFO] [dev.architectury.networking.forge.NetworkManagerImpl/]: Registering C2S receiver with id ftbquests:toggle_pinned
[07Apr2025 12:30:25.031] [modloading-worker-0/INFO] [dev.architectury.networking.forge.NetworkManagerImpl/]: Registering C2S receiver with id ftbquests:toggle_chapter_pinned
[07Apr2025 12:30:25.033] [modloading-worker-0/INFO] [dev.architectury.networking.forge.NetworkManagerImpl/]: Registering C2S receiver with id ftbquests:toggle_editing_mode
[07Apr2025 12:30:25.035] [modloading-worker-0/INFO] [dev.architectury.networking.forge.NetworkManagerImpl/]: Registering C2S receiver with id ftbquests:force_save
[07Apr2025 12:30:25.040] [modloading-worker-0/INFO] [dev.architectury.networking.forge.NetworkManagerImpl/]: Registering C2S receiver with id ftbquests:set_custom_image
[07Apr2025 12:30:25.043] [modloading-worker-0/INFO] [Void Totem/]: Loading up Void Totem (Forge)
[07Apr2025 12:30:25.045] [modloading-worker-0/INFO] [dev.architectury.networking.forge.NetworkManagerImpl/]: Registering C2S receiver with id ftbquests:task_screen_config_resp
[07Apr2025 12:30:25.046] [modloading-worker-0/INFO] [dev.architectury.networking.forge.NetworkManagerImpl/]: Registering C2S receiver with id ftbquests:change_progress
[07Apr2025 12:30:25.047] [modloading-worker-0/INFO] [dev.architectury.networking.forge.NetworkManagerImpl/]: Registering C2S receiver with id ftbquests:create_object
[07Apr2025 12:30:25.048] [modloading-worker-0/INFO] [dev.architectury.networking.forge.NetworkManagerImpl/]: Registering C2S receiver with id ftbquests:create_task_at
[07Apr2025 12:30:25.049] [modloading-worker-0/INFO] [dev.architectury.networking.forge.NetworkManagerImpl/]: Registering C2S receiver with id ftbquests:delete_object
[07Apr2025 12:30:25.050] [modloading-worker-0/INFO] [dev.architectury.networking.forge.NetworkManagerImpl/]: Registering C2S receiver with id ftbquests:edit_object
[07Apr2025 12:30:25.054] [modloading-worker-0/INFO] [dev.architectury.networking.forge.NetworkManagerImpl/]: Registering C2S receiver with id ftbquests:move_chapter
[07Apr2025 12:30:25.055] [modloading-worker-0/INFO] [dev.architectury.networking.forge.NetworkManagerImpl/]: Registering C2S receiver with id ftbquests:move_quest
[07Apr2025 12:30:25.056] [modloading-worker-0/INFO] [dev.architectury.networking.forge.NetworkManagerImpl/]: Registering C2S receiver with id ftbquests:change_chapter_group
[07Apr2025 12:30:25.058] [modloading-worker-0/INFO] [dev.architectury.networking.forge.NetworkManagerImpl/]: Registering C2S receiver with id ftbquests:move_chapter_group
[07Apr2025 12:30:25.064] [modloading-worker-0/INFO] [dev.architectury.networking.forge.NetworkManagerImpl/]: Registering C2S receiver with id ftbquests:copy_quest
[07Apr2025 12:30:25.067] [modloading-worker-0/INFO] [dev.architectury.networking.forge.NetworkManagerImpl/]: Registering C2S receiver with id ftbquests:copy_chapter_image
[07Apr2025 12:30:25.068] [modloading-worker-0/INFO] [dev.architectury.networking.forge.NetworkManagerImpl/]: Registering C2S receiver with id ftbquests:sync_structures_request
[07Apr2025 12:30:25.069] [modloading-worker-0/INFO] [dev.architectury.networking.forge.NetworkManagerImpl/]: Registering C2S receiver with id ftbquests:request_team_data
[07Apr2025 12:30:25.206] [modloading-worker-0/INFO] [Puzzles Lib/]: Constructing common components for easymagic:main
[07Apr2025 12:30:25.256] [modloading-worker-0/ERROR] [net.minecraftforge.eventbus.EventSubclassTransformer/EVENTBUS]: Could not find parent net/minecraft/client/renderer/entity/layers/RenderLayer for class com/obscuria/obscureapi/client/renderer/PatreonLayer in classloader cpw.mods.modlauncher.TransformingClassLoader@544300a6 on thread Thread[modloading-worker-0,5,main]
[07Apr2025 12:30:25.256] [modloading-worker-0/ERROR] [net.minecraftforge.eventbus.EventSubclassTransformer/EVENTBUS]: An error occurred building event handler
java.lang.ClassNotFoundException: net.minecraft.client.renderer.entity.layers.RenderLayer
	at cpw.mods.cl.ModuleClassLoader.loadClass(ModuleClassLoader.java:141) ~[securejarhandler-2.1.10.jar:?]
	at java.lang.ClassLoader.loadClass(ClassLoader.java:525) ~[?:?]
	at net.minecraftforge.eventbus.EventSubclassTransformer.buildEvents(EventSubclassTransformer.java:97) ~[eventbus-6.0.5.jar%2352!/:?]
	at net.minecraftforge.eventbus.EventSubclassTransformer.transform(EventSubclassTransformer.java:48) ~[eventbus-6.0.5.jar%2352!/:?]
	at net.minecraftforge.eventbus.EventBusEngine.processClass(EventBusEngine.java:26) ~[eventbus-6.0.5.jar%2352!/:?]
	at net.minecraftforge.eventbus.service.ModLauncherService.processClassWithFlags(ModLauncherService.java:32) ~[eventbus-6.0.5.jar%2352!/:6.0.5+6.0.5+master.eb8e549b]
	at cpw.mods.modlauncher.LaunchPluginHandler.offerClassNodeToPlugins(LaunchPluginHandler.java:88) ~[modlauncher-10.0.9.jar%2355!/:?]
	at cpw.mods.modlauncher.ClassTransformer.transform(ClassTransformer.java:120) ~[modlauncher-10.0.9.jar%2355!/:?]
	at cpw.mods.modlauncher.TransformingClassLoader.maybeTransformClassBytes(TransformingClassLoader.java:50) ~[modlauncher-10.0.9.jar%2355!/:?]
	at cpw.mods.cl.ModuleClassLoader.readerToClass(ModuleClassLoader.java:113) ~[securejarhandler-2.1.10.jar:?]
	at cpw.mods.cl.ModuleClassLoader.lambda$findClass$15(ModuleClassLoader.java:219) ~[securejarhandler-2.1.10.jar:?]
	at cpw.mods.cl.ModuleClassLoader.loadFromModule(ModuleClassLoader.java:229) ~[securejarhandler-2.1.10.jar:?]
	at cpw.mods.cl.ModuleClassLoader.findClass(ModuleClassLoader.java:219) ~[securejarhandler-2.1.10.jar:?]
	at cpw.mods.cl.ModuleClassLoader.loadClass(ModuleClassLoader.java:135) ~[securejarhandler-2.1.10.jar:?]
	at java.lang.ClassLoader.loadClass(ClassLoader.java:525) ~[?:?]
	at java.lang.ClassLoader.defineClass0(Native Method) ~[?:?]
	at java.lang.System$2.defineClass(System.java:2324) ~[?:?]
	at java.lang.invoke.MethodHandles$Lookup$ClassDefiner.defineClass(MethodHandles.java:2439) ~[?:?]
	at java.lang.invoke.MethodHandles$Lookup$ClassDefiner.defineClassAsLookup(MethodHandles.java:2420) ~[?:?]
	at java.lang.invoke.MethodHandles$Lookup.defineHiddenClass(MethodHandles.java:2127) ~[?:?]
	at java.lang.invoke.InnerClassLambdaMetafactory.generateInnerClass(InnerClassLambdaMetafactory.java:407) ~[?:?]
	at java.lang.invoke.InnerClassLambdaMetafactory.spinInnerClass(InnerClassLambdaMetafactory.java:315) ~[?:?]
	at java.lang.invoke.InnerClassLambdaMetafactory.buildCallSite(InnerClassLambdaMetafactory.java:228) ~[?:?]
	at java.lang.invoke.LambdaMetafactory.metafactory(LambdaMetafactory.java:341) ~[?:?]
	at java.lang.invoke.BootstrapMethodInvoker.invoke(BootstrapMethodInvoker.java:134) ~[?:?]
	at java.lang.invoke.CallSite.makeSite(CallSite.java:315) ~[?:?]
	at java.lang.invoke.MethodHandleNatives.linkCallSiteImpl(MethodHandleNatives.java:281) ~[?:?]
	at java.lang.invoke.MethodHandleNatives.linkCallSite(MethodHandleNatives.java:271) ~[?:?]
	at com.obscuria.obscureapi.client.renderer.PatreonLayer$Mode.<clinit>(PatreonLayer.java:55) ~[obscure_api-15.jar%23494!/:com.obscuria]
	at com.obscuria.obscureapi.ObscureAPIConfig$Client.<clinit>(ObscureAPIConfig.java:28) ~[obscure_api-15.jar%23494!/:com.obscuria]
	at com.obscuria.obscureapi.ObscureAPIConfig.register(ObscureAPIConfig.java:46) ~[obscure_api-15.jar%23494!/:com.obscuria]
	at com.obscuria.obscureapi.ObscureAPI.<init>(ObscureAPI.java:69) ~[obscure_api-15.jar%23494!/:com.obscuria]
	at jdk.internal.reflect.NativeConstructorAccessorImpl.newInstance0(Native Method) ~[?:?]
	at jdk.internal.reflect.NativeConstructorAccessorImpl.newInstance(NativeConstructorAccessorImpl.java:77) ~[?:?]
	at jdk.internal.reflect.DelegatingConstructorAccessorImpl.newInstance(DelegatingConstructorAccessorImpl.java:45) ~[?:?]
	at java.lang.reflect.Constructor.newInstanceWithCaller(Constructor.java:500) ~[?:?]
	at java.lang.reflect.Constructor.newInstance(Constructor.java:481) ~[?:?]
	at net.minecraftforge.fml.javafmlmod.FMLModContainer.constructMod(FMLModContainer.java:77) ~[javafmllanguage-1.20.1-47.4.0.jar%23573!/:?]
	at net.minecraftforge.fml.ModContainer.lambda$buildTransitionHandler$5(ModContainer.java:126) ~[fmlcore-1.20.1-47.4.0.jar%23572!/:?]
	at java.util.concurrent.CompletableFuture$AsyncRun.run(CompletableFuture.java:1804) ~[?:?]
	at java.util.concurrent.CompletableFuture$AsyncRun.exec(CompletableFuture.java:1796) ~[?:?]
	at java.util.concurrent.ForkJoinTask.doExec(ForkJoinTask.java:373) ~[?:?]
	at java.util.concurrent.ForkJoinPool$WorkQueue.topLevelExec(ForkJoinPool.java:1182) ~[?:?]
	at java.util.concurrent.ForkJoinPool.scan(ForkJoinPool.java:1655) ~[?:?]
	at java.util.concurrent.ForkJoinPool.runWorker(ForkJoinPool.java:1622) ~[?:?]
	at java.util.concurrent.ForkJoinWorkerThread.run(ForkJoinWorkerThread.java:165) ~[?:?]
[07Apr2025 12:30:25.259] [modloading-worker-0/ERROR] [net.minecraftforge.fml.loading.RuntimeDistCleaner/DISTXFORM]: Attempted to load class com/obscuria/obscureapi/client/renderer/PatreonLayer for invalid dist DEDICATED_SERVER
[07Apr2025 12:30:25.294] [modloading-worker-0/INFO] [com.simibubi.create.Create/]: Create 6.0.4 initializing! Commit hash: 254bb816aee1c056c74b2ad4beb88222a499da78
[07Apr2025 12:30:25.318] [modloading-worker-0/INFO] [net.potionstudios.biomeswevegone.BiomesWeveGone/]: Registering Oh The Biomes We've Gone items
[07Apr2025 12:30:25.408] [modloading-worker-0/INFO] [net.potionstudios.biomeswevegone.BiomesWeveGone/]: Registering Oh The Biomes We've Gone Blocks
[07Apr2025 12:30:25.471] [modloading-worker-0/INFO] [net.potionstudios.biomeswevegone.BiomesWeveGone/]: Registering Oh The Biomes We've Gone Wood
[07Apr2025 12:30:25.473] [modloading-worker-0/INFO] [net.potionstudios.biomeswevegone.BiomesWeveGone/]: Registering Oh The Biomes We've Gone Block Entities
[07Apr2025 12:30:25.473] [modloading-worker-0/INFO] [net.potionstudios.biomeswevegone.BiomesWeveGone/]: Registering Oh The Biomes We've Gone Entities
[07Apr2025 12:30:25.475] [modloading-worker-0/INFO] [net.potionstudios.biomeswevegone.BiomesWeveGone/]: Registering Oh The Biomes We've Gone Creative Tabs
[07Apr2025 12:30:25.476] [modloading-worker-0/INFO] [net.potionstudios.biomeswevegone.BiomesWeveGone/]: Registering Oh The Biomes We've Gone Sounds
[07Apr2025 12:30:25.477] [modloading-worker-0/INFO] [net.potionstudios.biomeswevegone.BiomesWeveGone/]: Registering Oh The Biomes We've Gone Block Predicate
[07Apr2025 12:30:25.482] [modloading-worker-0/INFO] [net.potionstudios.biomeswevegone.BiomesWeveGone/]: Registering Oh The Biomes We've Gone State Providers
[07Apr2025 12:30:25.489] [modloading-worker-0/INFO] [net.potionstudios.biomeswevegone.BiomesWeveGone/]: Registering Oh The Biomes We've Gone Tree Decorators
[07Apr2025 12:30:25.507] [modloading-worker-0/INFO] [net.potionstudios.biomeswevegone.BiomesWeveGone/]: Registering Oh The Biomes We've Gone Custom Features
[07Apr2025 12:30:25.513] [modloading-worker-0/INFO] [net.potionstudios.biomeswevegone.BiomesWeveGone/]: Registering Oh The Biomes We've Gone Structure Pieces
[07Apr2025 12:30:25.514] [modloading-worker-0/INFO] [net.potionstudios.biomeswevegone.BiomesWeveGone/]: Registering Oh The Biomes We've Gone Custom Structure Types
[07Apr2025 12:30:25.522] [modloading-worker-0/INFO] [net.potionstudios.biomeswevegone.BiomesWeveGone/]: Registering Oh The Biomes We've Gone Configured Features
[07Apr2025 12:30:25.548] [modloading-worker-0/INFO] [net.potionstudios.biomeswevegone.BiomesWeveGone/]: Creating and Registering Overworld Vegetation Configured Features
[07Apr2025 12:30:25.663] [modloading-worker-0/INFO] [net.potionstudios.biomeswevegone.BiomesWeveGone/]: Registering Oh The Biomes We've Gone Tree Configured Features
[07Apr2025 12:30:25.664] [modloading-worker-0/INFO] [dev.architectury.networking.forge.NetworkManagerImpl/]: Registering C2S receiver with id artifacts:networking_channel/42a7ad70b1cc371599a0eff744096b8a
[07Apr2025 12:30:25.666] [modloading-worker-0/INFO] [net.potionstudios.biomeswevegone.BiomesWeveGone/]: Creating and Registering Vanilla Configured Features
[07Apr2025 12:30:25.667] [modloading-worker-0/INFO] [dev.architectury.networking.forge.NetworkManagerImpl/]: Registering C2S receiver with id artifacts:networking_channel/74a5e841822a3a87854ae896a33430d6
[07Apr2025 12:30:25.670] [modloading-worker-0/INFO] [dev.architectury.networking.forge.NetworkManagerImpl/]: Registering C2S receiver with id artifacts:networking_channel/eb3d1e2748533430848cadf0f37c7e9c
[07Apr2025 12:30:25.672] [modloading-worker-0/INFO] [dev.architectury.networking.forge.NetworkManagerImpl/]: Registering C2S receiver with id artifacts:networking_channel/91c8520f19f93b3e8b6a727568e194ab
[07Apr2025 12:30:25.673] [modloading-worker-0/INFO] [net.potionstudios.biomeswevegone.BiomesWeveGone/]: Registering Oh The Biomes You'll Go Overworld Configured Features
[07Apr2025 12:30:25.675] [modloading-worker-0/INFO] [dev.architectury.networking.forge.NetworkManagerImpl/]: Registering C2S receiver with id artifacts:networking_channel/8c2784d778293fd482ed84b8aa5fedb9
[07Apr2025 12:30:25.679] [modloading-worker-0/INFO] [dev.architectury.networking.forge.NetworkManagerImpl/]: Registering C2S receiver with id artifacts:networking_channel/ea038224ea783d40b2863f52239e2604
[07Apr2025 12:30:25.679] [modloading-worker-0/INFO] [net.potionstudios.biomeswevegone.BiomesWeveGone/]: Registering Oh The Biomes We've Gone Placed Features
[07Apr2025 12:30:25.681] [modloading-worker-0/INFO] [dev.architectury.networking.forge.NetworkManagerImpl/]: Registering C2S receiver with id artifacts:networking_channel/97ad64b7ecaf33209991c4f031501a58
[07Apr2025 12:30:25.690] [modloading-worker-0/INFO] [net.potionstudios.biomeswevegone.BiomesWeveGone/]: Creating and Registering Overworld Tree Placed Features
[07Apr2025 12:30:25.703] [modloading-worker-0/INFO] [net.potionstudios.biomeswevegone.BiomesWeveGone/]: Creating and Registering Overworld Vegetation Placed Features
[07Apr2025 12:30:25.707] [modloading-worker-0/INFO] [net.potionstudios.biomeswevegone.BiomesWeveGone/]: Creating and Registering Vanilla Placed Features
[07Apr2025 12:30:25.707] [modloading-worker-0/INFO] [net.potionstudios.biomeswevegone.BiomesWeveGone/]: Registering Oh The Biomes We've Gone Custom Surface Rules
[07Apr2025 12:30:25.717] [modloading-worker-0/INFO] [net.potionstudios.biomeswevegone.BiomesWeveGone/]: Registering Oh The Biomes We've Gone Template Pools
[07Apr2025 12:30:25.734] [modloading-worker-0/INFO] [net.potionstudios.biomeswevegone.BiomesWeveGone/]: Registering Oh The Biome's We've Gone Village Template Pools
[07Apr2025 12:30:25.738] [modloading-worker-0/INFO] [net.potionstudios.biomeswevegone.BiomesWeveGone/]: Registering Oh The Biomes We've Gone Poi Types
[07Apr2025 12:30:25.740] [modloading-worker-0/INFO] [net.potionstudios.biomeswevegone.BiomesWeveGone/]: Registering Oh The Biomes We've Gone Villager Professions
[07Apr2025 12:30:25.743] [modloading-worker-0/INFO] [net.potionstudios.biomeswevegone.BiomesWeveGone/]: Registering Oh The Biomes We've Gone Custom Structure Processors
[07Apr2025 12:30:25.893] [modloading-worker-0/INFO] [coroutil/]: forge loader environment detected
[07Apr2025 12:30:25.990] [modloading-worker-0/INFO] [dev.architectury.networking.forge.NetworkManagerImpl/]: Registering C2S receiver with id ftbchunks:request_map_data
[07Apr2025 12:30:25.995] [modloading-worker-0/INFO] [dev.architectury.networking.forge.NetworkManagerImpl/]: Registering C2S receiver with id ftbchunks:share_waypoint
[07Apr2025 12:30:26.006] [modloading-worker-0/INFO] [dev.architectury.networking.forge.NetworkManagerImpl/]: Registering C2S receiver with id ftbchunks:request_chunk_change
[07Apr2025 12:30:26.014] [modloading-worker-0/INFO] [dev.architectury.networking.forge.NetworkManagerImpl/]: Registering C2S receiver with id ftbchunks:teleport_from_map
[07Apr2025 12:30:26.017] [modloading-worker-0/INFO] [dev.architectury.networking.forge.NetworkManagerImpl/]: Registering C2S receiver with id ftbchunks:sync_tx
[07Apr2025 12:30:26.020] [modloading-worker-0/INFO] [dev.architectury.networking.forge.NetworkManagerImpl/]: Registering C2S receiver with id ftbchunks:update_force_load_expiry
[07Apr2025 12:30:26.022] [modloading-worker-0/INFO] [dev.architectury.networking.forge.NetworkManagerImpl/]: Registering C2S receiver with id ftbchunks:server_config_request
[07Apr2025 12:30:26.747] [modloading-worker-0/INFO] [quark/]: Initializing TerraBlender underground biome compat
[07Apr2025 12:30:26.995] [modloading-worker-0/INFO] [net.minecraftforge.coremod.CoreMod.apotheosis/COREMODLOG]: Replaced 1 calls to Enchantment#getMaxLevel() in org/violetmoon/quark/content/experimental/module/GameNerfsModule
[07Apr2025 12:30:27.290] [modloading-worker-0/INFO] [net.minecraftforge.coremod.CoreMod.apotheosis/COREMODLOG]: Replaced 5 calls to Enchantment#getMaxLevel() in org/violetmoon/quark/content/tools/module/AncientTomesModule
[07Apr2025 12:30:27.323] [modloading-worker-0/INFO] [quark-zeta/]: Discovered 164 modules to load.
[07Apr2025 12:30:27.323] [modloading-worker-0/INFO] [quark-zeta/]: Constructing module Abacus...
[07Apr2025 12:30:27.337] [modloading-worker-0/INFO] [quark-zeta/]: Constructing module Adjustable Chat...
[07Apr2025 12:30:27.338] [modloading-worker-0/INFO] [quark-zeta/]: Constructing module Ambient Discs...
[07Apr2025 12:30:27.340] [modloading-worker-0/INFO] [quark-zeta/]: Constructing module Ancient Tomes...
[07Apr2025 12:30:27.349] [modloading-worker-0/INFO] [net.minecraftforge.coremod.CoreMod.apotheosis/COREMODLOG]: Replaced 3 calls to Enchantment#getMaxLevel() in org/violetmoon/quark/content/tools/item/AncientTomeItem
[07Apr2025 12:30:27.358] [modloading-worker-0/INFO] [quark-zeta/]: Constructing module Ancient Wood...
[07Apr2025 12:30:27.371] [modloading-worker-0/INFO] [quark-zeta/]: Constructing module Armed Armor Stands...
[07Apr2025 12:30:27.372] [modloading-worker-0/INFO] [quark-zeta/]: Constructing module Auto Walk Keybind...
[07Apr2025 12:30:27.373] [modloading-worker-0/INFO] [quark-zeta/]: Constructing module Automatic Recipe Unlock...
[07Apr2025 12:30:27.375] [modloading-worker-0/INFO] [quark-zeta/]: Constructing module Automatic Tool Restock...
[07Apr2025 12:30:27.379] [modloading-worker-0/INFO] [quark-zeta/]: Constructing module Azalea Wood...
[07Apr2025 12:30:27.380] [modloading-worker-0/INFO] [quark-zeta/]: Constructing module Back Button Keybind...
[07Apr2025 12:30:27.386] [modloading-worker-0/INFO] [quark-zeta/]: Constructing module Backpack...
[07Apr2025 12:30:27.395] [modloading-worker-0/INFO] [quark-zeta/]: Constructing module Beacon Redirection...
[07Apr2025 12:30:27.397] [modloading-worker-0/INFO] [quark-zeta/]: Constructing module Better Elytra Rocket...
[07Apr2025 12:30:27.397] [modloading-worker-0/INFO] [quark-zeta/]: Constructing module Big Stone Clusters...
[07Apr2025 12:30:27.409] [modloading-worker-0/INFO] [quark-zeta/]: Constructing module Blossom Trees...
[07Apr2025 12:30:27.413] [modloading-worker-0/INFO] [quark-zeta/]: Constructing module Bottled Cloud...
[07Apr2025 12:30:27.418] [modloading-worker-0/INFO] [quark-zeta/]: Constructing module Buckets Show Inhabitants...
[07Apr2025 12:30:27.418] [modloading-worker-0/INFO] [quark-zeta/]: Constructing module Camera...
[07Apr2025 12:30:27.420] [modloading-worker-0/INFO] [quark-zeta/]: Constructing module Campfires Boost Elytra...
[07Apr2025 12:30:27.421] [modloading-worker-0/INFO] [quark-zeta/]: Constructing module Celebratory Lamps...
[07Apr2025 12:30:27.422] [modloading-worker-0/INFO] [quark-zeta/]: Constructing module Chains Connect Blocks...
[07Apr2025 12:30:27.423] [modloading-worker-0/INFO] [quark-zeta/]: Constructing module Chest Searching...
[07Apr2025 12:30:27.423] [modloading-worker-0/INFO] [quark-zeta/]: Constructing module Chorus Vegetation...
[07Apr2025 12:30:27.426] [modloading-worker-0/INFO] [quark-zeta/]: Constructing module Chute...
[07Apr2025 12:30:27.428] [modloading-worker-0/INFO] [quark-zeta/]: Constructing module Climate Control Remover...
[07Apr2025 12:30:27.429] [modloading-worker-0/INFO] [quark-zeta/]: Constructing module Color Runes...
[07Apr2025 12:30:27.433] [modloading-worker-0/INFO] [quark-zeta/]: Constructing module Compasses Work Everywhere...
[07Apr2025 12:30:27.433] [modloading-worker-0/INFO] [quark-zeta/]: Constructing module Compressed Blocks...
[07Apr2025 12:30:27.434] [modloading-worker-0/INFO] [quark-zeta/]: Constructing module Coral On Cactus...
[07Apr2025 12:30:27.435] [modloading-worker-0/INFO] [quark-zeta/]: Constructing module Corundum...
[07Apr2025 12:30:27.454] [modloading-worker-0/INFO] [quark-zeta/]: Constructing module Crabs...
[07Apr2025 12:30:27.456] [modloading-worker-0/INFO] [quark-zeta/]: Constructing module Crafter...
[07Apr2025 12:30:27.458] [modloading-worker-0/INFO] [quark-zeta/]: Constructing module Crate...
[07Apr2025 12:30:27.462] [modloading-worker-0/INFO] [quark-zeta/]: Constructing module Diamond Repair...
[07Apr2025 12:30:27.463] [modloading-worker-0/INFO] [quark-zeta/]: Constructing module Dispensers Place Blocks...
[07Apr2025 12:30:27.464] [modloading-worker-0/INFO] [quark-zeta/]: Constructing module Double Door Opening...
[07Apr2025 12:30:27.465] [modloading-worker-0/INFO] [quark-zeta/]: Constructing module Dragon Scales...
[07Apr2025 12:30:27.465] [modloading-worker-0/INFO] [quark-zeta/]: Constructing module Duskbound Blocks...
[07Apr2025 12:30:27.466] [modloading-worker-0/INFO] [quark-zeta/]: Constructing module Dyeable Item Frames...
[07Apr2025 12:30:27.469] [modloading-worker-0/INFO] [quark-zeta/]: Constructing module Easy Transfering...
[07Apr2025 12:30:27.470] [modloading-worker-0/INFO] [quark-zeta/]: Constructing module Elytra Indicator...
[07Apr2025 12:30:27.470] [modloading-worker-0/INFO] [quark-zeta/]: Constructing module Emotes...
[07Apr2025 12:30:27.471] [modloading-worker-0/INFO] [quark-zeta/]: Constructing module Enchantment Predicates...
[07Apr2025 12:30:27.472] [modloading-worker-0/INFO] [quark-zeta/]: Constructing module Enchantments Begone...
[07Apr2025 12:30:27.472] [modloading-worker-0/INFO] [quark-zeta/]: Constructing module Ender Watcher...
[07Apr2025 12:30:27.474] [modloading-worker-0/INFO] [quark-zeta/]: Constructing module Endermosh Music Disc...
[07Apr2025 12:30:27.476] [modloading-worker-0/INFO] [quark-zeta/]: Constructing module Enhanced Ladders...
[07Apr2025 12:30:27.477] [modloading-worker-0/INFO] [quark-zeta/]: Constructing module Expanded Item Interactions...
[07Apr2025 12:30:27.478] [modloading-worker-0/INFO] [quark-zeta/]: Constructing module Fairy Rings...
[07Apr2025 12:30:27.479] [modloading-worker-0/INFO] [quark-zeta/]: Constructing module Fallen Logs...
[07Apr2025 12:30:27.481] [modloading-worker-0/INFO] [quark-zeta/]: Constructing module Feeding Trough...
[07Apr2025 12:30:27.483] [modloading-worker-0/INFO] [quark-zeta/]: Constructing module Forgotten...
[07Apr2025 12:30:27.491] [modloading-worker-0/INFO] [quark-zeta/]: Constructing module Foxhound...
[07Apr2025 12:30:27.493] [modloading-worker-0/INFO] [quark-zeta/]: Constructing module Framed Glass...
[07Apr2025 12:30:27.493] [modloading-worker-0/INFO] [quark-zeta/]: Constructing module Game Nerfs...
[07Apr2025 12:30:27.494] [modloading-worker-0/INFO] [quark-zeta/]: Constructing module Glass Item Frame...
[07Apr2025 12:30:27.497] [modloading-worker-0/INFO] [quark-zeta/]: Constructing module Glass Shard...
[07Apr2025 12:30:27.498] [modloading-worker-0/INFO] [quark-zeta/]: Constructing module Glimmering Weald...
[07Apr2025 12:30:27.516] [modloading-worker-0/INFO] [quark-zeta/]: Constructing module Gold Bars...
[07Apr2025 12:30:27.519] [modloading-worker-0/INFO] [quark-zeta/]: Constructing module Gold Tools Have Fortune...
[07Apr2025 12:30:27.522] [modloading-worker-0/INFO] [quark-zeta/]: Constructing module Grab Chickens...
[07Apr2025 12:30:27.523] [modloading-worker-0/INFO] [quark-zeta/]: Constructing module Grate...
[07Apr2025 12:30:27.527] [modloading-worker-0/INFO] [quark-zeta/]: Constructing module Gravisand...
[07Apr2025 12:30:27.529] [modloading-worker-0/INFO] [quark-zeta/]: Constructing module Greener Grass...
[07Apr2025 12:30:27.530] [modloading-worker-0/INFO] [quark-zeta/]: Constructing module Hedges...
[07Apr2025 12:30:27.531] [modloading-worker-0/INFO] [quark-zeta/]: Constructing module Hoe Harvesting...
[07Apr2025 12:30:27.532] [modloading-worker-0/INFO] [quark-zeta/]: Constructing module Hollow Logs...
[07Apr2025 12:30:27.533] [modloading-worker-0/INFO] [quark-zeta/]: Constructing module Horses Swim...
[07Apr2025 12:30:27.533] [modloading-worker-0/INFO] [quark-zeta/]: Constructing module Hotbar Changer...
[07Apr2025 12:30:27.534] [modloading-worker-0/INFO] [quark-zeta/]: Constructing module Improved Sponges...
[07Apr2025 12:30:27.534] [modloading-worker-0/INFO] [quark-zeta/]: Constructing module Improved Tooltips...
[07Apr2025 12:30:27.535] [modloading-worker-0/INFO] [quark-zeta/]: Constructing module Industrial Palette...
[07Apr2025 12:30:27.536] [modloading-worker-0/INFO] [quark-zeta/]: Constructing module Inventory Sorting...
[07Apr2025 12:30:27.537] [modloading-worker-0/INFO] [quark-zeta/]: Constructing module Iron Rod...
[07Apr2025 12:30:27.546] [modloading-worker-0/INFO] [quark-zeta/]: Constructing module Item Sharing...
[07Apr2025 12:30:27.547] [modloading-worker-0/INFO] [quark-zeta/]: Constructing module Japanese Palette...
[07Apr2025 12:30:27.547] [modloading-worker-0/INFO] [quark-zeta/]: Constructing module Leaf Carpet...
[07Apr2025 12:30:27.548] [modloading-worker-0/INFO] [quark-zeta/]: Constructing module Lock Rotation...
[07Apr2025 12:30:27.548] [modloading-worker-0/INFO] [quark-zeta/]: Constructing module Long Range Pick Block...
[07Apr2025 12:30:27.549] [modloading-worker-0/INFO] [quark-zeta/]: Constructing module Magma Keeps Concrete Powder...
[07Apr2025 12:30:27.549] [modloading-worker-0/INFO] [quark-zeta/]: Constructing module Magnets...
[07Apr2025 12:30:27.552] [modloading-worker-0/INFO] [quark-zeta/]: Constructing module Map Washing...
[07Apr2025 12:30:27.553] [modloading-worker-0/INFO] [quark-zeta/]: Constructing module Matrix Enchanting...
[07Apr2025 12:30:27.559] [modloading-worker-0/INFO] [quark-zeta/]: Constructing module Metal Buttons...
[07Apr2025 12:30:27.560] [modloading-worker-0/INFO] [quark-zeta/]: Constructing module Microcrafting Helper...
[07Apr2025 12:30:27.560] [modloading-worker-0/INFO] [quark-zeta/]: Constructing module Midori...
[07Apr2025 12:30:27.561] [modloading-worker-0/INFO] [quark-zeta/]: Constructing module Monster Box...
[07Apr2025 12:30:27.562] [modloading-worker-0/INFO] [quark-zeta/]: Constructing module More Banner Layers...
[07Apr2025 12:30:27.562] [modloading-worker-0/INFO] [quark-zeta/]: Constructing module More Brick Types...
[07Apr2025 12:30:27.563] [modloading-worker-0/INFO] [quark-zeta/]: Constructing module More Mud Blocks...
[07Apr2025 12:30:27.563] [modloading-worker-0/INFO] [quark-zeta/]: Constructing module More Note Block Sounds...
[07Apr2025 12:30:27.563] [modloading-worker-0/INFO] [quark-zeta/]: Constructing module More Potted Plants...
[07Apr2025 12:30:27.564] [modloading-worker-0/INFO] [quark-zeta/]: Constructing module More Villagers...
[07Apr2025 12:30:27.565] [modloading-worker-0/INFO] [quark-zeta/]: Constructing module Narrator Readout...
[07Apr2025 12:30:27.565] [modloading-worker-0/INFO] [quark-zeta/]: Constructing module Nether Brick Fence Gate...
[07Apr2025 12:30:27.565] [modloading-worker-0/INFO] [quark-zeta/]: Constructing module Nether Obsidian Spikes...
[07Apr2025 12:30:27.592] [modloading-worker-0/INFO] [quark-zeta/]: Constructing module New Stone Types...
[07Apr2025 12:30:27.594] [modloading-worker-0/INFO] [quark-zeta/]: Constructing module No Durability On Cosmetics...
[07Apr2025 12:30:27.595] [modloading-worker-0/INFO] [quark-zeta/]: Constructing module No More Lava Pockets...
[07Apr2025 12:30:27.595] [modloading-worker-0/INFO] [quark-zeta/]: Constructing module Obsidian Plate...
[07Apr2025 12:30:27.595] [modloading-worker-0/INFO] [quark-zeta/]: Constructing module Overlay Shader...
[07Apr2025 12:30:27.596] [modloading-worker-0/INFO] [quark-zeta/]: Constructing module Parrot Eggs...
[07Apr2025 12:30:27.596] [modloading-worker-0/INFO] [quark-zeta/]: Constructing module Pat The Dogs...
[07Apr2025 12:30:27.598] [modloading-worker-0/INFO] [quark-zeta/]: Constructing module Pathfinder Maps...
[07Apr2025 12:30:27.599] [modloading-worker-0/INFO] [quark-zeta/]: Constructing module Permafrost...
[07Apr2025 12:30:27.602] [modloading-worker-0/INFO] [quark-zeta/]: Constructing module Petals On Water...
[07Apr2025 12:30:27.604] [modloading-worker-0/INFO] [quark-zeta/]: Constructing module Pickarang...
[07Apr2025 12:30:27.607] [modloading-worker-0/INFO] [quark-zeta/]: Constructing module Pig Litters...
[07Apr2025 12:30:27.608] [modloading-worker-0/INFO] [quark-zeta/]: Constructing module Pipes...
[07Apr2025 12:30:27.611] [modloading-worker-0/INFO] [quark-zeta/]: Constructing module Pistons Move Tile Entities...
[07Apr2025 12:30:27.612] [modloading-worker-0/INFO] [quark-zeta/]: Constructing module Poison Potato Usage...
[07Apr2025 12:30:27.614] [modloading-worker-0/INFO] [quark-zeta/]: Constructing module Quick Armor Swapping...
[07Apr2025 12:30:27.615] [modloading-worker-0/INFO] [quark-zeta/]: Constructing module Rainbow Lamps...
[07Apr2025 12:30:27.615] [modloading-worker-0/INFO] [quark-zeta/]: Constructing module Raw Metal Bricks...
[07Apr2025 12:30:27.615] [modloading-worker-0/INFO] [quark-zeta/]: Constructing module Reacharound Placing...
[07Apr2025 12:30:27.616] [modloading-worker-0/INFO] [quark-zeta/]: Constructing module Redstone Randomizer...
[07Apr2025 12:30:27.618] [modloading-worker-0/INFO] [quark-zeta/]: Constructing module Renewable Spore Blossoms...
[07Apr2025 12:30:27.619] [modloading-worker-0/INFO] [quark-zeta/]: Constructing module Replace Scaffolding...
[07Apr2025 12:30:27.619] [modloading-worker-0/INFO] [quark-zeta/]: Constructing module Rope...
[07Apr2025 12:30:27.621] [modloading-worker-0/INFO] [quark-zeta/]: Constructing module Safer Creatures...
[07Apr2025 12:30:27.622] [modloading-worker-0/INFO] [quark-zeta/]: Constructing module Seed Pouch...
[07Apr2025 12:30:27.624] [modloading-worker-0/INFO] [quark-zeta/]: Constructing module Shear Vines...
[07Apr2025 12:30:27.630] [modloading-worker-0/INFO] [quark-zeta/]: Constructing module Shiba...
[07Apr2025 12:30:27.631] [modloading-worker-0/INFO] [quark-zeta/]: Constructing module Shingles...
[07Apr2025 12:30:27.632] [modloading-worker-0/INFO] [quark-zeta/]: Constructing module Shulker Packing...
[07Apr2025 12:30:27.633] [modloading-worker-0/INFO] [quark-zeta/]: Constructing module Simple Harvest...
[07Apr2025 12:30:27.634] [modloading-worker-0/INFO] [quark-zeta/]: Constructing module Skull Pikes...
[07Apr2025 12:30:27.638] [modloading-worker-0/INFO] [quark-zeta/]: Constructing module Slabs To Blocks...
[07Apr2025 12:30:27.639] [modloading-worker-0/INFO] [quark-zeta/]: Constructing module Slime In A Bucket...
[07Apr2025 12:30:27.640] [modloading-worker-0/INFO] [quark-zeta/]: Constructing module Slimes To Magma Cubes...
[07Apr2025 12:30:27.641] [modloading-worker-0/INFO] [quark-zeta/]: Constructing module Snow Golem Player Heads...
[07Apr2025 12:30:27.641] [modloading-worker-0/INFO] [quark-zeta/]: Constructing module Soul Candles...
[07Apr2025 12:30:27.641] [modloading-worker-0/INFO] [quark-zeta/]: Constructing module Soul Sandstone...
[07Apr2025 12:30:27.642] [modloading-worker-0/INFO] [quark-zeta/]: Constructing module Spawner Replacer...
[07Apr2025 12:30:27.642] [modloading-worker-0/INFO] [quark-zeta/]: Constructing module Spiral Spires...
[07Apr2025 12:30:27.644] [modloading-worker-0/INFO] [quark-zeta/]: Constructing module Stonelings...
[07Apr2025 12:30:27.648] [modloading-worker-0/INFO] [quark-zeta/]: Constructing module Stools...
[07Apr2025 12:30:27.649] [modloading-worker-0/INFO] [quark-zeta/]: Constructing module Sturdy Stone...
[07Apr2025 12:30:27.649] [modloading-worker-0/INFO] [quark-zeta/]: Constructing module Thatch...
[07Apr2025 12:30:27.651] [modloading-worker-0/INFO] [quark-zeta/]: Constructing module Tiny Potato...
[07Apr2025 12:30:27.651] [modloading-worker-0/INFO] [quark-zeta/]: Constructing module Torch Arrow...
[07Apr2025 12:30:27.653] [modloading-worker-0/INFO] [quark-zeta/]: Constructing module Toretoise...
[07Apr2025 12:30:27.654] [modloading-worker-0/INFO] [quark-zeta/]: Constructing module Totem Of Holding...
[07Apr2025 12:30:27.657] [modloading-worker-0/INFO] [quark-zeta/]: Constructing module Trowel...
[07Apr2025 12:30:27.658] [modloading-worker-0/INFO] [quark-zeta/]: Constructing module Usage Ticker...
[07Apr2025 12:30:27.658] [modloading-worker-0/INFO] [quark-zeta/]: Constructing module Uses For Curses...
[07Apr2025 12:30:27.659] [modloading-worker-0/INFO] [quark-zeta/]: Constructing module Utility Recipes...
[07Apr2025 12:30:27.659] [modloading-worker-0/INFO] [quark-zeta/]: Constructing module Variant Animal Textures...
[07Apr2025 12:30:27.659] [modloading-worker-0/INFO] [quark-zeta/]: Constructing module Variant Bookshelves...
[07Apr2025 12:30:27.660] [modloading-worker-0/INFO] [quark-zeta/]: Constructing module Variant Chests...
[07Apr2025 12:30:27.669] [modloading-worker-0/INFO] [quark-zeta/]: Constructing module Variant Furnaces...
[07Apr2025 12:30:27.675] [modloading-worker-0/INFO] [quark-zeta/]: Constructing module Variant Ladders...
[07Apr2025 12:30:27.678] [modloading-worker-0/INFO] [quark-zeta/]: Constructing module Variant Selector...
[07Apr2025 12:30:27.680] [modloading-worker-0/INFO] [quark-zeta/]: Constructing module Vertical Planks...
[07Apr2025 12:30:27.681] [modloading-worker-0/INFO] [quark-zeta/]: Constructing module Vertical Slabs...
[07Apr2025 12:30:27.691] [modloading-worker-0/INFO] [quark-zeta/]: Constructing module Vexes Die With Their Masters...
[07Apr2025 12:30:27.691] [modloading-worker-0/INFO] [quark-zeta/]: Constructing module Villager Rerolling Rework...
[07Apr2025 12:30:27.692] [modloading-worker-0/INFO] [quark-zeta/]: Constructing module Villagers Follow Emeralds...
[07Apr2025 12:30:27.693] [modloading-worker-0/INFO] [quark-zeta/]: Constructing module Wooden Posts...
[07Apr2025 12:30:27.694] [modloading-worker-0/INFO] [quark-zeta/]: Constructing module Wool Shuts Up Minecarts...
[07Apr2025 12:30:27.695] [modloading-worker-0/INFO] [quark-zeta/]: Constructing module Wraith...
[07Apr2025 12:30:27.696] [modloading-worker-0/INFO] [quark-zeta/]: Constructing module Zombie Villagers On Normal...
[07Apr2025 12:30:27.697] [modloading-worker-0/INFO] [quark-zeta/]: Constructing module More Stone Variants...
[07Apr2025 12:30:27.702] [modloading-worker-0/INFO] [quark-zeta/]: Constructed 164 modules.
[07Apr2025 12:30:27.842] [modloading-worker-0/INFO] [quark-zeta/]: Doing super early config setup for quark
[07Apr2025 12:30:28.033] [modloading-worker-0/INFO] [de.keksuccino.fancymenu.FancyMenu/]: [FANCYMENU] Loading v3.4.6 in server-side mode on FORGE!
[07Apr2025 12:30:28.036] [modloading-worker-0/INFO] [net.permutated.pylons.Pylons/]: Registering mod: pylons
[07Apr2025 12:30:28.086] [modloading-worker-0/INFO] [net.permutated.pylons.Pylons/]: Registered 1 network packets
[07Apr2025 12:30:28.110] [modloading-worker-0/WARN] [de.keksuccino.justzoom.JustZoom/]: [JUST ZOOM] Disabling 'Just Zoom' since it's a client-side mod and current environment is server!
[07Apr2025 12:30:28.111] [modloading-worker-0/INFO] [me.treyruffy.betterf3.BetterF3Forge/]: [BetterF3] Starting...
[07Apr2025 12:30:28.111] [modloading-worker-0/WARN] [me.treyruffy.betterf3.BetterF3Forge/]: [BetterF3] Not supported on dedicated server!
[07Apr2025 12:30:28.113] [modloading-worker-0/INFO] [be.florens.expandability.ExpandAbility/]: ExpandAbility here, who dis?
[07Apr2025 12:30:28.114] [modloading-worker-0/INFO] [YetAnotherConfigLib/]: Deserializing YACLConfig from '/workspaces/SERVER/servidor_minecraft/config/yacl.json5'
[07Apr2025 12:30:28.410] [main/INFO] [net.minecraft.resources.RegistryDataLoader/]: Capturing existing worldgen registries
[07Apr2025 12:30:28.411] [main/INFO] [net.minecraft.resources.RegistryDataLoader/]: Found 2 injected RegistryDataLoader worldgen registries
[07Apr2025 12:30:29.420] [main/INFO] [net.minecraftforge.coremod.CoreMod.apotheosis/COREMODLOG]: Replaced 1 calls to Enchantment#getMaxLevel() in org/violetmoon/quark/content/tools/loot/EnchantTome
[07Apr2025 12:30:33.901] [main/ERROR] [net.minecraftforge.fml.loading.RuntimeDistCleaner/DISTXFORM]: Attempted to load class com/mojang/blaze3d/vertex/PoseStack for invalid dist DEDICATED_SERVER
[07Apr2025 12:30:33.901] [main/WARN] [Radium Class Analysis/]: Radium Class Analysis Error: Class net.mehvahdjukaar.supplementaries.common.block.blocks.CannonBlock cannot be analysed, because getting declared methods crashes with RuntimeException: Attempted to load class com/mojang/blaze3d/vertex/PoseStack for invalid dist DEDICATED_SERVER. This is usually caused by modded entities declaring methods that have a return type or parameter type that is annotated with @OnlyIn(Dist.CLIENT). Loading the type is not possible, because it only exists in the CLIENT environment. The recommended fix is to annotate the method with this argument or return type with the same annotation. Lithium handles this error by assuming the class cannot be included in some optimizations.
[07Apr2025 12:30:33.902] [main/ERROR] [net.minecraftforge.fml.loading.RuntimeDistCleaner/DISTXFORM]: Attempted to load class com/mojang/blaze3d/vertex/PoseStack for invalid dist DEDICATED_SERVER
[07Apr2025 12:30:33.902] [main/WARN] [Radium Class Analysis/]: Radium Class Analysis Error: Class net.mehvahdjukaar.supplementaries.common.block.blocks.CannonBlock cannot be analysed, because getting declared methods crashes with RuntimeException: Attempted to load class com/mojang/blaze3d/vertex/PoseStack for invalid dist DEDICATED_SERVER. This is usually caused by modded entities declaring methods that have a return type or parameter type that is annotated with @OnlyIn(Dist.CLIENT). Loading the type is not possible, because it only exists in the CLIENT environment. The recommended fix is to annotate the method with this argument or return type with the same annotation. Lithium handles this error by assuming the class cannot be included in some optimizations.
[07Apr2025 12:30:34.100] [main/WARN] [Moonlight/]: Failed to find custom wood type ars_nouveau:yellow_archwood
[07Apr2025 12:30:34.101] [main/WARN] [Moonlight/]: Failed to find custom wood type biomesoplenty:red_maple
[07Apr2025 12:30:34.101] [main/WARN] [Moonlight/]: Failed to find custom wood type biomesoplenty:orange_maple
[07Apr2025 12:30:34.101] [main/WARN] [Moonlight/]: Failed to find custom wood type biomesoplenty:yellow_maple
[07Apr2025 12:30:34.138] [main/INFO] [Moonlight/]: Initialized block sets in 96ms
[07Apr2025 12:30:35.334] [main/WARN] [supermartijn642corelib/]: Could not find value 'formations:template_editor' in registry 'minecraft:item' for @RegistryEntryAcceptor!
[07Apr2025 12:30:35.600] [main/ERROR] [mixin/]: Injection error: LVT in net/minecraft/world/entity/npc/VillagerTrades$EmeraldsForVillagerTypeItem::m_213663_(Lnet/minecraft/world/entity/Entity;Lnet/minecraft/util/RandomSource;)Lnet/minecraft/world/item/trading/MerchantOffer; has incompatible changes at opcode 34 in callback fabric-object-builder-v1.mixins.json:TradeOffersTypeAwareBuyForOneEmeraldFactoryMixin from mod fabric_object_builder_api_v1->@Inject::failOnNullItem(Lnet/minecraft/world/entity/Entity;Lnet/minecraft/util/RandomSource;Lorg/spongepowered/asm/mixin/injection/callback/CallbackInfoReturnable;Lnet/minecraft/world/item/ItemStack;)V.
 Expected: [Lnet/minecraft/world/item/ItemStack;]
    Found: [Lnet/minecraft/world/item/Item;]
Available: [Lnet/minecraft/world/item/Item;, Lnet/minecraft/world/item/ItemStack;]
[07Apr2025 12:30:35.605] [main/INFO] [net.minecraftforge.coremod.CoreMod.apotheosis/COREMODLOG]: Replaced 1 calls to Enchantment#getMaxLevel() in net/minecraft/world/entity/npc/VillagerTrades$EnchantBookForEmeralds
[07Apr2025 12:30:35.606] [main/INFO] [net.minecraftforge.coremod.CoreMod.apotheosis/COREMODLOG]: Replaced 1 calls to Enchantment#isTreasureOnly() in net/minecraft/world/entity/npc/VillagerTrades$EnchantBookForEmeralds
[07Apr2025 12:30:35.606] [main/INFO] [net.minecraftforge.coremod.CoreMod.apotheosis/COREMODLOG]: Replaced 1 calls to Enchantment#isTradeable() in net/minecraft/world/entity/npc/VillagerTrades$EnchantBookForEmeralds
[07Apr2025 12:30:36.257] [main/WARN] [dev.architectury.registry.registries.forge.RegistrarManagerImpl/]: Registry entry listened Registry Entry [minecraft:entity_type / artifacts:mimic] was not realized!
[07Apr2025 12:30:36.940] [main/INFO] [ModernFix/]: Bypassed Mojang DFU
[07Apr2025 12:30:36.941] [main/INFO] [ModernFix/]: Instantiating Mojang DFU
[07Apr2025 12:30:39.034] [main/INFO] [ModdingLegacy/StructureGel/]: [structure_gel] Registering data for structure_gel:loot_table_alias
[07Apr2025 12:30:39.046] [main/INFO] [ModdingLegacy/StructureGel/]: [structure_gel] Registering data for structure_gel:data_handler_type
[07Apr2025 12:30:39.050] [main/INFO] [ModdingLegacy/StructureGel/]: [structure_gel] Registering data for structure_gel:dynamic_spawner
[07Apr2025 12:30:39.053] [main/INFO] [ModdingLegacy/StructureGel/]: [structure_gel] Registering data for structure_gel:jigsaw_type
[07Apr2025 12:30:39.147] [main/WARN] [net.minecraftforge.registries.ForgeRegistry/REGISTRIES]: Registry forge:global_loot_modifier_serializers: The object RecordCodec[UnitDecoder[vectorwing.farmersdelight.common.loot.modifier.AddItemModifier$$Lambda$32223/0x000077465fa798c0@62cb265d] * Field[conditions: passthrough[flatXmapped]] * Field[item: net.minecraftforge.registries.ForgeRegistry$RegistryCodec@693b5f13] * OptionalFieldCodec[count: Int][xmapped]] has been registered twice for the same name farmersdelight:add_item.
[07Apr2025 12:30:39.148] [main/WARN] [net.minecraftforge.registries.ForgeRegistry/REGISTRIES]: Registry forge:global_loot_modifier_serializers: The object RecordCodec[UnitDecoder[vectorwing.farmersdelight.common.loot.modifier.ReplaceItemModifier$$Lambda$32228/0x000077465fa7a400@135e960a] * Field[conditions: passthrough[flatXmapped]] * Field[removed_item: net.minecraftforge.registries.ForgeRegistry$RegistryCodec@693b5f13] * Field[added_item: net.minecraftforge.registries.ForgeRegistry$RegistryCodec@693b5f13] * OptionalFieldCodec[count: Int][xmapped]] has been registered twice for the same name farmersdelight:replace_item.
[07Apr2025 12:30:39.148] [main/WARN] [net.minecraftforge.registries.ForgeRegistry/REGISTRIES]: Registry forge:global_loot_modifier_serializers: The object RecordCodec[UnitDecoder[vectorwing.farmersdelight.common.loot.modifier.AddLootTableModifier$$Lambda$32231/0x000077465fa7aad0@4bcf9b10] * Field[conditions: passthrough[flatXmapped]] * Field[lootTable: String[comapFlatMapped]]] has been registered twice for the same name farmersdelight:add_loot_table.
[07Apr2025 12:30:39.148] [main/WARN] [net.minecraftforge.registries.ForgeRegistry/REGISTRIES]: Registry forge:global_loot_modifier_serializers: The object RecordCodec[UnitDecoder[vectorwing.farmersdelight.common.loot.modifier.PastrySlicingModifier$$Lambda$32234/0x000077465fa7b180@708da5fa] * Field[conditions: passthrough[flatXmapped]] * Field[slice: net.minecraftforge.registries.ForgeRegistry$RegistryCodec@693b5f13]] has been registered twice for the same name farmersdelight:pastry_slicing.
[07Apr2025 12:30:39.433] [main/WARN] [net.minecraft.network.syncher.SynchedEntityData/]: defineId called for: class com.github.alexmodguy.alexscaves.server.entity.living.TremorzillaEntity from class com.github.alexmodguy.alexscaves.server.entity.living.LicowitchEntity
[07Apr2025 12:30:40.322] [modloading-worker-0/INFO] [voicechat/]: [voicechat] Compatibility version 18
[07Apr2025 12:30:40.329] [Forge Version Check/INFO] [net.minecraftforge.fml.VersionChecker/]: [saturn] Starting version check at https://github.com/AbdElAziz333/Saturn/raw/mc1.20.1/dev/updates.json
[07Apr2025 12:30:40.333] [Thread-1/INFO] [ModernFix/]: Please use /mfsrc to reload any changed mod config files
[07Apr2025 12:30:40.336] [modloading-worker-0/INFO] [CorgiLib/]: Initializing network...
[07Apr2025 12:30:40.343] [modloading-worker-0/INFO] [CorgiLib/]: Initialized network!
[07Apr2025 12:30:40.406] [modloading-worker-0/INFO] [voicechat/]: [voicechat] Loading plugins
[07Apr2025 12:30:40.426] [modloading-worker-0/INFO] [voicechat/]: [voicechat] Loaded 0 plugin(s)
[07Apr2025 12:30:40.426] [modloading-worker-0/INFO] [voicechat/]: [voicechat] Initializing plugins
[07Apr2025 12:30:40.426] [modloading-worker-0/INFO] [voicechat/]: [voicechat] Initialized 0 plugin(s)
[07Apr2025 12:30:40.443] [modloading-worker-0/INFO] [com.structureessentials.StructureEssentials/]: structureessentials mod initialized
[07Apr2025 12:30:40.483] [modloading-worker-0/INFO] [com.lootintegrations.LootintegrationsMod/]: lootintegrations mod initialized
[07Apr2025 12:30:40.516] [modloading-worker-0/INFO] [com.axedgaming.endersdelight.EndersDelight/]: HELLO FROM PREINIT
[07Apr2025 12:30:40.516] [modloading-worker-0/INFO] [com.axedgaming.endersdelight.EndersDelight/]: DIRT BLOCK >> translation{key='block.minecraft.dirt', args=[]}
[07Apr2025 12:30:40.544] [modloading-worker-0/ERROR] [patchouli/]: Failed to load book betternether:betternether_book defined by mod betternether, skipping
java.lang.IllegalArgumentException: Book betternether:betternether_book has use_resource_pack set to false. This behaviour was removed in 1.20. The book author should enable this flag and move all book contents clientside to /assets/, leaving the book.json in /data/. See https://vazkiimods.github.io/Patchouli/docs/upgrading/upgrade-guide-120 for details.
	at vazkii.patchouli.common.book.Book.<init>(Book.java:145) ~[Patchouli-1.20.1-84.1-FORGE.jar%23500!/:1.20.1-84.1-FORGE]
	at vazkii.patchouli.common.book.BookRegistry.loadBook(BookRegistry.java:90) ~[Patchouli-1.20.1-84.1-FORGE.jar%23500!/:1.20.1-84.1-FORGE]
	at vazkii.patchouli.common.book.BookRegistry.lambda$init$3(BookRegistry.java:75) ~[Patchouli-1.20.1-84.1-FORGE.jar%23500!/:1.20.1-84.1-FORGE]
	at java.util.HashMap.forEach(HashMap.java:1421) ~[?:?]
	at vazkii.patchouli.common.book.BookRegistry.init(BookRegistry.java:70) ~[Patchouli-1.20.1-84.1-FORGE.jar%23500!/:1.20.1-84.1-FORGE]
	at vazkii.patchouli.forge.common.ForgeModInitializer.onInitialize(ForgeModInitializer.java:76) ~[Patchouli-1.20.1-84.1-FORGE.jar%23500!/:1.20.1-84.1-FORGE]
	at vazkii.patchouli.forge.common.__ForgeModInitializer_onInitialize_FMLCommonSetupEvent.invoke(.dynamic) ~[Patchouli-1.20.1-84.1-FORGE.jar%23500!/:1.20.1-84.1-FORGE]
	at net.minecraftforge.eventbus.ASMEventHandler.invoke(ASMEventHandler.java:73) ~[eventbus-6.0.5.jar%2352!/:?]
	at net.minecraftforge.eventbus.EventBus.post(EventBus.java:315) ~[eventbus-6.0.5.jar%2352!/:?]
	at net.minecraftforge.eventbus.EventBus.post(EventBus.java:296) ~[eventbus-6.0.5.jar%2352!/:?]
	at net.minecraftforge.fml.javafmlmod.FMLModContainer.acceptEvent(FMLModContainer.java:121) ~[javafmllanguage-1.20.1-47.4.0.jar%23573!/:?]
	at net.minecraftforge.fml.ModContainer.lambda$buildTransitionHandler$5(ModContainer.java:127) ~[fmlcore-1.20.1-47.4.0.jar%23572!/:?]
	at java.util.concurrent.CompletableFuture$AsyncRun.run(CompletableFuture.java:1804) ~[?:?]
	at java.util.concurrent.CompletableFuture$AsyncRun.exec(CompletableFuture.java:1796) ~[?:?]
	at java.util.concurrent.ForkJoinTask.doExec(ForkJoinTask.java:373) ~[?:?]
	at java.util.concurrent.ForkJoinPool$WorkQueue.topLevelExec(ForkJoinPool.java:1182) ~[?:?]
	at java.util.concurrent.ForkJoinPool.scan(ForkJoinPool.java:1655) ~[?:?]
	at java.util.concurrent.ForkJoinPool.runWorker(ForkJoinPool.java:1622) ~[?:?]
	at java.util.concurrent.ForkJoinWorkerThread.run(ForkJoinWorkerThread.java:165) ~[?:?]
[07Apr2025 12:30:40.606] [modloading-worker-0/WARN] [net.minecraftforge.common.ForgeConfigSpec/CORE]: Configuration file /workspaces/SERVER/servidor_minecraft/config/storagenetwork.toml is not correct. Correcting
[07Apr2025 12:30:40.607] [modloading-worker-0/WARN] [net.minecraftforge.common.ForgeConfigSpec/CORE]: Incorrect key storagenetwork.facades.itemsNotAllowed was corrected from [minecraft:ladder, minecraft:double_plant, minecraft:waterlily, minecraft:torch, minecraft:*_torch, minecraft:redstone, minecraft:iron_bars, minecraft:chest, minecraft:ender_chest, minecraft:sculk_vein, minecraft:string, minecraft:vine, minecraft:rail, minecraft:*_rail, minecraft:brewing_stand, minecraft:*_dripleaf, minecraft:*_pane, minecraft:*_sapling, minecraft:*_sign, minecraft:*_door, minecraft:*_banner, minecraft:*_shulker_box, cyclic:*_pipe, cyclic:*_bars, storagenetwork:*] to its default, [minecraft:ladder, minecraft:double_plant, minecraft:waterlily, minecraft:torch, minecraft:*_torch, minecraft:redstone, minecraft:iron_bars, minecraft:chest, minecraft:ender_chest, minecraft:sculk_vein, minecraft:string, minecraft:vine, minecraft:rail, minecraft:*_rail, minecraft:brewing_stand, minecraft:*_dripleaf, minecraft:*_pane, minecraft:*_sapling, minecraft:*_sign, minecraft:*_door, minecraft:*_banner, minecraft:*_shulker_box, cyclic:*_pipe, cyclic:*_bars, storagenetwork:*]. 
[07Apr2025 12:30:40.638] [Forge Version Check/WARN] [net.minecraftforge.fml.VersionChecker/]: Failed to process update information
com.google.gson.JsonSyntaxException: java.lang.IllegalStateException: Expected BEGIN_OBJECT but was STRING at line 9 column 1 path $
	at com.google.gson.Gson.fromJson(Gson.java:1226) ~[gson-2.10.jar%2372!/:?]
	at com.google.gson.Gson.fromJson(Gson.java:1124) ~[gson-2.10.jar%2372!/:?]
	at com.google.gson.Gson.fromJson(Gson.java:1034) ~[gson-2.10.jar%2372!/:?]
	at com.google.gson.Gson.fromJson(Gson.java:969) ~[gson-2.10.jar%2372!/:?]
	at net.minecraftforge.fml.VersionChecker$1.process(VersionChecker.java:186) ~[fmlcore-1.20.1-47.4.0.jar%23572!/:?]
	at java.lang.Iterable.forEach(Iterable.java:75) ~[?:?]
	at net.minecraftforge.fml.VersionChecker$1.run(VersionChecker.java:117) ~[fmlcore-1.20.1-47.4.0.jar%23572!/:?]
Caused by: java.lang.IllegalStateException: Expected BEGIN_OBJECT but was STRING at line 9 column 1 path $
	at com.google.gson.stream.JsonReader.beginObject(JsonReader.java:393) ~[gson-2.10.jar%2372!/:?]
	at com.google.gson.internal.bind.MapTypeAdapterFactory$Adapter.read(MapTypeAdapterFactory.java:182) ~[gson-2.10.jar%2372!/:?]
	at com.google.gson.internal.bind.MapTypeAdapterFactory$Adapter.read(MapTypeAdapterFactory.java:144) ~[gson-2.10.jar%2372!/:?]
	at com.google.gson.Gson.fromJson(Gson.java:1214) ~[gson-2.10.jar%2372!/:?]
	... 6 more
[07Apr2025 12:30:40.645] [Forge Version Check/INFO] [net.minecraftforge.fml.VersionChecker/]: [easy_piglins] Starting version check at https://update.maxhenkel.de/forge/easy_piglins
[07Apr2025 12:30:40.711] [modloading-worker-0/INFO] [com.jaquadro.minecraft.storagedrawers.StorageDrawers/]: New compacting rule 4 clay_ball = 1 clay
[07Apr2025 12:30:40.714] [modloading-worker-0/INFO] [com.jaquadro.minecraft.storagedrawers.StorageDrawers/]: New compacting rule 4 snowball = 1 snow_block
[07Apr2025 12:30:40.714] [modloading-worker-0/INFO] [com.jaquadro.minecraft.storagedrawers.StorageDrawers/]: New compacting rule 4 glowstone_dust = 1 glowstone
[07Apr2025 12:30:40.714] [modloading-worker-0/INFO] [com.jaquadro.minecraft.storagedrawers.StorageDrawers/]: New compacting rule 4 brick = 1 bricks
[07Apr2025 12:30:40.715] [modloading-worker-0/INFO] [com.jaquadro.minecraft.storagedrawers.StorageDrawers/]: New compacting rule 4 nether_brick = 1 nether_bricks
[07Apr2025 12:30:40.715] [modloading-worker-0/INFO] [com.jaquadro.minecraft.storagedrawers.StorageDrawers/]: New compacting rule 9 nether_wart = 1 nether_wart_block
[07Apr2025 12:30:40.715] [modloading-worker-0/INFO] [com.jaquadro.minecraft.storagedrawers.StorageDrawers/]: New compacting rule 4 quartz = 1 quartz_block
[07Apr2025 12:30:40.715] [modloading-worker-0/INFO] [com.jaquadro.minecraft.storagedrawers.StorageDrawers/]: New compacting rule 9 melon_slice = 1 melon
[07Apr2025 12:30:40.715] [modloading-worker-0/INFO] [com.jaquadro.minecraft.storagedrawers.StorageDrawers/]: New compacting rule 4 sand = 1 sandstone
[07Apr2025 12:30:40.715] [modloading-worker-0/INFO] [com.jaquadro.minecraft.storagedrawers.StorageDrawers/]: New compacting rule 4 red_sand = 1 red_sandstone
[07Apr2025 12:30:40.718] [modloading-worker-0/INFO] [com.jaquadro.minecraft.storagedrawers.StorageDrawers/]: New compacting rule 4 clay_ball = 1 clay
[07Apr2025 12:30:40.788] [Forge Version Check/INFO] [net.minecraftforge.fml.VersionChecker/]: [easy_piglins] Found status: OUTDATED Current: 1.20.1-1.0.13 Target: 1.20.1-1.1.0
[07Apr2025 12:30:40.792] [Forge Version Check/INFO] [net.minecraftforge.fml.VersionChecker/]: [structure_gel] Starting version check at http://changelogs.moddinglegacy.com/structure-gel.json
[07Apr2025 12:30:41.353] [main/INFO] [terrablender/]: Registered region minecraft:overworld to index 0 for type OVERWORLD
[07Apr2025 12:30:41.353] [main/INFO] [terrablender/]: Registered region minecraft:nether to index 0 for type NETHER
[07Apr2025 12:30:41.354] [main/INFO] [terrablender/]: Registered region biomesoplenty:overworld_primary to index 1 for type OVERWORLD
[07Apr2025 12:30:41.354] [main/INFO] [terrablender/]: Registered region biomesoplenty:overworld_secondary to index 2 for type OVERWORLD
[07Apr2025 12:30:41.354] [main/INFO] [terrablender/]: Registered region biomesoplenty:overworld_rare to index 3 for type OVERWORLD
[07Apr2025 12:30:41.354] [main/INFO] [terrablender/]: Registered region biomesoplenty:nether_common to index 1 for type NETHER
[07Apr2025 12:30:41.354] [main/INFO] [terrablender/]: Registered region biomesoplenty:nether_rare to index 2 for type NETHER
[07Apr2025 12:30:41.363] [main/INFO] [zeta/]: Common setup: Performing initial refresh of zeta's config on thread 'main'
[07Apr2025 12:30:41.363] [main/INFO] [zeta/]: 'zeta' is enabling Zeta's piston structure resolver.
[07Apr2025 12:30:41.364] [main/INFO] [zeta/]: Waiting for server start before accepting filewatcher changes to zeta's config
[07Apr2025 12:30:41.386] [Forge Version Check/INFO] [net.minecraftforge.fml.VersionChecker/]: [structure_gel] Found status: BETA Current: 2.16.2 Target: null
[07Apr2025 12:30:41.386] [Forge Version Check/INFO] [net.minecraftforge.fml.VersionChecker/]: [corpse] Starting version check at https://update.maxhenkel.de/forge/corpse
[07Apr2025 12:30:41.411] [Forge Version Check/INFO] [net.minecraftforge.fml.VersionChecker/]: [corpse] Found status: AHEAD Current: 1.20.1-1.0.20 Target: null
[07Apr2025 12:30:41.412] [Forge Version Check/INFO] [net.minecraftforge.fml.VersionChecker/]: [highlighter] Starting version check at https://mc-update-check.anthonyhilyard.com/521590
[07Apr2025 12:30:41.445] [main/INFO] [terrablender/]: Registered region ars_nouveau:overworld to index 4 for type OVERWORLD
[07Apr2025 12:30:41.585] [main/INFO] [terrablender/]: Registered region biomeswevegone:region_0 to index 5 for type OVERWORLD
[07Apr2025 12:30:41.585] [main/INFO] [terrablender/]: Registered region biomeswevegone:region_1 to index 6 for type OVERWORLD
[07Apr2025 12:30:41.586] [main/INFO] [terrablender/]: Registered region biomeswevegone:region_2 to index 7 for type OVERWORLD
[07Apr2025 12:30:41.642] [main/INFO] [journeymap/]: Initializing Packet Registries
[07Apr2025 12:30:41.773] [main/INFO] [Moonlight/]: Initialized color sets in 111ms
[07Apr2025 12:30:41.774] [main/INFO] [terrablender/]: Registered region regions_unexplored:primary to index 8 for type OVERWORLD
[07Apr2025 12:30:41.774] [main/INFO] [terrablender/]: Registered region regions_unexplored:secondary to index 9 for type OVERWORLD
[07Apr2025 12:30:41.774] [main/INFO] [terrablender/]: Registered region regions_unexplored:nether to index 3 for type NETHER
[07Apr2025 12:30:41.791] [main/INFO] [terrablender/]: Registered region quark:biome_provider to index 10 for type OVERWORLD
[07Apr2025 12:30:41.792] [main/INFO] [quark-zeta/]: Common setup: Performing initial refresh of quark's config on thread 'main'
[07Apr2025 12:30:41.809] [main/INFO] [quark-zeta/]: Waiting for server start before accepting filewatcher changes to quark's config
[07Apr2025 12:30:41.855] [main/INFO] [Supplementaries/]: Finished mod setup in: [1, 4, 0, 0, 0, 0, 11, 10, 0] ms
[07Apr2025 12:30:41.876] [Forge Version Check/INFO] [net.minecraftforge.fml.VersionChecker/]: [highlighter] Found status: UP_TO_DATE Current: 1.1.9 Target: null
[07Apr2025 12:30:41.876] [Forge Version Check/INFO] [net.minecraftforge.fml.VersionChecker/]: [advancednetherite] Starting version check at https://raw.githubusercontent.com/Autovw/ModUpdates/master/advancednetherite/update.json
[07Apr2025 12:30:41.891] [Forge Version Check/INFO] [net.minecraftforge.fml.VersionChecker/]: [advancednetherite] Found status: BETA Current: 2.1.3 Target: 2.1.3
[07Apr2025 12:30:41.891] [Forge Version Check/INFO] [net.minecraftforge.fml.VersionChecker/]: [searchables] Starting version check at https://updates.blamejared.com/get?n=searchables&gv=1.20.1
[07Apr2025 12:30:42.003] [Forge Version Check/INFO] [net.minecraftforge.fml.VersionChecker/]: [searchables] Found status: BETA Current: 1.0.3 Target: 1.0.3
[07Apr2025 12:30:42.003] [Forge Version Check/INFO] [net.minecraftforge.fml.VersionChecker/]: [mr_dungeons_andtaverns] Starting version check at https://api.modrinth.com/updates/tpehi7ww/forge_updates.json
[07Apr2025 12:30:42.171] [modloading-worker-0/INFO] [io.redspace.ironsspellbooks.IronsSpellbooks/]: Got IMC []
[07Apr2025 12:30:42.217] [Forge Version Check/INFO] [net.minecraftforge.fml.VersionChecker/]: [mr_dungeons_andtaverns] Found status: OUTDATED Current: 3.0.3.f Target: 3.0.3.f+mod
[07Apr2025 12:30:42.217] [Forge Version Check/INFO] [net.minecraftforge.fml.VersionChecker/]: [cumulus_menus] Starting version check at https://github.com/The-Aether-Team/Cumulus/raw/1.20.1-develop/update.json
[07Apr2025 12:30:42.228] [Forge Version Check/INFO] [net.minecraftforge.fml.VersionChecker/]: [cumulus_menus] Found status: UP_TO_DATE Current: 1.20.1-1.0.1-neoforge Target: null
[07Apr2025 12:30:42.229] [Forge Version Check/INFO] [net.minecraftforge.fml.VersionChecker/]: [codechickenlib] Starting version check at https://version-check.covers1624.net/check/?mod=CodeChickenLib&mc=1.20.1
[07Apr2025 12:30:42.275] [modloading-worker-0/INFO] [net.xalcon.torchmaster.Torchmaster/]: Applying mega torch entity block list overrides...
[07Apr2025 12:30:42.276] [modloading-worker-0/INFO] [net.xalcon.torchmaster.Torchmaster/]: Applying dread lamp entity block list overrides...
[07Apr2025 12:30:42.323] [modloading-worker-0/INFO] [Jade/]: Start loading plugin at dev.shadowsoffire.apotheosis.spawn.compat.SpawnerHwylaPlugin
[07Apr2025 12:30:42.328] [modloading-worker-0/INFO] [Jade/]: Start loading plugin at dev.shadowsoffire.apotheosis.ench.compat.EnchHwylaPlugin
[07Apr2025 12:30:42.329] [modloading-worker-0/INFO] [Jade/]: Start loading plugin at dev.shadowsoffire.apotheosis.adventure.compat.AdventureHwylaPlugin
[07Apr2025 12:30:42.330] [modloading-worker-0/INFO] [Jade/]: Start loading plugin at net.blay09.mods.balm.forge.compat.hudinfo.ForgeJadeModCompat
[07Apr2025 12:30:42.331] [modloading-worker-0/INFO] [Jade/]: Start loading plugin at de.maxhenkel.corpse.integration.waila.PluginCorpse
[07Apr2025 12:30:42.332] [modloading-worker-0/INFO] [Jade/]: Start loading plugin at com.hollingsworth.arsnouveau.client.waila.WailaArsNouveauPlugin
[07Apr2025 12:30:42.333] [modloading-worker-0/INFO] [Jade/]: Start loading plugin at com.aetherteam.aether.integration.jade.AetherJadePlugin
[07Apr2025 12:30:42.334] [modloading-worker-0/INFO] [Jade/]: Start loading plugin at twilightforest.compat.jade.JadeCompat
[07Apr2025 12:30:42.334] [modloading-worker-0/INFO] [Jade/]: Start loading plugin at de.maxhenkel.camera.integration.waila.PluginCamera
[07Apr2025 12:30:42.334] [modloading-worker-0/INFO] [Jade/]: Start loading plugin at net.p3pp3rf1y.sophisticatedstorage.compat.jade.StorageJadePlugin
[07Apr2025 12:30:42.335] [modloading-worker-0/INFO] [Jade/]: Start loading plugin at xfacthd.framedblocks.common.compat.jade.FramedJadePlugin
[07Apr2025 12:30:42.335] [modloading-worker-0/INFO] [Jade/]: Start loading plugin at net.blay09.mods.waystones.compat.JadeIntegration
[07Apr2025 12:30:42.335] [modloading-worker-0/INFO] [Jade/]: Start loading plugin at snownee.jade.addon.vanilla.VanillaPlugin
[07Apr2025 12:30:42.347] [modloading-worker-0/INFO] [Jade/]: Start loading plugin at snownee.jade.addon.universal.UniversalPlugin
[07Apr2025 12:30:42.351] [modloading-worker-0/INFO] [Jade/]: Start loading plugin at snownee.jade.addon.core.CorePlugin
[07Apr2025 12:30:42.352] [modloading-worker-0/INFO] [Jade/]: Start loading plugin at reliquary.compat.jade.JadeCompat
[07Apr2025 12:30:42.354] [modloading-worker-0/INFO] [Jade/]: Start loading plugin at net.mehvahdjukaar.supplementaries.integration.JadeCompat
[07Apr2025 12:30:42.355] [modloading-worker-0/INFO] [Jade/]: Start loading plugin at com.jaquadro.minecraft.storagedrawers.integration.Waila
[07Apr2025 12:30:43.082] [Forge Version Check/INFO] [net.minecraftforge.fml.VersionChecker/]: [codechickenlib] Found status: UP_TO_DATE Current: 4.4.0.516 Target: null
[07Apr2025 12:30:43.082] [Forge Version Check/INFO] [net.minecraftforge.fml.VersionChecker/]: [radium] Starting version check at https://api.modrinth.com/updates/radium/forge_updates.json
[07Apr2025 12:30:43.200] [Forge Version Check/INFO] [net.minecraftforge.fml.VersionChecker/]: [radium] Found status: AHEAD Current: 0.12.4+git.26c9d8e Target: null
[07Apr2025 12:30:43.200] [Forge Version Check/INFO] [net.minecraftforge.fml.VersionChecker/]: [goblintraders] Starting version check at https://mrcrayfish.com/modupdatejson?id=goblintraders
[07Apr2025 12:30:43.263] [Forge Version Check/WARN] [net.minecraftforge.fml.VersionChecker/]: Failed to process update information
com.google.gson.JsonSyntaxException: java.lang.IllegalStateException: Expected BEGIN_OBJECT but was STRING at line 1 column 1 path $
	at com.google.gson.Gson.fromJson(Gson.java:1226) ~[gson-2.10.jar%2372!/:?]
	at com.google.gson.Gson.fromJson(Gson.java:1124) ~[gson-2.10.jar%2372!/:?]
	at com.google.gson.Gson.fromJson(Gson.java:1034) ~[gson-2.10.jar%2372!/:?]
	at com.google.gson.Gson.fromJson(Gson.java:969) ~[gson-2.10.jar%2372!/:?]
	at net.minecraftforge.fml.VersionChecker$1.process(VersionChecker.java:186) ~[fmlcore-1.20.1-47.4.0.jar%23572!/:?]
	at java.lang.Iterable.forEach(Iterable.java:75) ~[?:?]
	at net.minecraftforge.fml.VersionChecker$1.run(VersionChecker.java:117) ~[fmlcore-1.20.1-47.4.0.jar%23572!/:?]
Caused by: java.lang.IllegalStateException: Expected BEGIN_OBJECT but was STRING at line 1 column 1 path $
	at com.google.gson.stream.JsonReader.beginObject(JsonReader.java:393) ~[gson-2.10.jar%2372!/:?]
	at com.google.gson.internal.bind.MapTypeAdapterFactory$Adapter.read(MapTypeAdapterFactory.java:182) ~[gson-2.10.jar%2372!/:?]
	at com.google.gson.internal.bind.MapTypeAdapterFactory$Adapter.read(MapTypeAdapterFactory.java:144) ~[gson-2.10.jar%2372!/:?]
	at com.google.gson.Gson.fromJson(Gson.java:1214) ~[gson-2.10.jar%2372!/:?]
	... 6 more
[07Apr2025 12:30:43.264] [Forge Version Check/INFO] [net.minecraftforge.fml.VersionChecker/]: [puzzlesaccessapi] Starting version check at https://raw.githubusercontent.com/Fuzss/modresources/main/update/puzzlesaccessapi.json
[07Apr2025 12:30:43.272] [Forge Version Check/INFO] [net.minecraftforge.fml.VersionChecker/]: [puzzlesaccessapi] Found status: BETA Current: 20.1.1 Target: null
[07Apr2025 12:30:43.273] [Forge Version Check/INFO] [net.minecraftforge.fml.VersionChecker/]: [forge] Starting version check at https://files.minecraftforge.net/net/minecraftforge/forge/promotions_slim.json
[07Apr2025 12:30:43.438] [Forge Version Check/INFO] [net.minecraftforge.fml.VersionChecker/]: [forge] Found status: UP_TO_DATE Current: 47.4.0 Target: null
[07Apr2025 12:30:43.438] [Forge Version Check/INFO] [net.minecraftforge.fml.VersionChecker/]: [voicechat] Starting version check at https://update.maxhenkel.de/forge/voicechat
[07Apr2025 12:30:43.451] [main/INFO] [com.mojang.authlib.yggdrasil.YggdrasilAuthenticationService/]: Environment: authHost='https://authserver.mojang.com', accountsHost='https://api.mojang.com', sessionHost='https://sessionserver.mojang.com', servicesHost='https://api.minecraftservices.com', name='PROD'
[07Apr2025 12:30:43.463] [Forge Version Check/INFO] [net.minecraftforge.fml.VersionChecker/]: [voicechat] Found status: OUTDATED Current: 1.20.1-2.5.26 Target: 1.20.1-2.5.29
[07Apr2025 12:30:43.464] [Forge Version Check/INFO] [net.minecraftforge.fml.VersionChecker/]: [trade_cycling] Starting version check at https://maxhenkel.de/update/trade_cycling.json
[07Apr2025 12:30:43.613] [Forge Version Check/INFO] [net.minecraftforge.fml.VersionChecker/]: [trade_cycling] Found status: UP_TO_DATE Current: 1.20.1-1.0.7 Target: null
[07Apr2025 12:30:43.614] [Forge Version Check/INFO] [net.minecraftforge.fml.VersionChecker/]: [embeddium_extra] Starting version check at https://api.modrinth.com/updates/rubidium-extra/forge_updates.json
[07Apr2025 12:30:43.800] [Forge Version Check/INFO] [net.minecraftforge.fml.VersionChecker/]: [embeddium_extra] Found status: UP_TO_DATE Current: 0.5.4.4+mc1.20.1-build.131 Target: null
[07Apr2025 12:30:43.800] [Forge Version Check/INFO] [net.minecraftforge.fml.VersionChecker/]: [puzzleslib] Starting version check at https://raw.githubusercontent.com/Fuzss/modresources/main/update/puzzleslib.json
[07Apr2025 12:30:43.806] [Forge Version Check/INFO] [net.minecraftforge.fml.VersionChecker/]: [puzzleslib] Found status: OUTDATED Current: 8.1.29 Target: 8.1.32
[07Apr2025 12:30:43.806] [Forge Version Check/INFO] [net.minecraftforge.fml.VersionChecker/]: [aquamirae] Starting version check at https://raw.githubusercontent.com/ObscuriaLithium/Home/main/aquamirae/versions.json
[07Apr2025 12:30:43.810] [Forge Version Check/WARN] [net.minecraftforge.fml.VersionChecker/]: Failed to process update information
com.google.gson.JsonSyntaxException: java.lang.IllegalStateException: Expected BEGIN_OBJECT but was NUMBER at line 1 column 4 path $
	at com.google.gson.Gson.fromJson(Gson.java:1226) ~[gson-2.10.jar%2372!/:?]
	at com.google.gson.Gson.fromJson(Gson.java:1124) ~[gson-2.10.jar%2372!/:?]
	at com.google.gson.Gson.fromJson(Gson.java:1034) ~[gson-2.10.jar%2372!/:?]
	at com.google.gson.Gson.fromJson(Gson.java:969) ~[gson-2.10.jar%2372!/:?]
	at net.minecraftforge.fml.VersionChecker$1.process(VersionChecker.java:186) ~[fmlcore-1.20.1-47.4.0.jar%23572!/:?]
	at java.lang.Iterable.forEach(Iterable.java:75) ~[?:?]
	at net.minecraftforge.fml.VersionChecker$1.run(VersionChecker.java:117) ~[fmlcore-1.20.1-47.4.0.jar%23572!/:?]
Caused by: java.lang.IllegalStateException: Expected BEGIN_OBJECT but was NUMBER at line 1 column 4 path $
	at com.google.gson.stream.JsonReader.beginObject(JsonReader.java:393) ~[gson-2.10.jar%2372!/:?]
	at com.google.gson.internal.bind.MapTypeAdapterFactory$Adapter.read(MapTypeAdapterFactory.java:182) ~[gson-2.10.jar%2372!/:?]
	at com.google.gson.internal.bind.MapTypeAdapterFactory$Adapter.read(MapTypeAdapterFactory.java:144) ~[gson-2.10.jar%2372!/:?]
	at com.google.gson.Gson.fromJson(Gson.java:1214) ~[gson-2.10.jar%2372!/:?]
	... 6 more
[07Apr2025 12:30:43.811] [Forge Version Check/INFO] [net.minecraftforge.fml.VersionChecker/]: [ad_astra] Starting version check at https://api.modrinth.com/updates/3ufwT9JF/forge_updates.json
[07Apr2025 12:30:44.028] [Forge Version Check/INFO] [net.minecraftforge.fml.VersionChecker/]: [ad_astra] Found status: UP_TO_DATE Current: 1.15.20 Target: null
[07Apr2025 12:30:44.028] [Forge Version Check/INFO] [net.minecraftforge.fml.VersionChecker/]: [aether_enhanced_extinguishing] Starting version check at https://github.com/The-Aether-Team/Enhanced-Extinguishing/raw/1.20.1-develop/update.json
[07Apr2025 12:30:44.037] [Forge Version Check/INFO] [net.minecraftforge.fml.VersionChecker/]: [aether_enhanced_extinguishing] Found status: AHEAD Current: 1.20.1-1.0.0-neoforge Target: null
[07Apr2025 12:30:44.038] [Forge Version Check/INFO] [net.minecraftforge.fml.VersionChecker/]: [blue_skies] Starting version check at http://changelogs.moddinglegacy.com/blue-skies.json
[07Apr2025 12:30:44.325] [Forge Version Check/INFO] [net.minecraftforge.fml.VersionChecker/]: [blue_skies] Found status: BETA Current: 1.3.31 Target: null
[07Apr2025 12:30:44.325] [Forge Version Check/INFO] [net.minecraftforge.fml.VersionChecker/]: [aether] Starting version check at https://github.com/The-Aether-Team/The-Aether/raw/1.20.1-develop/update.json
[07Apr2025 12:30:44.340] [Forge Version Check/INFO] [net.minecraftforge.fml.VersionChecker/]: [aether] Found status: UP_TO_DATE Current: 1.20.1-1.5.2-neoforge Target: null
[07Apr2025 12:30:44.340] [Forge Version Check/INFO] [net.minecraftforge.fml.VersionChecker/]: [lost_aether_content] Starting version check at http://changelogs.moddinglegacy.com/lost-content.json
[07Apr2025 12:30:44.558] [Forge Version Check/INFO] [net.minecraftforge.fml.VersionChecker/]: [lost_aether_content] Found status: UP_TO_DATE Current: 1.2.3 Target: null
[07Apr2025 12:30:44.558] [Forge Version Check/INFO] [net.minecraftforge.fml.VersionChecker/]: [controlling] Starting version check at https://updates.blamejared.com/get?n=controlling&gv=1.20.1
[07Apr2025 12:30:44.582] [Forge Version Check/INFO] [net.minecraftforge.fml.VersionChecker/]: [controlling] Found status: BETA Current: 12.0.2 Target: 12.0.2
[07Apr2025 12:30:44.582] [Forge Version Check/INFO] [net.minecraftforge.fml.VersionChecker/]: [bookshelf] Starting version check at https://updates.blamejared.com/get?n=bookshelf&gv=1.20.1
[07Apr2025 12:30:44.606] [Forge Version Check/INFO] [net.minecraftforge.fml.VersionChecker/]: [bookshelf] Found status: BETA Current: 20.2.13 Target: 20.2.13
[07Apr2025 12:30:44.606] [Forge Version Check/INFO] [net.minecraftforge.fml.VersionChecker/]: [twilightforest] Starting version check at https://gh.tamaized.com/TeamTwilight/twilightforest/update.json
[07Apr2025 12:30:44.626] [main/WARN] [supermartijn642corelib/]: Could not find value 'formations:template_editor' in registry 'minecraft:item' for @RegistryEntryAcceptor!
[07Apr2025 12:30:44.825] [main/INFO] [org.betterx.worlds.together.util.Logger/]: [DataFixerAPI] Applying Patch{betternether:5.3.5:21020677}
[07Apr2025 12:30:44.825] [main/INFO] [org.betterx.worlds.together.util.Logger/]: [DataFixerAPI] Applying Patch{betternether:8.2.2:33587202}
[07Apr2025 12:30:44.825] [main/INFO] [org.betterx.worlds.together.util.Logger/]: [DataFixerAPI] Applying Patch{betternether:9.0.1:37748737}
[07Apr2025 12:30:44.826] [main/INFO] [org.betterx.worlds.together.util.Logger/]: [DataFixerAPI] Applying Patch{bclib:3.0.11:12582923}
[07Apr2025 12:30:44.826] [main/INFO] [org.betterx.worlds.together.util.Logger/]: [bclib] Running Pre Patchers on ./world/.
[07Apr2025 12:30:44.864] [main/WARN] [org.betterx.worlds.together.util.Logger/]: [bclib] Applying Fixes on Level
[07Apr2025 12:30:44.865] [main/INFO] [org.betterx.worlds.together.util.Logger/]: [bclib] Patcher Stage... message.bclib.datafixer.progress.reading%
[07Apr2025 12:30:44.874] [main/INFO] [org.betterx.worlds.together.util.Logger/]: [bclib] Patcher Stage... message.bclib.datafixer.progress.players%
[07Apr2025 12:30:44.877] [main/INFO] [org.betterx.worlds.together.util.Logger/]: [DataFixerAPI] Inspecting ./world/./playerdata/bafc0d35-8b6d-3047-8595-2b4d0de611ed.dat
[07Apr2025 12:30:44.877] [ForkJoinPool.commonPool-worker-1/INFO] [org.betterx.worlds.together.util.Logger/]: [DataFixerAPI] Inspecting ./world/./playerdata/1c39d05b-5a4d-3171-a4a2-4419a39d22fd.dat
[07Apr2025 12:30:44.911] [main/INFO] [org.betterx.worlds.together.util.Logger/]: [bclib] Patcher Stage... message.bclib.datafixer.progress.level%
[07Apr2025 12:30:44.912] [main/INFO] [org.betterx.worlds.together.util.Logger/]: [DataFixerAPI] Inspecting level.dat in ./world/.
[07Apr2025 12:30:44.912] [main/INFO] [org.betterx.worlds.together.util.Logger/]: [bclib] Patcher Stage... message.bclib.datafixer.progress.worlddata%
[07Apr2025 12:30:44.912] [main/INFO] [org.betterx.worlds.together.util.Logger/]: [bclib] Patcher Stage... message.bclib.datafixer.progress.regions%
[07Apr2025 12:30:44.913] [main/INFO] [org.betterx.worlds.together.util.Logger/]: [DataFixerAPI] Inspecting ./world/./poi/r.-3.1.mca
[07Apr2025 12:30:44.913] [ForkJoinPool.commonPool-worker-2/INFO] [org.betterx.worlds.together.util.Logger/]: [DataFixerAPI] Inspecting ./world/./entities/r.-2.-2.mca
[07Apr2025 12:30:44.914] [ForkJoinPool.commonPool-worker-3/INFO] [org.betterx.worlds.together.util.Logger/]: [DataFixerAPI] Inspecting ./world/./entities/r.-1.-3.mca
[07Apr2025 12:30:44.914] [ForkJoinPool.commonPool-worker-1/INFO] [org.betterx.worlds.together.util.Logger/]: [DataFixerAPI] Inspecting ./world/./DIM-1/entities/r.0.0.mca
[07Apr2025 12:30:44.926] [Forge Version Check/INFO] [net.minecraftforge.fml.VersionChecker/]: [twilightforest] Found status: AHEAD Current: 4.3.2508 Target: null
[07Apr2025 12:30:44.927] [Forge Version Check/INFO] [net.minecraftforge.fml.VersionChecker/]: [dungeons_enhanced] Starting version check at https://raw.githubusercontent.com/Ametrin-Studios/DungeonsEnhanced/refs/heads/master/update.json
[07Apr2025 12:30:44.935] [Forge Version Check/INFO] [net.minecraftforge.fml.VersionChecker/]: [dungeons_enhanced] Found status: UP_TO_DATE Current: 5.3.0 Target: null
[07Apr2025 12:30:44.936] [Forge Version Check/INFO] [net.minecraftforge.fml.VersionChecker/]: [camera] Starting version check at https://update.maxhenkel.de/forge/camera
[07Apr2025 12:30:44.946] [ForkJoinPool.commonPool-worker-3/INFO] [org.betterx.worlds.together.util.Logger/]: [DataFixerAPI] Inspecting ./world/./entities/r.-1.-4.mca
[07Apr2025 12:30:44.950] [ForkJoinPool.commonPool-worker-2/INFO] [org.betterx.worlds.together.util.Logger/]: [DataFixerAPI] Inspecting ./world/./entities/r.0.-1.mca
[07Apr2025 12:30:44.950] [ForkJoinPool.commonPool-worker-1/INFO] [org.betterx.worlds.together.util.Logger/]: [DataFixerAPI] Inspecting ./world/./DIM-1/entities/r.-1.0.mca
[07Apr2025 12:30:44.953] [ForkJoinPool.commonPool-worker-2/INFO] [org.betterx.worlds.together.util.Logger/]: [DataFixerAPI] Inspecting ./world/./entities/r.-3.-1.mca
[07Apr2025 12:30:44.962] [Forge Version Check/INFO] [net.minecraftforge.fml.VersionChecker/]: [camera] Found status: AHEAD Current: 1.20.1-1.0.19 Target: null
[07Apr2025 12:30:44.962] [Forge Version Check/INFO] [net.minecraftforge.fml.VersionChecker/]: [aether_protect_your_moa] Starting version check at https://github.com/The-Aether-Team/Protect-Your-Moa/raw/1.20.1-develop/update.json
[07Apr2025 12:30:44.982] [Forge Version Check/INFO] [net.minecraftforge.fml.VersionChecker/]: [aether_protect_your_moa] Found status: UP_TO_DATE Current: 1.20.1-1.0.0-neoforge Target: null
[07Apr2025 12:30:44.983] [Forge Version Check/INFO] [net.minecraftforge.fml.VersionChecker/]: [framework] Starting version check at https://mrcrayfish.com/modupdatejson?id=framework
[07Apr2025 12:30:44.987] [main/INFO] [org.betterx.worlds.together.util.Logger/]: [DataFixerAPI] Inspecting ./world/./poi/r.-4.-3.mca
[07Apr2025 12:30:44.989] [main/INFO] [org.betterx.worlds.together.util.Logger/]: [DataFixerAPI] Inspecting ./world/./poi/r.-3.-2.mca
[07Apr2025 12:30:44.993] [Forge Version Check/WARN] [net.minecraftforge.fml.VersionChecker/]: Failed to process update information
com.google.gson.JsonSyntaxException: java.lang.IllegalStateException: Expected BEGIN_OBJECT but was STRING at line 1 column 1 path $
	at com.google.gson.Gson.fromJson(Gson.java:1226) ~[gson-2.10.jar%2372!/:?]
	at com.google.gson.Gson.fromJson(Gson.java:1124) ~[gson-2.10.jar%2372!/:?]
	at com.google.gson.Gson.fromJson(Gson.java:1034) ~[gson-2.10.jar%2372!/:?]
	at com.google.gson.Gson.fromJson(Gson.java:969) ~[gson-2.10.jar%2372!/:?]
	at net.minecraftforge.fml.VersionChecker$1.process(VersionChecker.java:186) ~[fmlcore-1.20.1-47.4.0.jar%23572!/:?]
	at java.lang.Iterable.forEach(Iterable.java:75) ~[?:?]
	at net.minecraftforge.fml.VersionChecker$1.run(VersionChecker.java:117) ~[fmlcore-1.20.1-47.4.0.jar%23572!/:?]
Caused by: java.lang.IllegalStateException: Expected BEGIN_OBJECT but was STRING at line 1 column 1 path $
	at com.google.gson.stream.JsonReader.beginObject(JsonReader.java:393) ~[gson-2.10.jar%2372!/:?]
	at com.google.gson.internal.bind.MapTypeAdapterFactory$Adapter.read(MapTypeAdapterFactory.java:182) ~[gson-2.10.jar%2372!/:?]
	at com.google.gson.internal.bind.MapTypeAdapterFactory$Adapter.read(MapTypeAdapterFactory.java:144) ~[gson-2.10.jar%2372!/:?]
	at com.google.gson.Gson.fromJson(Gson.java:1214) ~[gson-2.10.jar%2372!/:?]
	... 6 more
[07Apr2025 12:30:44.994] [Forge Version Check/INFO] [net.minecraftforge.fml.VersionChecker/]: [easymagic] Starting version check at https://raw.githubusercontent.com/Fuzss/modresources/main/update/easymagic.json
[07Apr2025 12:30:44.999] [Forge Version Check/INFO] [net.minecraftforge.fml.VersionChecker/]: [easymagic] Found status: UP_TO_DATE Current: 8.0.1 Target: null
[07Apr2025 12:30:45.001] [Forge Version Check/INFO] [net.minecraftforge.fml.VersionChecker/]: [obscure_api] Starting version check at https://raw.githubusercontent.com/ObscuriaLithium/Home/main/obscure_api/versions.json
[07Apr2025 12:30:45.005] [ForkJoinPool.commonPool-worker-3/INFO] [org.betterx.worlds.together.util.Logger/]: [DataFixerAPI] Inspecting ./world/./entities/r.-1.0.mca
[07Apr2025 12:30:45.006] [Forge Version Check/WARN] [net.minecraftforge.fml.VersionChecker/]: Failed to process update information
com.google.gson.JsonSyntaxException: java.lang.IllegalStateException: Expected BEGIN_OBJECT but was NUMBER at line 1 column 4 path $
	at com.google.gson.Gson.fromJson(Gson.java:1226) ~[gson-2.10.jar%2372!/:?]
	at com.google.gson.Gson.fromJson(Gson.java:1124) ~[gson-2.10.jar%2372!/:?]
	at com.google.gson.Gson.fromJson(Gson.java:1034) ~[gson-2.10.jar%2372!/:?]
	at com.google.gson.Gson.fromJson(Gson.java:969) ~[gson-2.10.jar%2372!/:?]
	at net.minecraftforge.fml.VersionChecker$1.process(VersionChecker.java:186) ~[fmlcore-1.20.1-47.4.0.jar%23572!/:?]
	at java.lang.Iterable.forEach(Iterable.java:75) ~[?:?]
	at net.minecraftforge.fml.VersionChecker$1.run(VersionChecker.java:117) ~[fmlcore-1.20.1-47.4.0.jar%23572!/:?]
Caused by: java.lang.IllegalStateException: Expected BEGIN_OBJECT but was NUMBER at line 1 column 4 path $
	at com.google.gson.stream.JsonReader.beginObject(JsonReader.java:393) ~[gson-2.10.jar%2372!/:?]
	at com.google.gson.internal.bind.MapTypeAdapterFactory$Adapter.read(MapTypeAdapterFactory.java:182) ~[gson-2.10.jar%2372!/:?]
	at com.google.gson.internal.bind.MapTypeAdapterFactory$Adapter.read(MapTypeAdapterFactory.java:144) ~[gson-2.10.jar%2372!/:?]
	at com.google.gson.Gson.fromJson(Gson.java:1214) ~[gson-2.10.jar%2372!/:?]
	... 6 more
[07Apr2025 12:30:45.007] [Forge Version Check/INFO] [net.minecraftforge.fml.VersionChecker/]: [journeymap] Starting version check at https://forge.curseupdate.com/32274/journeymap
[07Apr2025 12:30:45.028] [ForkJoinPool.commonPool-worker-3/INFO] [org.betterx.worlds.together.util.Logger/]: [DataFixerAPI] Inspecting ./world/./entities/r.-3.1.mca
[07Apr2025 12:30:45.031] [ForkJoinPool.commonPool-worker-2/INFO] [org.betterx.worlds.together.util.Logger/]: [DataFixerAPI] Inspecting ./world/./entities/r.-2.-3.mca
[07Apr2025 12:30:45.057] [ForkJoinPool.commonPool-worker-2/INFO] [org.betterx.worlds.together.util.Logger/]: [DataFixerAPI] Inspecting ./world/./entities/r.-1.-1.mca
[07Apr2025 12:30:45.067] [ForkJoinPool.commonPool-worker-2/INFO] [org.betterx.worlds.together.util.Logger/]: [DataFixerAPI] Inspecting ./world/./dimensions/aether/the_aether/entities/r.-1.-2.mca
[07Apr2025 12:30:45.084] [ForkJoinPool.commonPool-worker-3/INFO] [org.betterx.worlds.together.util.Logger/]: [DataFixerAPI] Inspecting ./world/./entities/r.-3.-2.mca
[07Apr2025 12:30:45.085] [ForkJoinPool.commonPool-worker-2/INFO] [org.betterx.worlds.together.util.Logger/]: [DataFixerAPI] Inspecting ./world/./dimensions/aether/the_aether/entities/r.-1.-3.mca
[07Apr2025 12:30:45.140] [main/INFO] [org.betterx.worlds.together.util.Logger/]: [DataFixerAPI] Inspecting ./world/./poi/r.-2.-4.mca
[07Apr2025 12:30:45.140] [ForkJoinPool.commonPool-worker-1/INFO] [org.betterx.worlds.together.util.Logger/]: [DataFixerAPI] Inspecting ./world/./DIM-1/entities/r.0.-1.mca
[07Apr2025 12:30:45.151] [ForkJoinPool.commonPool-worker-1/INFO] [org.betterx.worlds.together.util.Logger/]: [DataFixerAPI] Inspecting ./world/./DIM-1/entities/r.-2.-3.mca
[07Apr2025 12:30:45.151] [ForkJoinPool.commonPool-worker-2/INFO] [org.betterx.worlds.together.util.Logger/]: [DataFixerAPI] Inspecting ./world/./dimensions/aether/the_aether/entities/r.-2.-2.mca
[07Apr2025 12:30:45.152] [ForkJoinPool.commonPool-worker-1/INFO] [org.betterx.worlds.together.util.Logger/]: [DataFixerAPI] Inspecting ./world/./DIM-1/entities/r.-1.-1.mca
[07Apr2025 12:30:45.160] [main/INFO] [org.betterx.worlds.together.util.Logger/]: [DataFixerAPI] Inspecting ./world/./poi/r.0.-2.mca
[07Apr2025 12:30:45.162] [main/INFO] [org.betterx.worlds.together.util.Logger/]: [DataFixerAPI] Inspecting ./world/./poi/r.0.-3.mca
[07Apr2025 12:30:45.164] [main/INFO] [org.betterx.worlds.together.util.Logger/]: [DataFixerAPI] Inspecting ./world/./poi/r.-2.-1.mca
[07Apr2025 12:30:45.173] [ForkJoinPool.commonPool-worker-2/INFO] [org.betterx.worlds.together.util.Logger/]: [DataFixerAPI] Inspecting ./world/./dimensions/aether/the_aether/entities/r.-2.-3.mca
[07Apr2025 12:30:45.180] [ForkJoinPool.commonPool-worker-3/INFO] [org.betterx.worlds.together.util.Logger/]: [DataFixerAPI] Inspecting ./world/./entities/r.-2.-4.mca
[07Apr2025 12:30:45.198] [ForkJoinPool.commonPool-worker-3/INFO] [org.betterx.worlds.together.util.Logger/]: [DataFixerAPI] Inspecting ./world/./entities/r.0.-2.mca
[07Apr2025 12:30:45.201] [ForkJoinPool.commonPool-worker-3/INFO] [org.betterx.worlds.together.util.Logger/]: [DataFixerAPI] Inspecting ./world/./entities/r.-2.-1.mca
[07Apr2025 12:30:45.207] [ForkJoinPool.commonPool-worker-1/INFO] [org.betterx.worlds.together.util.Logger/]: [DataFixerAPI] Inspecting ./world/./DIM-1/poi/r.-1.-2.mca
[07Apr2025 12:30:45.208] [ForkJoinPool.commonPool-worker-1/INFO] [org.betterx.worlds.together.util.Logger/]: [DataFixerAPI] Inspecting ./world/./DIM-1/poi/r.0.0.mca
[07Apr2025 12:30:45.211] [ForkJoinPool.commonPool-worker-1/INFO] [org.betterx.worlds.together.util.Logger/]: [DataFixerAPI] Inspecting ./world/./DIM-1/poi/r.-2.0.mca
[07Apr2025 12:30:45.213] [ForkJoinPool.commonPool-worker-1/INFO] [org.betterx.worlds.together.util.Logger/]: [DataFixerAPI] Inspecting ./world/./dimensions/aether/the_aether/region/r.-3.-3.mca
[07Apr2025 12:30:45.220] [ForkJoinPool.commonPool-worker-2/INFO] [org.betterx.worlds.together.util.Logger/]: [DataFixerAPI] Inspecting ./world/./dimensions/aether/the_aether/poi/r.-1.-2.mca
[07Apr2025 12:30:45.222] [ForkJoinPool.commonPool-worker-2/INFO] [org.betterx.worlds.together.util.Logger/]: [DataFixerAPI] Inspecting ./world/./dimensions/aether/the_aether/poi/r.-1.-3.mca
[07Apr2025 12:30:45.224] [ForkJoinPool.commonPool-worker-2/INFO] [org.betterx.worlds.together.util.Logger/]: [DataFixerAPI] Inspecting ./world/./dimensions/aether/the_aether/poi/r.-1.-4.mca
[07Apr2025 12:30:45.226] [ForkJoinPool.commonPool-worker-2/INFO] [org.betterx.worlds.together.util.Logger/]: [DataFixerAPI] Inspecting ./world/./dimensions/aether/the_aether/poi/r.-2.-4.mca
[07Apr2025 12:30:45.226] [ForkJoinPool.commonPool-worker-2/INFO] [org.betterx.worlds.together.util.Logger/]: [DataFixerAPI] Inspecting ./world/./dimensions/aether/the_aether/poi/r.-2.-2.mca
[07Apr2025 12:30:45.228] [ForkJoinPool.commonPool-worker-2/INFO] [org.betterx.worlds.together.util.Logger/]: [DataFixerAPI] Inspecting ./world/./dimensions/aether/the_aether/poi/r.-2.-3.mca
[07Apr2025 12:30:45.233] [ForkJoinPool.commonPool-worker-2/INFO] [org.betterx.worlds.together.util.Logger/]: [DataFixerAPI] Inspecting ./world/./dimensions/aether/the_aether/region/r.-1.-2.mca
[07Apr2025 12:30:45.240] [ForkJoinPool.commonPool-worker-1/INFO] [org.betterx.worlds.together.util.Logger/]: [DataFixerAPI] Inspecting ./world/./dimensions/aether/the_aether/region/r.-3.-4.mca
[07Apr2025 12:30:45.244] [main/INFO] [org.betterx.worlds.together.util.Logger/]: [DataFixerAPI] Inspecting ./world/./poi/r.-2.-2.mca
[07Apr2025 12:30:45.249] [ForkJoinPool.commonPool-worker-1/INFO] [org.betterx.worlds.together.util.Logger/]: [DataFixerAPI] Inspecting ./world/./dimensions/aether/the_aether/region/r.-1.-3.mca
[07Apr2025 12:30:45.320] [ForkJoinPool.commonPool-worker-3/INFO] [org.betterx.worlds.together.util.Logger/]: [DataFixerAPI] Inspecting ./world/./entities/r.-1.-2.mca
[07Apr2025 12:30:45.322] [Forge Version Check/INFO] [net.minecraftforge.fml.VersionChecker/]: [journeymap] Found status: UP_TO_DATE Current: 5.10.3 Target: null
[07Apr2025 12:30:45.322] [Forge Version Check/INFO] [net.minecraftforge.fml.VersionChecker/]: [storagenetwork] Starting version check at https://raw.githubusercontent.com/Lothrazar/Storage-Network/trunk/1.19/update.json
[07Apr2025 12:30:45.328] [ForkJoinPool.commonPool-worker-3/INFO] [org.betterx.worlds.together.util.Logger/]: [DataFixerAPI] Inspecting ./world/./entities/r.-3.0.mca
[07Apr2025 12:30:45.331] [Forge Version Check/INFO] [net.minecraftforge.fml.VersionChecker/]: [storagenetwork] Found status: BETA Current: 1.12.2 Target: null
[07Apr2025 12:30:45.331] [Forge Version Check/INFO] [net.minecraftforge.fml.VersionChecker/]: [enderstorage] Starting version check at https://version-check.covers1624.net/check/?mod=EnderStorage&mc=1.20.1
[07Apr2025 12:30:45.349] [ForkJoinPool.commonPool-worker-3/INFO] [org.betterx.worlds.together.util.Logger/]: [DataFixerAPI] Inspecting ./world/./entities/r.-3.-3.mca
[07Apr2025 12:30:45.349] [main/INFO] [org.betterx.worlds.together.util.Logger/]: [DataFixerAPI] Inspecting ./world/./poi/r.0.-1.mca
[07Apr2025 12:30:45.363] [main/INFO] [org.betterx.worlds.together.util.Logger/]: [DataFixerAPI] Inspecting ./world/./poi/r.-3.-1.mca
[07Apr2025 12:30:45.390] [main/INFO] [org.betterx.worlds.together.util.Logger/]: [DataFixerAPI] Inspecting ./world/./poi/r.0.-4.mca
[07Apr2025 12:30:45.391] [main/INFO] [org.betterx.worlds.together.util.Logger/]: [DataFixerAPI] Inspecting ./world/./poi/r.-2.-3.mca
[07Apr2025 12:30:45.440] [ForkJoinPool.commonPool-worker-3/INFO] [org.betterx.worlds.together.util.Logger/]: [DataFixerAPI] Inspecting ./world/./entities/r.0.1.mca
[07Apr2025 12:30:45.441] [ForkJoinPool.commonPool-worker-3/INFO] [org.betterx.worlds.together.util.Logger/]: [DataFixerAPI] Inspecting ./world/./entities/r.0.0.mca
[07Apr2025 12:30:45.443] [ForkJoinPool.commonPool-worker-3/INFO] [org.betterx.worlds.together.util.Logger/]: [DataFixerAPI] Inspecting ./world/./entities/r.-2.1.mca
[07Apr2025 12:30:45.454] [ForkJoinPool.commonPool-worker-2/INFO] [org.betterx.worlds.together.util.Logger/]: [DataFixerAPI] Inspecting ./world/./DIM-1/region/r.-1.-2.mca
[07Apr2025 12:30:45.490] [ForkJoinPool.commonPool-worker-3/INFO] [org.betterx.worlds.together.util.Logger/]: [DataFixerAPI] Inspecting ./world/./entities/r.-2.0.mca
[07Apr2025 12:30:45.508] [main/INFO] [org.betterx.worlds.together.util.Logger/]: [DataFixerAPI] Inspecting ./world/./poi/r.-1.-1.mca
[07Apr2025 12:30:45.535] [main/INFO] [org.betterx.worlds.together.util.Logger/]: [DataFixerAPI] Inspecting ./world/./region/r.-1.-2.mca
[07Apr2025 12:30:45.556] [ForkJoinPool.commonPool-worker-2/INFO] [org.betterx.worlds.together.util.Logger/]: [DataFixerAPI] Inspecting ./world/./DIM-1/region/r.0.0.mca
[07Apr2025 12:30:45.602] [Forge Version Check/INFO] [net.minecraftforge.fml.VersionChecker/]: [enderstorage] Found status: UP_TO_DATE Current: 2.11.0.188 Target: null
[07Apr2025 12:30:45.602] [Forge Version Check/INFO] [net.minecraftforge.fml.VersionChecker/]: [enchdesc] Starting version check at https://updates.blamejared.com/get?n=enchdesc&gv=1.20.1
[07Apr2025 12:30:45.627] [Forge Version Check/INFO] [net.minecraftforge.fml.VersionChecker/]: [enchdesc] Found status: BETA Current: 17.1.19 Target: 17.1.19
[07Apr2025 12:30:45.627] [Forge Version Check/INFO] [net.minecraftforge.fml.VersionChecker/]: [moonlight] Starting version check at https://raw.githubusercontent.com/MehVahdJukaar/Moonlight/multi-loader/forge/update.json
[07Apr2025 12:30:45.634] [Forge Version Check/INFO] [net.minecraftforge.fml.VersionChecker/]: [moonlight] Found status: BETA Current: 1.20-2.13.79 Target: null
[07Apr2025 12:30:45.634] [Forge Version Check/INFO] [net.minecraftforge.fml.VersionChecker/]: [iceberg] Starting version check at https://mc-update-check.anthonyhilyard.com/520110
[07Apr2025 12:30:45.639] [ForkJoinPool.commonPool-worker-3/INFO] [org.betterx.worlds.together.util.Logger/]: [DataFixerAPI] Inspecting ./world/./entities/r.-1.1.mca
[07Apr2025 12:30:45.717] [ForkJoinPool.commonPool-worker-1/INFO] [org.betterx.worlds.together.util.Logger/]: [DataFixerAPI] Inspecting ./world/./dimensions/aether/the_aether/region/r.-1.-4.mca
[07Apr2025 12:30:45.733] [Forge Version Check/INFO] [net.minecraftforge.fml.VersionChecker/]: [iceberg] Found status: UP_TO_DATE Current: 1.1.25 Target: null
[07Apr2025 12:30:45.734] [Forge Version Check/INFO] [net.minecraftforge.fml.VersionChecker/]: [supplementaries] Starting version check at https://raw.githubusercontent.com/MehVahdJukaar/Supplementaries/1.20/forge/update.json
[07Apr2025 12:30:45.836] [Forge Version Check/INFO] [net.minecraftforge.fml.VersionChecker/]: [supplementaries] Found status: BETA Current: 1.20-3.1.24 Target: null
[07Apr2025 12:30:45.836] [Forge Version Check/INFO] [net.minecraftforge.fml.VersionChecker/]: [betterf3] Starting version check at https://api.modrinth.com/updates/betterf3/forge_updates.json
[07Apr2025 12:30:45.840] [ForkJoinPool.commonPool-worker-1/INFO] [org.betterx.worlds.together.util.Logger/]: [DataFixerAPI] Inspecting ./world/./dimensions/aether/the_aether/region/r.-3.-2.mca
[07Apr2025 12:30:45.845] [ForkJoinPool.commonPool-worker-3/INFO] [org.betterx.worlds.together.util.Logger/]: [DataFixerAPI] Inspecting ./world/./DIM-1/poi/r.-1.-3.mca
[07Apr2025 12:30:45.850] [ForkJoinPool.commonPool-worker-3/INFO] [org.betterx.worlds.together.util.Logger/]: [DataFixerAPI] Inspecting ./world/./DIM-1/poi/r.-1.0.mca
[07Apr2025 12:30:45.868] [ForkJoinPool.commonPool-worker-1/INFO] [org.betterx.worlds.together.util.Logger/]: [bclib] Patching... 48%
[07Apr2025 12:30:45.868] [ForkJoinPool.commonPool-worker-1/INFO] [org.betterx.worlds.together.util.Logger/]: [DataFixerAPI] Inspecting ./world/./dimensions/aether/the_aether/region/r.-2.-4.mca
[07Apr2025 12:30:45.897] [ForkJoinPool.commonPool-worker-3/INFO] [org.betterx.worlds.together.util.Logger/]: [DataFixerAPI] Inspecting ./world/./DIM-1/poi/r.0.-2.mca
[07Apr2025 12:30:45.899] [ForkJoinPool.commonPool-worker-3/INFO] [org.betterx.worlds.together.util.Logger/]: [DataFixerAPI] Inspecting ./world/./DIM-1/poi/r.-2.-1.mca
[07Apr2025 12:30:45.901] [ForkJoinPool.commonPool-worker-3/INFO] [org.betterx.worlds.together.util.Logger/]: [DataFixerAPI] Inspecting ./world/./DIM-1/poi/r.-2.-2.mca
[07Apr2025 12:30:45.901] [ForkJoinPool.commonPool-worker-3/INFO] [org.betterx.worlds.together.util.Logger/]: [DataFixerAPI] Inspecting ./world/./DIM-1/poi/r.0.-1.mca
[07Apr2025 12:30:45.905] [ForkJoinPool.commonPool-worker-3/INFO] [org.betterx.worlds.together.util.Logger/]: [DataFixerAPI] Inspecting ./world/./DIM-1/poi/r.-2.-3.mca
[07Apr2025 12:30:45.906] [ForkJoinPool.commonPool-worker-3/INFO] [org.betterx.worlds.together.util.Logger/]: [DataFixerAPI] Inspecting ./world/./DIM-1/poi/r.-1.-1.mca
[07Apr2025 12:30:45.954] [ForkJoinPool.commonPool-worker-3/INFO] [org.betterx.worlds.together.util.Logger/]: [DataFixerAPI] Inspecting ./world/./region/r.-4.-3.mca
[07Apr2025 12:30:45.954] [ForkJoinPool.commonPool-worker-1/INFO] [org.betterx.worlds.together.util.Logger/]: [DataFixerAPI] Inspecting ./world/./dimensions/aether/the_aether/region/r.-2.-2.mca
[07Apr2025 12:30:46.084] [ForkJoinPool.commonPool-worker-3/INFO] [org.betterx.worlds.together.util.Logger/]: [DataFixerAPI] Inspecting ./world/./region/r.6.-11.mca
[07Apr2025 12:30:46.088] [ForkJoinPool.commonPool-worker-3/INFO] [org.betterx.worlds.together.util.Logger/]: [DataFixerAPI] Inspecting ./world/./region/r.-3.-2.mca
[07Apr2025 12:30:46.156] [ForkJoinPool.commonPool-worker-1/INFO] [org.betterx.worlds.together.util.Logger/]: [DataFixerAPI] Inspecting ./world/./dimensions/aether/the_aether/region/r.-2.-3.mca
[07Apr2025 12:30:46.184] [Forge Version Check/INFO] [net.minecraftforge.fml.VersionChecker/]: [betterf3] Found status: UP_TO_DATE Current: 7.0.2 Target: null
[07Apr2025 12:30:46.197] [ForkJoinPool.commonPool-worker-2/INFO] [org.betterx.worlds.together.util.Logger/]: [DataFixerAPI] Inspecting ./world/./DIM-1/region/r.-2.0.mca
[07Apr2025 12:30:46.324] [ForkJoinPool.commonPool-worker-2/INFO] [org.betterx.worlds.together.util.Logger/]: [DataFixerAPI] Inspecting ./world/./DIM-1/region/r.-1.-3.mca
[07Apr2025 12:30:46.389] [ForkJoinPool.commonPool-worker-2/INFO] [org.betterx.worlds.together.util.Logger/]: [DataFixerAPI] Inspecting ./world/./DIM-1/region/r.-1.0.mca
[07Apr2025 12:30:46.557] [ForkJoinPool.commonPool-worker-1/INFO] [org.betterx.worlds.together.util.Logger/]: [DataFixerAPI] Inspecting ./world/./poi/r.-2.1.mca
[07Apr2025 12:30:46.602] [ForkJoinPool.commonPool-worker-1/INFO] [org.betterx.worlds.together.util.Logger/]: [DataFixerAPI] Inspecting ./world/./poi/r.-2.0.mca
[07Apr2025 12:30:46.645] [ForkJoinPool.commonPool-worker-1/INFO] [org.betterx.worlds.together.util.Logger/]: [DataFixerAPI] Inspecting ./world/./poi/r.-1.1.mca
[07Apr2025 12:30:46.658] [ForkJoinPool.commonPool-worker-1/INFO] [org.betterx.worlds.together.util.Logger/]: [DataFixerAPI] Inspecting ./world/./poi/r.-3.-4.mca
[07Apr2025 12:30:46.659] [ForkJoinPool.commonPool-worker-1/INFO] [org.betterx.worlds.together.util.Logger/]: [DataFixerAPI] Inspecting ./world/./poi/r.-4.-2.mca
[07Apr2025 12:30:46.662] [ForkJoinPool.commonPool-worker-1/INFO] [org.betterx.worlds.together.util.Logger/]: [DataFixerAPI] Inspecting ./world/./poi/r.-1.-3.mca
[07Apr2025 12:30:46.699] [ForkJoinPool.commonPool-worker-1/INFO] [org.betterx.worlds.together.util.Logger/]: [DataFixerAPI] Inspecting ./world/./poi/r.-1.-4.mca
[07Apr2025 12:30:46.712] [ForkJoinPool.commonPool-worker-1/INFO] [org.betterx.worlds.together.util.Logger/]: [DataFixerAPI] Inspecting ./world/./poi/r.-1.0.mca
[07Apr2025 12:30:46.731] [ForkJoinPool.commonPool-worker-1/INFO] [org.betterx.worlds.together.util.Logger/]: [DataFixerAPI] Inspecting ./world/./DIM-1/region/r.0.-1.mca
[07Apr2025 12:30:46.755] [main/INFO] [org.betterx.worlds.together.util.Logger/]: [DataFixerAPI] Inspecting ./world/./region/r.-3.0.mca
[07Apr2025 12:30:46.925] [ForkJoinPool.commonPool-worker-3/INFO] [org.betterx.worlds.together.util.Logger/]: [bclib] Patching... 66%
[07Apr2025 12:30:46.925] [ForkJoinPool.commonPool-worker-3/INFO] [org.betterx.worlds.together.util.Logger/]: [DataFixerAPI] Inspecting ./world/./region/r.-2.-4.mca
[07Apr2025 12:30:47.147] [ForkJoinPool.commonPool-worker-1/INFO] [org.betterx.worlds.together.util.Logger/]: [DataFixerAPI] Inspecting ./world/./DIM-1/region/r.-2.-3.mca
[07Apr2025 12:30:47.170] [ForkJoinPool.commonPool-worker-2/INFO] [org.betterx.worlds.together.util.Logger/]: [DataFixerAPI] Inspecting ./world/./DIM-1/region/r.0.-2.mca
[07Apr2025 12:30:47.208] [ForkJoinPool.commonPool-worker-2/INFO] [org.betterx.worlds.together.util.Logger/]: [DataFixerAPI] Inspecting ./world/./DIM-1/region/r.-2.-1.mca
[07Apr2025 12:30:47.311] [main/INFO] [org.betterx.worlds.together.util.Logger/]: [DataFixerAPI] Inspecting ./world/./region/r.-4.1.mca
[07Apr2025 12:30:47.314] [main/INFO] [org.betterx.worlds.together.util.Logger/]: [DataFixerAPI] Inspecting ./world/./region/r.-4.-2.mca
[07Apr2025 12:30:47.414] [ForkJoinPool.commonPool-worker-1/INFO] [org.betterx.worlds.together.util.Logger/]: [DataFixerAPI] Inspecting ./world/./DIM-1/region/r.-1.-1.mca
[07Apr2025 12:30:47.414] [ForkJoinPool.commonPool-worker-2/INFO] [org.betterx.worlds.together.util.Logger/]: [DataFixerAPI] Inspecting ./world/./DIM-1/region/r.-2.-2.mca
[07Apr2025 12:30:47.456] [main/INFO] [org.betterx.worlds.together.util.Logger/]: [DataFixerAPI] Inspecting ./world/./region/r.2.-5.mca
[07Apr2025 12:30:47.457] [main/INFO] [org.betterx.worlds.together.util.Logger/]: [DataFixerAPI] Inspecting ./world/./region/r.-1.-3.mca
[07Apr2025 12:30:47.477] [ForkJoinPool.commonPool-worker-2/INFO] [org.betterx.worlds.together.util.Logger/]: [DataFixerAPI] Inspecting ./world/./region/r.-3.-3.mca
[07Apr2025 12:30:47.508] [ForkJoinPool.commonPool-worker-3/INFO] [org.betterx.worlds.together.util.Logger/]: [DataFixerAPI] Inspecting ./world/./region/r.2.-2.mca
[07Apr2025 12:30:47.517] [ForkJoinPool.commonPool-worker-3/INFO] [org.betterx.worlds.together.util.Logger/]: [DataFixerAPI] Inspecting ./world/./region/r.6.-10.mca
[07Apr2025 12:30:47.523] [ForkJoinPool.commonPool-worker-3/INFO] [org.betterx.worlds.together.util.Logger/]: [DataFixerAPI] Inspecting ./world/./region/r.-2.-6.mca
[07Apr2025 12:30:47.529] [ForkJoinPool.commonPool-worker-3/INFO] [org.betterx.worlds.together.util.Logger/]: [DataFixerAPI] Inspecting ./world/./region/r.0.-2.mca
[07Apr2025 12:30:47.826] [ForkJoinPool.commonPool-worker-3/INFO] [org.betterx.worlds.together.util.Logger/]: [DataFixerAPI] Inspecting ./world/./region/r.0.-3.mca
[07Apr2025 12:30:47.857] [ForkJoinPool.commonPool-worker-3/INFO] [org.betterx.worlds.together.util.Logger/]: [DataFixerAPI] Inspecting ./world/./region/r.-2.-1.mca
[07Apr2025 12:30:48.345] [ForkJoinPool.commonPool-worker-1/INFO] [org.betterx.worlds.together.util.Logger/]: [bclib] Patching... 79%
[07Apr2025 12:30:48.345] [ForkJoinPool.commonPool-worker-1/INFO] [org.betterx.worlds.together.util.Logger/]: [DataFixerAPI] Inspecting ./world/./poi/r.-1.-2.mca
[07Apr2025 12:30:48.355] [main/INFO] [org.betterx.worlds.together.util.Logger/]: [DataFixerAPI] Inspecting ./world/./region/r.0.-5.mca
[07Apr2025 12:30:48.359] [main/INFO] [org.betterx.worlds.together.util.Logger/]: [DataFixerAPI] Inspecting ./world/./region/r.-1.-4.mca
[07Apr2025 12:30:48.379] [ForkJoinPool.commonPool-worker-1/INFO] [org.betterx.worlds.together.util.Logger/]: [DataFixerAPI] Inspecting ./world/./poi/r.-3.0.mca
[07Apr2025 12:30:48.400] [ForkJoinPool.commonPool-worker-1/INFO] [org.betterx.worlds.together.util.Logger/]: [DataFixerAPI] Inspecting ./world/./poi/r.-3.-3.mca
[07Apr2025 12:30:48.471] [ForkJoinPool.commonPool-worker-1/INFO] [org.betterx.worlds.together.util.Logger/]: [DataFixerAPI] Inspecting ./world/./poi/r.0.1.mca
[07Apr2025 12:30:48.475] [ForkJoinPool.commonPool-worker-1/INFO] [org.betterx.worlds.together.util.Logger/]: [DataFixerAPI] Inspecting ./world/./poi/r.0.0.mca
[07Apr2025 12:30:48.497] [ForkJoinPool.commonPool-worker-2/INFO] [org.betterx.worlds.together.util.Logger/]: [DataFixerAPI] Inspecting ./world/./region/r.0.1.mca
[07Apr2025 12:30:48.633] [ForkJoinPool.commonPool-worker-2/INFO] [org.betterx.worlds.together.util.Logger/]: [DataFixerAPI] Inspecting ./world/./region/r.0.0.mca
[07Apr2025 12:30:48.843] [main/INFO] [org.betterx.worlds.together.util.Logger/]: [DataFixerAPI] Inspecting ./world/./region/r.1.-3.mca
[07Apr2025 12:30:48.844] [main/INFO] [org.betterx.worlds.together.util.Logger/]: [DataFixerAPI] Inspecting ./world/./region/r.-1.0.mca
[07Apr2025 12:30:48.941] [ForkJoinPool.commonPool-worker-3/INFO] [org.betterx.worlds.together.util.Logger/]: [DataFixerAPI] Inspecting ./world/./region/r.-2.-2.mca
[07Apr2025 12:30:48.944] [ForkJoinPool.commonPool-worker-2/INFO] [org.betterx.worlds.together.util.Logger/]: [DataFixerAPI] Inspecting ./world/./region/r.-2.1.mca
[07Apr2025 12:30:49.650] [ForkJoinPool.commonPool-worker-2/INFO] [org.betterx.worlds.together.util.Logger/]: [bclib] Patching... 89%
[07Apr2025 12:30:49.650] [ForkJoinPool.commonPool-worker-2/INFO] [org.betterx.worlds.together.util.Logger/]: [DataFixerAPI] Inspecting ./world/./region/r.-2.0.mca
[07Apr2025 12:30:49.683] [main/INFO] [org.betterx.worlds.together.util.Logger/]: [DataFixerAPI] Inspecting ./world/./region/r.-3.1.mca
[07Apr2025 12:30:49.764] [ForkJoinPool.commonPool-worker-3/INFO] [org.betterx.worlds.together.util.Logger/]: [DataFixerAPI] Inspecting ./world/./region/r.0.-1.mca
[07Apr2025 12:30:50.118] [ForkJoinPool.commonPool-worker-3/INFO] [org.betterx.worlds.together.util.Logger/]: [DataFixerAPI] Inspecting ./world/./region/r.-3.-1.mca
[07Apr2025 12:30:50.335] [ForkJoinPool.commonPool-worker-3/INFO] [org.betterx.worlds.together.util.Logger/]: [DataFixerAPI] Inspecting ./world/./region/r.0.-4.mca
[07Apr2025 12:30:50.343] [ForkJoinPool.commonPool-worker-3/INFO] [org.betterx.worlds.together.util.Logger/]: [DataFixerAPI] Inspecting ./world/./region/r.-2.-3.mca
[07Apr2025 12:30:50.374] [ForkJoinPool.commonPool-worker-2/INFO] [org.betterx.worlds.together.util.Logger/]: [DataFixerAPI] Inspecting ./world/./region/r.-1.1.mca
[07Apr2025 12:30:50.678] [ForkJoinPool.commonPool-worker-3/INFO] [org.betterx.worlds.together.util.Logger/]: [bclib] Patching... 95%
[07Apr2025 12:30:50.678] [ForkJoinPool.commonPool-worker-3/INFO] [org.betterx.worlds.together.util.Logger/]: [DataFixerAPI] Inspecting ./world/./region/r.-1.-1.mca
[07Apr2025 12:30:50.692] [ForkJoinPool.commonPool-worker-2/INFO] [org.betterx.worlds.together.util.Logger/]: [DataFixerAPI] Inspecting ./world/./region/r.-2.-5.mca
[07Apr2025 12:30:50.693] [ForkJoinPool.commonPool-worker-2/INFO] [org.betterx.worlds.together.util.Logger/]: [DataFixerAPI] Inspecting ./world/./region/r.-3.-4.mca
[07Apr2025 12:30:51.112] [ForkJoinPool.commonPool-worker-3/INFO] [org.betterx.worlds.together.util.Logger/]: [DataFixerAPI] Inspecting ./world/./region/r.-4.-4.mca
[07Apr2025 12:30:51.115] [main/INFO] [org.betterx.worlds.together.util.Logger/]: [bclib] Patcher Stage... message.bclib.datafixer.progress.saving%
[07Apr2025 12:30:51.116] [main/INFO] [org.betterx.worlds.together.util.Logger/]: [DataFixerAPI] Updating Patch-Level for 'betternether' from 0.0.0 to 9.0.1
[07Apr2025 12:30:51.117] [main/INFO] [org.betterx.worlds.together.util.Logger/]: [DataFixerAPI] Updating Patch-Level for 'bclib' from 0.0.0 to 3.0.11
[07Apr2025 12:30:51.127] [main/WARN] [net.minecraft.server.packs.VanillaPackResourcesBuilder/]: Assets URL 'union:/workspaces/SERVER/servidor_minecraft/libraries/net/minecraft/server/1.20.1-20230612.114412/server-1.20.1-20230612.114412-srg.jar%23571!/assets/.mcassetsroot' uses unexpected schema
[07Apr2025 12:30:51.127] [main/WARN] [net.minecraft.server.packs.VanillaPackResourcesBuilder/]: Assets URL 'union:/workspaces/SERVER/servidor_minecraft/libraries/net/minecraft/server/1.20.1-20230612.114412/server-1.20.1-20230612.114412-srg.jar%23571!/data/.mcassetsroot' uses unexpected schema
[07Apr2025 12:30:51.591] [main/INFO] [com.simibubi.create.Create/]: Created 1694 recipes which will be injected into the game
[07Apr2025 12:30:51.618] [main/INFO] [com.simibubi.create.Create/]: Created 52 tags which will be injected into the game
[07Apr2025 12:30:51.960] [main/INFO] [Supplementaries/]: Generated runtime SERVER_DATA for pack Supplementaries Generated Pack (supplementaries) in: 78 ms
[07Apr2025 12:30:51.986] [main/INFO] [net.minecraft.resources.RegistryDataLoader/]: Using path as content location for registry worlds_together:worldgen/betterx/biome
[07Apr2025 12:30:53.195] [main/INFO] [org.betterx.worlds.together.util.Logger/]: [bclib] Did not manage biome betterend:empty_aurora_cave
[07Apr2025 12:30:53.196] [main/INFO] [org.betterx.worlds.together.util.Logger/]: [bclib] Did not manage biome betterend:empty_end_cave
[07Apr2025 12:30:53.196] [main/INFO] [org.betterx.worlds.together.util.Logger/]: [bclib] Did not manage biome betterend:empty_smaragdant_cave
[07Apr2025 12:30:53.198] [main/INFO] [org.betterx.worlds.together.util.Logger/]: [bclib] Did not manage biome betterend:jade_cave
[07Apr2025 12:30:53.201] [main/INFO] [org.betterx.worlds.together.util.Logger/]: [bclib] Did not manage biome betterend:lush_aurora_cave
[07Apr2025 12:30:53.201] [main/INFO] [org.betterx.worlds.together.util.Logger/]: [bclib] Did not manage biome betterend:lush_smaragdant_cave
[07Apr2025 12:30:53.202] [main/INFO] [org.betterx.worlds.together.util.Logger/]: [bclib] Did not manage biome betterend:megalake_grove
[07Apr2025 12:30:53.202] [main/INFO] [org.betterx.worlds.together.util.Logger/]: [bclib] Did not manage biome betterend:neon_oasis
[07Apr2025 12:30:53.205] [main/INFO] [org.betterx.worlds.together.util.Logger/]: [bclib] Did not manage biome betterend:painted_mountains
[07Apr2025 12:30:54.396] [main/ERROR] [net.minecraftforge.fml.loading.RuntimeDistCleaner/DISTXFORM]: Attempted to load class net/minecraft/client/renderer/block/model/BlockModel for invalid dist DEDICATED_SERVER
[07Apr2025 12:30:54.397] [main/WARN] [Radium Class Analysis/]: Radium Class Analysis Error: Class org.betterx.bclib.blocks.BaseBlock cannot be analysed, because getting declared methods crashes with RuntimeException: Attempted to load class net/minecraft/client/renderer/block/model/BlockModel for invalid dist DEDICATED_SERVER. This is usually caused by modded entities declaring methods that have a return type or parameter type that is annotated with @OnlyIn(Dist.CLIENT). Loading the type is not possible, because it only exists in the CLIENT environment. The recommended fix is to annotate the method with this argument or return type with the same annotation. Lithium handles this error by assuming the class cannot be included in some optimizations.
[07Apr2025 12:30:54.398] [main/ERROR] [net.minecraftforge.fml.loading.RuntimeDistCleaner/DISTXFORM]: Attempted to load class net/minecraft/client/renderer/block/model/BlockModel for invalid dist DEDICATED_SERVER
[07Apr2025 12:30:54.398] [main/WARN] [Radium Class Analysis/]: Radium Class Analysis Error: Class org.betterx.bclib.blocks.BaseBlock cannot be analysed, because getting declared methods crashes with RuntimeException: Attempted to load class net/minecraft/client/renderer/block/model/BlockModel for invalid dist DEDICATED_SERVER. This is usually caused by modded entities declaring methods that have a return type or parameter type that is annotated with @OnlyIn(Dist.CLIENT). Loading the type is not possible, because it only exists in the CLIENT environment. The recommended fix is to annotate the method with this argument or return type with the same annotation. Lithium handles this error by assuming the class cannot be included in some optimizations.
[07Apr2025 12:30:54.399] [main/ERROR] [net.minecraftforge.fml.loading.RuntimeDistCleaner/DISTXFORM]: Attempted to load class net/minecraft/client/renderer/block/model/BlockModel for invalid dist DEDICATED_SERVER
[07Apr2025 12:30:54.399] [main/WARN] [Radium Class Analysis/]: Radium Class Analysis Error: Class org.betterx.bclib.blocks.BaseBlock cannot be analysed, because getting declared methods crashes with RuntimeException: Attempted to load class net/minecraft/client/renderer/block/model/BlockModel for invalid dist DEDICATED_SERVER. This is usually caused by modded entities declaring methods that have a return type or parameter type that is annotated with @OnlyIn(Dist.CLIENT). Loading the type is not possible, because it only exists in the CLIENT environment. The recommended fix is to annotate the method with this argument or return type with the same annotation. Lithium handles this error by assuming the class cannot be included in some optimizations.
[07Apr2025 12:30:54.401] [main/ERROR] [net.minecraftforge.fml.loading.RuntimeDistCleaner/DISTXFORM]: Attempted to load class net/minecraft/client/renderer/block/model/BlockModel for invalid dist DEDICATED_SERVER
[07Apr2025 12:30:54.401] [main/WARN] [Radium Class Analysis/]: Radium Class Analysis Error: Class org.betterx.bclib.blocks.BaseBlock cannot be analysed, because getting declared methods crashes with RuntimeException: Attempted to load class net/minecraft/client/renderer/block/model/BlockModel for invalid dist DEDICATED_SERVER. This is usually caused by modded entities declaring methods that have a return type or parameter type that is annotated with @OnlyIn(Dist.CLIENT). Loading the type is not possible, because it only exists in the CLIENT environment. The recommended fix is to annotate the method with this argument or return type with the same annotation. Lithium handles this error by assuming the class cannot be included in some optimizations.
[07Apr2025 12:30:55.447] [main/INFO] [org.betterx.worlds.together.util.Logger/]: [bclib] Updating Pickers for BCLib - The End  BiomeSource (296ba1b1)
[07Apr2025 12:30:55.450] [main/INFO] [org.betterx.worlds.together.util.Logger/]: [bclib] Unable to build Biome List yet
[07Apr2025 12:30:55.452] [main/INFO] [org.betterx.worlds.together.util.Logger/]: [bclib] No Void Biomes found. Disabling by using barrens
[07Apr2025 12:30:55.452] [main/INFO] [org.betterx.worlds.together.util.Logger/]: [bclib] No Barrens Biomes found. Disabling by using land Biomes
[07Apr2025 12:30:55.452] [main/WARN] [org.betterx.worlds.together.util.Logger/]: [bclib] No Center Island Biomes found. Forcing use of vanilla center.
[07Apr2025 12:30:55.464] [main/INFO] [org.betterx.worlds.together.util.Logger/]: [bclib] Make sure features are loaded from terrablender:org.betterx.bclib.api.v2.generator.BCLibEndBiomeSource
[07Apr2025 12:30:55.465] [main/INFO] [org.betterx.worlds.together.util.Logger/]: [bclib] Updating Pickers for BCLib - Nether BiomeSource (56b9c1c2)
[07Apr2025 12:30:55.465] [main/INFO] [org.betterx.worlds.together.util.Logger/]: [bclib] Unable to build Biome List yet
[07Apr2025 12:30:55.472] [main/INFO] [org.betterx.worlds.together.util.Logger/]: [bclib] Make sure features are loaded from terrablender:org.betterx.bclib.api.v2.generator.BCLibNetherBiomeSource
[07Apr2025 12:30:55.477] [main/INFO] [org.betterx.worlds.together.util.Logger/]: [bclib] Updating Pickers for BCLib - The End  BiomeSource (4f4b08aa)
[07Apr2025 12:30:55.477] [main/INFO] [org.betterx.worlds.together.util.Logger/]: [bclib] Unable to build Biome List yet
[07Apr2025 12:30:55.477] [main/INFO] [org.betterx.worlds.together.util.Logger/]: [bclib] No Void Biomes found. Disabling by using barrens
[07Apr2025 12:30:55.477] [main/INFO] [org.betterx.worlds.together.util.Logger/]: [bclib] No Barrens Biomes found. Disabling by using land Biomes
[07Apr2025 12:30:55.477] [main/WARN] [org.betterx.worlds.together.util.Logger/]: [bclib] No Center Island Biomes found. Forcing use of vanilla center.
[07Apr2025 12:30:55.478] [main/INFO] [org.betterx.worlds.together.util.Logger/]: [bclib] Make sure features are loaded from terrablender:org.betterx.bclib.api.v2.generator.BCLibEndBiomeSource
[07Apr2025 12:30:55.478] [main/INFO] [org.betterx.worlds.together.util.Logger/]: [bclib] Updating Pickers for BCLib - Nether BiomeSource (69c86896)
[07Apr2025 12:30:55.478] [main/INFO] [org.betterx.worlds.together.util.Logger/]: [bclib] Unable to build Biome List yet
[07Apr2025 12:30:55.479] [main/INFO] [org.betterx.worlds.together.util.Logger/]: [bclib] Make sure features are loaded from terrablender:org.betterx.bclib.api.v2.generator.BCLibNetherBiomeSource
[07Apr2025 12:30:55.479] [main/INFO] [org.betterx.worlds.together.util.Logger/]: [bclib] Updating Pickers for BCLib - The End  BiomeSource (7bd27407)
[07Apr2025 12:30:55.479] [main/INFO] [org.betterx.worlds.together.util.Logger/]: [bclib] Unable to build Biome List yet
[07Apr2025 12:30:55.479] [main/INFO] [org.betterx.worlds.together.util.Logger/]: [bclib] No Void Biomes found. Disabling by using barrens
[07Apr2025 12:30:55.479] [main/INFO] [org.betterx.worlds.together.util.Logger/]: [bclib] No Barrens Biomes found. Disabling by using land Biomes
[07Apr2025 12:30:55.480] [main/WARN] [org.betterx.worlds.together.util.Logger/]: [bclib] No Center Island Biomes found. Forcing use of vanilla center.
[07Apr2025 12:30:55.482] [main/INFO] [org.betterx.worlds.together.util.Logger/]: [bclib] Make sure features are loaded from terrablender:org.betterx.bclib.api.v2.generator.BCLibEndBiomeSource
[07Apr2025 12:30:55.482] [main/INFO] [org.betterx.worlds.together.util.Logger/]: [bclib] Updating Pickers for BCLib - Nether BiomeSource (13bdf2c7)
[07Apr2025 12:30:55.482] [main/INFO] [org.betterx.worlds.together.util.Logger/]: [bclib] Unable to build Biome List yet
[07Apr2025 12:30:55.483] [main/INFO] [org.betterx.worlds.together.util.Logger/]: [bclib] Make sure features are loaded from terrablender:org.betterx.bclib.api.v2.generator.BCLibNetherBiomeSource
[07Apr2025 12:30:55.483] [main/INFO] [org.betterx.worlds.together.util.Logger/]: [bclib] Updating Pickers for BCLib - The End  BiomeSource (1a7dd0e7)
[07Apr2025 12:30:55.483] [main/INFO] [org.betterx.worlds.together.util.Logger/]: [bclib] Unable to build Biome List yet
[07Apr2025 12:30:55.483] [main/INFO] [org.betterx.worlds.together.util.Logger/]: [bclib] No Void Biomes found. Disabling by using barrens
[07Apr2025 12:30:55.483] [main/INFO] [org.betterx.worlds.together.util.Logger/]: [bclib] No Barrens Biomes found. Disabling by using land Biomes
[07Apr2025 12:30:55.483] [main/WARN] [org.betterx.worlds.together.util.Logger/]: [bclib] No Center Island Biomes found. Forcing use of vanilla center.
[07Apr2025 12:30:55.484] [main/INFO] [org.betterx.worlds.together.util.Logger/]: [bclib] Make sure features are loaded from terrablender:org.betterx.bclib.api.v2.generator.BCLibEndBiomeSource
[07Apr2025 12:30:55.484] [main/INFO] [org.betterx.worlds.together.util.Logger/]: [bclib] Updating Pickers for BCLib - Nether BiomeSource (5ecfedb4)
[07Apr2025 12:30:55.484] [main/INFO] [org.betterx.worlds.together.util.Logger/]: [bclib] Unable to build Biome List yet
[07Apr2025 12:30:55.485] [main/INFO] [org.betterx.worlds.together.util.Logger/]: [bclib] Make sure features are loaded from terrablender:org.betterx.bclib.api.v2.generator.BCLibNetherBiomeSource
[07Apr2025 12:30:55.814] [main/INFO] [net.minecraft.resources.RegistryDataLoader/]: Using path as content location for registry worlds_together:worldgen/betterx/surface_rules
[07Apr2025 12:30:56.553] [main/INFO] [org.betterx.worlds.together.util.Logger/]: [betternether] Freeze Registry[ResourceKey[minecraft:root / worlds_together:worldgen/betterx/surface_rules] (Stable)]
[07Apr2025 12:30:56.555] [main/INFO] [org.betterx.worlds.together.util.Logger/]: [betternether] Freeze Registry[ResourceKey[minecraft:root / worlds_together:worldgen/betterx/surface_rules] (Stable)]
[07Apr2025 12:30:56.560] [main/INFO] [org.betterx.worlds.together.util.Logger/]: [betternether] Freeze Registry[ResourceKey[minecraft:root / worlds_together:worldgen/betterx/surface_rules] (Stable)]
[07Apr2025 12:30:56.572] [main/INFO] [org.betterx.worlds.together.util.Logger/]: [betternether] Freeze Registry[ResourceKey[minecraft:root / worlds_together:worldgen/betterx/surface_rules] (Stable)]
[07Apr2025 12:30:56.577] [main/WARN] [org.betterx.worlds.together.util.Logger/]: [bclib] No valid Biome Registry available!
[07Apr2025 12:30:56.577] [main/WARN] [org.betterx.worlds.together.util.Logger/]: [bclib] No valid BCLBiome Registry available!
[07Apr2025 12:30:56.802] [main/INFO] [org.betterx.worlds.together.util.Logger/]: [bclib] Updating Pickers for BCLib - Nether BiomeSource (44675413)
[07Apr2025 12:30:56.803] [main/INFO] [org.betterx.worlds.together.util.Logger/]: [bclib] Unable to build Biome List yet
[07Apr2025 12:30:56.841] [main/INFO] [org.betterx.worlds.together.util.Logger/]: [bclib] Make sure features are loaded from terrablender:org.betterx.bclib.api.v2.generator.BCLibNetherBiomeSource
[07Apr2025 12:30:56.847] [main/INFO] [org.betterx.worlds.together.util.Logger/]: [bclib] Updating Pickers for BCLib - The End  BiomeSource (7b546b38)
[07Apr2025 12:30:56.847] [main/INFO] [org.betterx.worlds.together.util.Logger/]: [bclib] Unable to build Biome List yet
[07Apr2025 12:30:56.847] [main/INFO] [org.betterx.worlds.together.util.Logger/]: [bclib] No Void Biomes found. Disabling by using barrens
[07Apr2025 12:30:56.847] [main/INFO] [org.betterx.worlds.together.util.Logger/]: [bclib] No Barrens Biomes found. Disabling by using land Biomes
[07Apr2025 12:30:56.847] [main/WARN] [org.betterx.worlds.together.util.Logger/]: [bclib] No Center Island Biomes found. Forcing use of vanilla center.
[07Apr2025 12:30:56.848] [main/INFO] [org.betterx.worlds.together.util.Logger/]: [bclib] Make sure features are loaded from terrablender:org.betterx.bclib.api.v2.generator.BCLibEndBiomeSource
[07Apr2025 12:30:57.366] [main/INFO] [org.betterx.worlds.together.util.Logger/]: [betternether] Freeze Registry[ResourceKey[minecraft:root / worlds_together:worldgen/betterx/surface_rules] (Stable)]
[07Apr2025 12:30:57.373] [main/INFO] [org.betterx.worlds.together.util.Logger/]: [betternether] Freeze Registry[ResourceKey[minecraft:root / worlds_together:worldgen/betterx/surface_rules] (Stable)]
[07Apr2025 12:30:57.519] [main/INFO] [net.minecraftforge.coremod.CoreMod.apotheosis/COREMODLOG]: Replaced 2 calls to Enchantment#getMaxLevel() in net/minecraft/server/commands/EnchantCommand
[07Apr2025 12:30:58.056] [main/INFO] [com.github.alexthe666.alexsmobs.AlexsMobs/]: Adding datapack listener capsid_recipes
[07Apr2025 12:30:59.469] [Worker-Main-1/ERROR] [net.minecraft.tags.TagLoader/]: [Load My Fucking Tags] Couldn't load certain entries with the tag aether_villages:collections/deep_aether_biomes: deep_aether:aerlavender_fields (from AetherVillages-1.20.1-1.0.7-forge.jar), deep_aether:aerglow_forest (from AetherVillages-1.20.1-1.0.7-forge.jar), deep_aether:yagroot_swamp (from AetherVillages-1.20.1-1.0.7-forge.jar)
[07Apr2025 12:30:59.470] [Worker-Main-1/ERROR] [net.minecraft.tags.TagLoader/]: [Load My Fucking Tags] Couldn't load certain entries with the tag aether_villages:collections/ancient_aether_biomes: #ancient_aether:is_ancient_aether_biome (from AetherVillages-1.20.1-1.0.7-forge.jar)
[07Apr2025 12:30:59.470] [Worker-Main-1/ERROR] [net.minecraft.tags.TagLoader/]: [Load My Fucking Tags] Couldn't load certain entries with the tag aether_villages:collections/aether_redux_biomes: aether_redux:skyfields (from AetherVillages-1.20.1-1.0.7-forge.jar), aether_redux:gilded_groves (from AetherVillages-1.20.1-1.0.7-forge.jar), aether_redux:cloudcaps (from AetherVillages-1.20.1-1.0.7-forge.jar), aether_redux:frosted_forests (from AetherVillages-1.20.1-1.0.7-forge.jar), aether_redux:glacial_tundra (from AetherVillages-1.20.1-1.0.7-forge.jar)
[07Apr2025 12:30:59.491] [Worker-Main-1/ERROR] [net.minecraft.tags.TagLoader/]: [Load My Fucking Tags] Couldn't load certain entries with the tag idas:has_structure/byg_redwood_biomes: byg:redwood_thicket (from idas_forge-1.11.1+1.20.1.jar)
[07Apr2025 12:30:59.492] [Worker-Main-1/ERROR] [net.minecraft.tags.TagLoader/]: [Load My Fucking Tags] Couldn't load certain entries with the tag idas:has_structure/bygmohogany_biomes: byg:tropical_rainforest (from idas_forge-1.11.1+1.20.1.jar)
[07Apr2025 12:30:59.494] [Worker-Main-1/ERROR] [net.minecraft.tags.TagLoader/]: [Load My Fucking Tags] Couldn't load certain entries with the tag totw_modded:has_structure/ratlantis_tower: rats:ratlantis (from totw_modded-forge-1.20.1-1.0.6.jar)
[07Apr2025 12:31:01.751] [Worker-Main-3/ERROR] [net.minecraftforge.common.ForgeHooks/]: Couldn't parse element loot_tables:aether_villages:chests/olympic_citadel/olympic_citadel_supply
com.google.gson.JsonSyntaxException: Unknown type 'minecraft:set_components'
	at net.minecraft.world.level.storage.loot.GsonAdapterFactory$JsonAdapter.deserialize(GsonAdapterFactory.java:99) ~[server-1.20.1-20230612.114412-srg.jar%23571!/:?]
	at com.google.gson.internal.bind.TreeTypeAdapter.read(TreeTypeAdapter.java:76) ~[gson-2.10.jar%2372!/:?]
	at com.google.gson.internal.bind.TypeAdapterRuntimeTypeWrapper.read(TypeAdapterRuntimeTypeWrapper.java:40) ~[gson-2.10.jar%2372!/:?]
	at com.google.gson.internal.bind.ArrayTypeAdapter.read(ArrayTypeAdapter.java:72) ~[gson-2.10.jar%2372!/:?]
	at com.google.gson.Gson.fromJson(Gson.java:1214) ~[gson-2.10.jar%2372!/:?]
	at com.google.gson.Gson.fromJson(Gson.java:1319) ~[gson-2.10.jar%2372!/:?]
	at com.google.gson.Gson.fromJson(Gson.java:1290) ~[gson-2.10.jar%2372!/:?]
	at com.google.gson.internal.bind.TreeTypeAdapter$GsonContextImpl.deserialize(TreeTypeAdapter.java:179) ~[gson-2.10.jar%2372!/:?]
	at net.minecraft.util.GsonHelper.m_13808_(GsonHelper.java:463) ~[server-1.20.1-20230612.114412-srg.jar%23571!/:?]
	at net.minecraft.util.GsonHelper.m_13845_(GsonHelper.java:481) ~[server-1.20.1-20230612.114412-srg.jar%23571!/:?]
	at net.minecraft.world.level.storage.loot.entries.LootPoolSingletonContainer$Serializer.m_5921_(LootPoolSingletonContainer.java:149) ~[server-1.20.1-20230612.114412-srg.jar%23571!/:?]
	at net.minecraft.world.level.storage.loot.entries.LootPoolSingletonContainer$Serializer.m_5921_(LootPoolSingletonContainer.java:129) ~[server-1.20.1-20230612.114412-srg.jar%23571!/:?]
	at net.minecraft.world.level.storage.loot.entries.LootPoolEntryContainer$Serializer.m_7561_(LootPoolEntryContainer.java:86) ~[server-1.20.1-20230612.114412-srg.jar%23571!/:?]
	at net.minecraft.world.level.storage.loot.entries.LootPoolEntryContainer$Serializer.m_7561_(LootPoolEntryContainer.java:74) ~[server-1.20.1-20230612.114412-srg.jar%23571!/:?]
	at net.minecraft.world.level.storage.loot.GsonAdapterFactory$JsonAdapter.deserialize(GsonAdapterFactory.java:102) ~[server-1.20.1-20230612.114412-srg.jar%23571!/:?]
	at com.google.gson.internal.bind.TreeTypeAdapter.read(TreeTypeAdapter.java:76) ~[gson-2.10.jar%2372!/:?]
	at com.google.gson.internal.bind.TypeAdapterRuntimeTypeWrapper.read(TypeAdapterRuntimeTypeWrapper.java:40) ~[gson-2.10.jar%2372!/:?]
	at com.google.gson.internal.bind.ArrayTypeAdapter.read(ArrayTypeAdapter.java:72) ~[gson-2.10.jar%2372!/:?]
	at com.google.gson.Gson.fromJson(Gson.java:1214) ~[gson-2.10.jar%2372!/:?]
	at com.google.gson.Gson.fromJson(Gson.java:1319) ~[gson-2.10.jar%2372!/:?]
	at com.google.gson.Gson.fromJson(Gson.java:1290) ~[gson-2.10.jar%2372!/:?]
	at com.google.gson.internal.bind.TreeTypeAdapter$GsonContextImpl.deserialize(TreeTypeAdapter.java:179) ~[gson-2.10.jar%2372!/:?]
	at net.minecraft.util.GsonHelper.m_13808_(GsonHelper.java:463) ~[server-1.20.1-20230612.114412-srg.jar%23571!/:?]
	at net.minecraft.util.GsonHelper.m_13836_(GsonHelper.java:471) ~[server-1.20.1-20230612.114412-srg.jar%23571!/:?]
	at net.minecraft.world.level.storage.loot.LootPool$Serializer.deserialize(LootPool.java:192) ~[server-1.20.1-20230612.114412-srg.jar%23571!/:?]
	at net.minecraft.world.level.storage.loot.LootPool$Serializer.deserialize(LootPool.java:189) ~[server-1.20.1-20230612.114412-srg.jar%23571!/:?]
	at com.google.gson.internal.bind.TreeTypeAdapter.read(TreeTypeAdapter.java:76) ~[gson-2.10.jar%2372!/:?]
	at com.google.gson.internal.bind.TypeAdapterRuntimeTypeWrapper.read(TypeAdapterRuntimeTypeWrapper.java:40) ~[gson-2.10.jar%2372!/:?]
	at com.google.gson.internal.bind.ArrayTypeAdapter.read(ArrayTypeAdapter.java:72) ~[gson-2.10.jar%2372!/:?]
	at com.google.gson.Gson.fromJson(Gson.java:1214) ~[gson-2.10.jar%2372!/:?]
	at com.google.gson.Gson.fromJson(Gson.java:1319) ~[gson-2.10.jar%2372!/:?]
	at com.google.gson.Gson.fromJson(Gson.java:1290) ~[gson-2.10.jar%2372!/:?]
	at com.google.gson.internal.bind.TreeTypeAdapter$GsonContextImpl.deserialize(TreeTypeAdapter.java:179) ~[gson-2.10.jar%2372!/:?]
	at net.minecraft.util.GsonHelper.m_13808_(GsonHelper.java:463) ~[server-1.20.1-20230612.114412-srg.jar%23571!/:?]
	at net.minecraft.util.GsonHelper.m_13845_(GsonHelper.java:481) ~[server-1.20.1-20230612.114412-srg.jar%23571!/:?]
	at net.minecraft.world.level.storage.loot.LootTable$Serializer.deserialize(LootTable.java:294) ~[server-1.20.1-20230612.114412-srg.jar%23571!/:?]
	at net.minecraft.world.level.storage.loot.LootTable$Serializer.deserialize(LootTable.java:291) ~[server-1.20.1-20230612.114412-srg.jar%23571!/:?]
	at com.google.gson.internal.bind.TreeTypeAdapter.read(TreeTypeAdapter.java:76) ~[gson-2.10.jar%2372!/:?]
	at com.google.gson.Gson.fromJson(Gson.java:1214) ~[gson-2.10.jar%2372!/:?]
	at com.google.gson.Gson.fromJson(Gson.java:1319) ~[gson-2.10.jar%2372!/:?]
	at com.google.gson.Gson.fromJson(Gson.java:1261) ~[gson-2.10.jar%2372!/:?]
	at net.minecraftforge.common.ForgeHooks.loadLootTable(ForgeHooks.java:871) ~[forge-1.20.1-47.4.0-universal.jar%23576!/:?]
	at net.minecraftforge.common.ForgeHooks.lambda$getLootTableDeserializer$3(ForgeHooks.java:848) ~[forge-1.20.1-47.4.0-universal.jar%23576!/:?]
	at net.minecraft.world.level.storage.loot.LootDataType.deserialize(LootDataType.java:45) ~[server-1.20.1-20230612.114412-srg.jar%23571!/:?]
	at net.minecraft.world.level.storage.loot.LootDataManager.lambda$scheduleElementParse$4(LootDataManager.java:56) ~[server-1.20.1-20230612.114412-srg.jar%23571!/:?]
	at java.util.HashMap.forEach(HashMap.java:1421) ~[?:?]
	at net.minecraft.world.level.storage.loot.LootDataManager.m_278660_(LootDataManager.java:55) ~[server-1.20.1-20230612.114412-srg.jar%23571!/:?]
	at java.util.concurrent.CompletableFuture$AsyncRun.run(CompletableFuture.java:1804) ~[?:?]
	at java.util.concurrent.CompletableFuture$AsyncRun.exec(CompletableFuture.java:1796) ~[?:?]
	at java.util.concurrent.ForkJoinTask.doExec(ForkJoinTask.java:373) ~[?:?]
	at java.util.concurrent.ForkJoinPool$WorkQueue.topLevelExec(ForkJoinPool.java:1182) ~[?:?]
	at java.util.concurrent.ForkJoinPool.scan(ForkJoinPool.java:1655) ~[?:?]
	at java.util.concurrent.ForkJoinPool.runWorker(ForkJoinPool.java:1622) ~[?:?]
	at java.util.concurrent.ForkJoinWorkerThread.run(ForkJoinWorkerThread.java:165) ~[?:?]
[07Apr2025 12:31:01.788] [Worker-Main-3/ERROR] [net.minecraftforge.common.ForgeHooks/]: Couldn't parse element loot_tables:idas:chests/dread_citadel/dread_citadel
com.google.gson.JsonSyntaxException: Expected name to be an item, was unknown string 'iceandfire:dread_shard'
	at net.minecraft.util.GsonHelper.m_13866_(GsonHelper.java:145) ~[server-1.20.1-20230612.114412-srg.jar%23571!/:?]
	at java.util.Optional.orElseThrow(Optional.java:403) ~[?:?]
	at net.minecraft.util.GsonHelper.m_13874_(GsonHelper.java:145) ~[server-1.20.1-20230612.114412-srg.jar%23571!/:?]
	at net.minecraft.util.GsonHelper.m_13909_(GsonHelper.java:153) ~[server-1.20.1-20230612.114412-srg.jar%23571!/:?]
	at net.minecraft.world.level.storage.loot.entries.LootItem$Serializer.m_7267_(LootItem.java:55) ~[server-1.20.1-20230612.114412-srg.jar%23571!/:?]
	at net.minecraft.world.level.storage.loot.entries.LootItem$Serializer.m_7267_(LootItem.java:40) ~[server-1.20.1-20230612.114412-srg.jar%23571!/:?]
	at net.minecraft.world.level.storage.loot.entries.LootPoolSingletonContainer$Serializer.m_5921_(LootPoolSingletonContainer.java:151) ~[server-1.20.1-20230612.114412-srg.jar%23571!/:?]
	at net.minecraft.world.level.storage.loot.entries.LootPoolSingletonContainer$Serializer.m_5921_(LootPoolSingletonContainer.java:129) ~[server-1.20.1-20230612.114412-srg.jar%23571!/:?]
	at net.minecraft.world.level.storage.loot.entries.LootPoolEntryContainer$Serializer.m_7561_(LootPoolEntryContainer.java:86) ~[server-1.20.1-20230612.114412-srg.jar%23571!/:?]
	at net.minecraft.world.level.storage.loot.entries.LootPoolEntryContainer$Serializer.m_7561_(LootPoolEntryContainer.java:74) ~[server-1.20.1-20230612.114412-srg.jar%23571!/:?]
	at net.minecraft.world.level.storage.loot.GsonAdapterFactory$JsonAdapter.deserialize(GsonAdapterFactory.java:102) ~[server-1.20.1-20230612.114412-srg.jar%23571!/:?]
	at com.google.gson.internal.bind.TreeTypeAdapter.read(TreeTypeAdapter.java:76) ~[gson-2.10.jar%2372!/:?]
	at com.google.gson.internal.bind.TypeAdapterRuntimeTypeWrapper.read(TypeAdapterRuntimeTypeWrapper.java:40) ~[gson-2.10.jar%2372!/:?]
	at com.google.gson.internal.bind.ArrayTypeAdapter.read(ArrayTypeAdapter.java:72) ~[gson-2.10.jar%2372!/:?]
	at com.google.gson.Gson.fromJson(Gson.java:1214) ~[gson-2.10.jar%2372!/:?]
	at com.google.gson.Gson.fromJson(Gson.java:1319) ~[gson-2.10.jar%2372!/:?]
	at com.google.gson.Gson.fromJson(Gson.java:1290) ~[gson-2.10.jar%2372!/:?]
	at com.google.gson.internal.bind.TreeTypeAdapter$GsonContextImpl.deserialize(TreeTypeAdapter.java:179) ~[gson-2.10.jar%2372!/:?]
	at net.minecraft.util.GsonHelper.m_13808_(GsonHelper.java:463) ~[server-1.20.1-20230612.114412-srg.jar%23571!/:?]
	at net.minecraft.util.GsonHelper.m_13836_(GsonHelper.java:471) ~[server-1.20.1-20230612.114412-srg.jar%23571!/:?]
	at net.minecraft.world.level.storage.loot.LootPool$Serializer.deserialize(LootPool.java:192) ~[server-1.20.1-20230612.114412-srg.jar%23571!/:?]
	at net.minecraft.world.level.storage.loot.LootPool$Serializer.deserialize(LootPool.java:189) ~[server-1.20.1-20230612.114412-srg.jar%23571!/:?]
	at com.google.gson.internal.bind.TreeTypeAdapter.read(TreeTypeAdapter.java:76) ~[gson-2.10.jar%2372!/:?]
	at com.google.gson.internal.bind.TypeAdapterRuntimeTypeWrapper.read(TypeAdapterRuntimeTypeWrapper.java:40) ~[gson-2.10.jar%2372!/:?]
	at com.google.gson.internal.bind.ArrayTypeAdapter.read(ArrayTypeAdapter.java:72) ~[gson-2.10.jar%2372!/:?]
	at com.google.gson.Gson.fromJson(Gson.java:1214) ~[gson-2.10.jar%2372!/:?]
	at com.google.gson.Gson.fromJson(Gson.java:1319) ~[gson-2.10.jar%2372!/:?]
	at com.google.gson.Gson.fromJson(Gson.java:1290) ~[gson-2.10.jar%2372!/:?]
	at com.google.gson.internal.bind.TreeTypeAdapter$GsonContextImpl.deserialize(TreeTypeAdapter.java:179) ~[gson-2.10.jar%2372!/:?]
	at net.minecraft.util.GsonHelper.m_13808_(GsonHelper.java:463) ~[server-1.20.1-20230612.114412-srg.jar%23571!/:?]
	at net.minecraft.util.GsonHelper.m_13845_(GsonHelper.java:481) ~[server-1.20.1-20230612.114412-srg.jar%23571!/:?]
	at net.minecraft.world.level.storage.loot.LootTable$Serializer.deserialize(LootTable.java:294) ~[server-1.20.1-20230612.114412-srg.jar%23571!/:?]
	at net.minecraft.world.level.storage.loot.LootTable$Serializer.deserialize(LootTable.java:291) ~[server-1.20.1-20230612.114412-srg.jar%23571!/:?]
	at com.google.gson.internal.bind.TreeTypeAdapter.read(TreeTypeAdapter.java:76) ~[gson-2.10.jar%2372!/:?]
	at com.google.gson.Gson.fromJson(Gson.java:1214) ~[gson-2.10.jar%2372!/:?]
	at com.google.gson.Gson.fromJson(Gson.java:1319) ~[gson-2.10.jar%2372!/:?]
	at com.google.gson.Gson.fromJson(Gson.java:1261) ~[gson-2.10.jar%2372!/:?]
	at net.minecraftforge.common.ForgeHooks.loadLootTable(ForgeHooks.java:871) ~[forge-1.20.1-47.4.0-universal.jar%23576!/:?]
	at net.minecraftforge.common.ForgeHooks.lambda$getLootTableDeserializer$3(ForgeHooks.java:848) ~[forge-1.20.1-47.4.0-universal.jar%23576!/:?]
	at net.minecraft.world.level.storage.loot.LootDataType.deserialize(LootDataType.java:45) ~[server-1.20.1-20230612.114412-srg.jar%23571!/:?]
	at net.minecraft.world.level.storage.loot.LootDataManager.lambda$scheduleElementParse$4(LootDataManager.java:56) ~[server-1.20.1-20230612.114412-srg.jar%23571!/:?]
	at java.util.HashMap.forEach(HashMap.java:1421) ~[?:?]
	at net.minecraft.world.level.storage.loot.LootDataManager.m_278660_(LootDataManager.java:55) ~[server-1.20.1-20230612.114412-srg.jar%23571!/:?]
	at java.util.concurrent.CompletableFuture$AsyncRun.run(CompletableFuture.java:1804) ~[?:?]
	at java.util.concurrent.CompletableFuture$AsyncRun.exec(CompletableFuture.java:1796) ~[?:?]
	at java.util.concurrent.ForkJoinTask.doExec(ForkJoinTask.java:373) ~[?:?]
	at java.util.concurrent.ForkJoinPool$WorkQueue.topLevelExec(ForkJoinPool.java:1182) ~[?:?]
	at java.util.concurrent.ForkJoinPool.scan(ForkJoinPool.java:1655) ~[?:?]
	at java.util.concurrent.ForkJoinPool.runWorker(ForkJoinPool.java:1622) ~[?:?]
	at java.util.concurrent.ForkJoinWorkerThread.run(ForkJoinWorkerThread.java:165) ~[?:?]
[07Apr2025 12:31:01.893] [Worker-Main-3/ERROR] [net.minecraftforge.common.ForgeHooks/]: Couldn't parse element loot_tables:idas:chests/haunted_manor/if_haunted_manor
com.google.gson.JsonSyntaxException: Expected name to be an item, was unknown string 'iceandfire:silver_nugget'
	at net.minecraft.util.GsonHelper.m_13866_(GsonHelper.java:145) ~[server-1.20.1-20230612.114412-srg.jar%23571!/:?]
	at java.util.Optional.orElseThrow(Optional.java:403) ~[?:?]
	at net.minecraft.util.GsonHelper.m_13874_(GsonHelper.java:145) ~[server-1.20.1-20230612.114412-srg.jar%23571!/:?]
	at net.minecraft.util.GsonHelper.m_13909_(GsonHelper.java:153) ~[server-1.20.1-20230612.114412-srg.jar%23571!/:?]
	at net.minecraft.world.level.storage.loot.entries.LootItem$Serializer.m_7267_(LootItem.java:55) ~[server-1.20.1-20230612.114412-srg.jar%23571!/:?]
	at net.minecraft.world.level.storage.loot.entries.LootItem$Serializer.m_7267_(LootItem.java:40) ~[server-1.20.1-20230612.114412-srg.jar%23571!/:?]
	at net.minecraft.world.level.storage.loot.entries.LootPoolSingletonContainer$Serializer.m_5921_(LootPoolSingletonContainer.java:151) ~[server-1.20.1-20230612.114412-srg.jar%23571!/:?]
	at net.minecraft.world.level.storage.loot.entries.LootPoolSingletonContainer$Serializer.m_5921_(LootPoolSingletonContainer.java:129) ~[server-1.20.1-20230612.114412-srg.jar%23571!/:?]
	at net.minecraft.world.level.storage.loot.entries.LootPoolEntryContainer$Serializer.m_7561_(LootPoolEntryContainer.java:86) ~[server-1.20.1-20230612.114412-srg.jar%23571!/:?]
	at net.minecraft.world.level.storage.loot.entries.LootPoolEntryContainer$Serializer.m_7561_(LootPoolEntryContainer.java:74) ~[server-1.20.1-20230612.114412-srg.jar%23571!/:?]
	at net.minecraft.world.level.storage.loot.GsonAdapterFactory$JsonAdapter.deserialize(GsonAdapterFactory.java:102) ~[server-1.20.1-20230612.114412-srg.jar%23571!/:?]
	at com.google.gson.internal.bind.TreeTypeAdapter.read(TreeTypeAdapter.java:76) ~[gson-2.10.jar%2372!/:?]
	at com.google.gson.internal.bind.TypeAdapterRuntimeTypeWrapper.read(TypeAdapterRuntimeTypeWrapper.java:40) ~[gson-2.10.jar%2372!/:?]
	at com.google.gson.internal.bind.ArrayTypeAdapter.read(ArrayTypeAdapter.java:72) ~[gson-2.10.jar%2372!/:?]
	at com.google.gson.Gson.fromJson(Gson.java:1214) ~[gson-2.10.jar%2372!/:?]
	at com.google.gson.Gson.fromJson(Gson.java:1319) ~[gson-2.10.jar%2372!/:?]
	at com.google.gson.Gson.fromJson(Gson.java:1290) ~[gson-2.10.jar%2372!/:?]
	at com.google.gson.internal.bind.TreeTypeAdapter$GsonContextImpl.deserialize(TreeTypeAdapter.java:179) ~[gson-2.10.jar%2372!/:?]
	at net.minecraft.util.GsonHelper.m_13808_(GsonHelper.java:463) ~[server-1.20.1-20230612.114412-srg.jar%23571!/:?]
	at net.minecraft.util.GsonHelper.m_13836_(GsonHelper.java:471) ~[server-1.20.1-20230612.114412-srg.jar%23571!/:?]
	at net.minecraft.world.level.storage.loot.LootPool$Serializer.deserialize(LootPool.java:192) ~[server-1.20.1-20230612.114412-srg.jar%23571!/:?]
	at net.minecraft.world.level.storage.loot.LootPool$Serializer.deserialize(LootPool.java:189) ~[server-1.20.1-20230612.114412-srg.jar%23571!/:?]
	at com.google.gson.internal.bind.TreeTypeAdapter.read(TreeTypeAdapter.java:76) ~[gson-2.10.jar%2372!/:?]
	at com.google.gson.internal.bind.TypeAdapterRuntimeTypeWrapper.read(TypeAdapterRuntimeTypeWrapper.java:40) ~[gson-2.10.jar%2372!/:?]
	at com.google.gson.internal.bind.ArrayTypeAdapter.read(ArrayTypeAdapter.java:72) ~[gson-2.10.jar%2372!/:?]
	at com.google.gson.Gson.fromJson(Gson.java:1214) ~[gson-2.10.jar%2372!/:?]
	at com.google.gson.Gson.fromJson(Gson.java:1319) ~[gson-2.10.jar%2372!/:?]
	at com.google.gson.Gson.fromJson(Gson.java:1290) ~[gson-2.10.jar%2372!/:?]
	at com.google.gson.internal.bind.TreeTypeAdapter$GsonContextImpl.deserialize(TreeTypeAdapter.java:179) ~[gson-2.10.jar%2372!/:?]
	at net.minecraft.util.GsonHelper.m_13808_(GsonHelper.java:463) ~[server-1.20.1-20230612.114412-srg.jar%23571!/:?]
	at net.minecraft.util.GsonHelper.m_13845_(GsonHelper.java:481) ~[server-1.20.1-20230612.114412-srg.jar%23571!/:?]
	at net.minecraft.world.level.storage.loot.LootTable$Serializer.deserialize(LootTable.java:294) ~[server-1.20.1-20230612.114412-srg.jar%23571!/:?]
	at net.minecraft.world.level.storage.loot.LootTable$Serializer.deserialize(LootTable.java:291) ~[server-1.20.1-20230612.114412-srg.jar%23571!/:?]
	at com.google.gson.internal.bind.TreeTypeAdapter.read(TreeTypeAdapter.java:76) ~[gson-2.10.jar%2372!/:?]
	at com.google.gson.Gson.fromJson(Gson.java:1214) ~[gson-2.10.jar%2372!/:?]
	at com.google.gson.Gson.fromJson(Gson.java:1319) ~[gson-2.10.jar%2372!/:?]
	at com.google.gson.Gson.fromJson(Gson.java:1261) ~[gson-2.10.jar%2372!/:?]
	at net.minecraftforge.common.ForgeHooks.loadLootTable(ForgeHooks.java:871) ~[forge-1.20.1-47.4.0-universal.jar%23576!/:?]
	at net.minecraftforge.common.ForgeHooks.lambda$getLootTableDeserializer$3(ForgeHooks.java:848) ~[forge-1.20.1-47.4.0-universal.jar%23576!/:?]
	at net.minecraft.world.level.storage.loot.LootDataType.deserialize(LootDataType.java:45) ~[server-1.20.1-20230612.114412-srg.jar%23571!/:?]
	at net.minecraft.world.level.storage.loot.LootDataManager.lambda$scheduleElementParse$4(LootDataManager.java:56) ~[server-1.20.1-20230612.114412-srg.jar%23571!/:?]
	at java.util.HashMap.forEach(HashMap.java:1421) ~[?:?]
	at net.minecraft.world.level.storage.loot.LootDataManager.m_278660_(LootDataManager.java:55) ~[server-1.20.1-20230612.114412-srg.jar%23571!/:?]
	at java.util.concurrent.CompletableFuture$AsyncRun.run(CompletableFuture.java:1804) ~[?:?]
	at java.util.concurrent.CompletableFuture$AsyncRun.exec(CompletableFuture.java:1796) ~[?:?]
	at java.util.concurrent.ForkJoinTask.doExec(ForkJoinTask.java:373) ~[?:?]
	at java.util.concurrent.ForkJoinPool$WorkQueue.topLevelExec(ForkJoinPool.java:1182) ~[?:?]
	at java.util.concurrent.ForkJoinPool.scan(ForkJoinPool.java:1655) ~[?:?]
	at java.util.concurrent.ForkJoinPool.runWorker(ForkJoinPool.java:1622) ~[?:?]
	at java.util.concurrent.ForkJoinWorkerThread.run(ForkJoinWorkerThread.java:165) ~[?:?]
[07Apr2025 12:31:01.900] [Worker-Main-3/ERROR] [net.minecraftforge.common.ForgeHooks/]: Couldn't parse element loot_tables:idas:chests/labyrinth/if_labyrinth_tomb
com.google.gson.JsonSyntaxException: Expected name to be an item, was unknown string 'iceandfire:sapphire_gem'
	at net.minecraft.util.GsonHelper.m_13866_(GsonHelper.java:145) ~[server-1.20.1-20230612.114412-srg.jar%23571!/:?]
	at java.util.Optional.orElseThrow(Optional.java:403) ~[?:?]
	at net.minecraft.util.GsonHelper.m_13874_(GsonHelper.java:145) ~[server-1.20.1-20230612.114412-srg.jar%23571!/:?]
	at net.minecraft.util.GsonHelper.m_13909_(GsonHelper.java:153) ~[server-1.20.1-20230612.114412-srg.jar%23571!/:?]
	at net.minecraft.world.level.storage.loot.entries.LootItem$Serializer.m_7267_(LootItem.java:55) ~[server-1.20.1-20230612.114412-srg.jar%23571!/:?]
	at net.minecraft.world.level.storage.loot.entries.LootItem$Serializer.m_7267_(LootItem.java:40) ~[server-1.20.1-20230612.114412-srg.jar%23571!/:?]
	at net.minecraft.world.level.storage.loot.entries.LootPoolSingletonContainer$Serializer.m_5921_(LootPoolSingletonContainer.java:151) ~[server-1.20.1-20230612.114412-srg.jar%23571!/:?]
	at net.minecraft.world.level.storage.loot.entries.LootPoolSingletonContainer$Serializer.m_5921_(LootPoolSingletonContainer.java:129) ~[server-1.20.1-20230612.114412-srg.jar%23571!/:?]
	at net.minecraft.world.level.storage.loot.entries.LootPoolEntryContainer$Serializer.m_7561_(LootPoolEntryContainer.java:86) ~[server-1.20.1-20230612.114412-srg.jar%23571!/:?]
	at net.minecraft.world.level.storage.loot.entries.LootPoolEntryContainer$Serializer.m_7561_(LootPoolEntryContainer.java:74) ~[server-1.20.1-20230612.114412-srg.jar%23571!/:?]
	at net.minecraft.world.level.storage.loot.GsonAdapterFactory$JsonAdapter.deserialize(GsonAdapterFactory.java:102) ~[server-1.20.1-20230612.114412-srg.jar%23571!/:?]
	at com.google.gson.internal.bind.TreeTypeAdapter.read(TreeTypeAdapter.java:76) ~[gson-2.10.jar%2372!/:?]
	at com.google.gson.internal.bind.TypeAdapterRuntimeTypeWrapper.read(TypeAdapterRuntimeTypeWrapper.java:40) ~[gson-2.10.jar%2372!/:?]
	at com.google.gson.internal.bind.ArrayTypeAdapter.read(ArrayTypeAdapter.java:72) ~[gson-2.10.jar%2372!/:?]
	at com.google.gson.Gson.fromJson(Gson.java:1214) ~[gson-2.10.jar%2372!/:?]
	at com.google.gson.Gson.fromJson(Gson.java:1319) ~[gson-2.10.jar%2372!/:?]
	at com.google.gson.Gson.fromJson(Gson.java:1290) ~[gson-2.10.jar%2372!/:?]
	at com.google.gson.internal.bind.TreeTypeAdapter$GsonContextImpl.deserialize(TreeTypeAdapter.java:179) ~[gson-2.10.jar%2372!/:?]
	at net.minecraft.util.GsonHelper.m_13808_(GsonHelper.java:463) ~[server-1.20.1-20230612.114412-srg.jar%23571!/:?]
	at net.minecraft.util.GsonHelper.m_13836_(GsonHelper.java:471) ~[server-1.20.1-20230612.114412-srg.jar%23571!/:?]
	at net.minecraft.world.level.storage.loot.LootPool$Serializer.deserialize(LootPool.java:192) ~[server-1.20.1-20230612.114412-srg.jar%23571!/:?]
	at net.minecraft.world.level.storage.loot.LootPool$Serializer.deserialize(LootPool.java:189) ~[server-1.20.1-20230612.114412-srg.jar%23571!/:?]
	at com.google.gson.internal.bind.TreeTypeAdapter.read(TreeTypeAdapter.java:76) ~[gson-2.10.jar%2372!/:?]
	at com.google.gson.internal.bind.TypeAdapterRuntimeTypeWrapper.read(TypeAdapterRuntimeTypeWrapper.java:40) ~[gson-2.10.jar%2372!/:?]
	at com.google.gson.internal.bind.ArrayTypeAdapter.read(ArrayTypeAdapter.java:72) ~[gson-2.10.jar%2372!/:?]
	at com.google.gson.Gson.fromJson(Gson.java:1214) ~[gson-2.10.jar%2372!/:?]
	at com.google.gson.Gson.fromJson(Gson.java:1319) ~[gson-2.10.jar%2372!/:?]
	at com.google.gson.Gson.fromJson(Gson.java:1290) ~[gson-2.10.jar%2372!/:?]
	at com.google.gson.internal.bind.TreeTypeAdapter$GsonContextImpl.deserialize(TreeTypeAdapter.java:179) ~[gson-2.10.jar%2372!/:?]
	at net.minecraft.util.GsonHelper.m_13808_(GsonHelper.java:463) ~[server-1.20.1-20230612.114412-srg.jar%23571!/:?]
	at net.minecraft.util.GsonHelper.m_13845_(GsonHelper.java:481) ~[server-1.20.1-20230612.114412-srg.jar%23571!/:?]
	at net.minecraft.world.level.storage.loot.LootTable$Serializer.deserialize(LootTable.java:294) ~[server-1.20.1-20230612.114412-srg.jar%23571!/:?]
	at net.minecraft.world.level.storage.loot.LootTable$Serializer.deserialize(LootTable.java:291) ~[server-1.20.1-20230612.114412-srg.jar%23571!/:?]
	at com.google.gson.internal.bind.TreeTypeAdapter.read(TreeTypeAdapter.java:76) ~[gson-2.10.jar%2372!/:?]
	at com.google.gson.Gson.fromJson(Gson.java:1214) ~[gson-2.10.jar%2372!/:?]
	at com.google.gson.Gson.fromJson(Gson.java:1319) ~[gson-2.10.jar%2372!/:?]
	at com.google.gson.Gson.fromJson(Gson.java:1261) ~[gson-2.10.jar%2372!/:?]
	at net.minecraftforge.common.ForgeHooks.loadLootTable(ForgeHooks.java:871) ~[forge-1.20.1-47.4.0-universal.jar%23576!/:?]
	at net.minecraftforge.common.ForgeHooks.lambda$getLootTableDeserializer$3(ForgeHooks.java:848) ~[forge-1.20.1-47.4.0-universal.jar%23576!/:?]
	at net.minecraft.world.level.storage.loot.LootDataType.deserialize(LootDataType.java:45) ~[server-1.20.1-20230612.114412-srg.jar%23571!/:?]
	at net.minecraft.world.level.storage.loot.LootDataManager.lambda$scheduleElementParse$4(LootDataManager.java:56) ~[server-1.20.1-20230612.114412-srg.jar%23571!/:?]
	at java.util.HashMap.forEach(HashMap.java:1421) ~[?:?]
	at net.minecraft.world.level.storage.loot.LootDataManager.m_278660_(LootDataManager.java:55) ~[server-1.20.1-20230612.114412-srg.jar%23571!/:?]
	at java.util.concurrent.CompletableFuture$AsyncRun.run(CompletableFuture.java:1804) ~[?:?]
	at java.util.concurrent.CompletableFuture$AsyncRun.exec(CompletableFuture.java:1796) ~[?:?]
	at java.util.concurrent.ForkJoinTask.doExec(ForkJoinTask.java:373) ~[?:?]
	at java.util.concurrent.ForkJoinPool$WorkQueue.topLevelExec(ForkJoinPool.java:1182) ~[?:?]
	at java.util.concurrent.ForkJoinPool.scan(ForkJoinPool.java:1655) ~[?:?]
	at java.util.concurrent.ForkJoinPool.runWorker(ForkJoinPool.java:1622) ~[?:?]
	at java.util.concurrent.ForkJoinWorkerThread.run(ForkJoinWorkerThread.java:165) ~[?:?]
[07Apr2025 12:31:01.956] [Worker-Main-1/ERROR] [net.minecraft.server.packs.resources.SimpleJsonResourceReloadListener/]: Couldn't parse data file supplementaries:betteranimalsplus_flying_fish from supplementaries:catchable_mobs_properties/betteranimalsplus_flying_fish.json
com.google.gson.JsonParseException: com.google.gson.stream.MalformedJsonException: Use JsonReader.setLenient(true) to accept malformed JSON at line 2 column 37 path $.force_fluid
	at net.minecraft.util.GsonHelper.m_13780_(GsonHelper.java:526) ~[server-1.20.1-20230612.114412-srg.jar%23571!/:?]
	at net.minecraft.util.GsonHelper.m_263475_(GsonHelper.java:531) ~[server-1.20.1-20230612.114412-srg.jar%23571!/:?]
	at net.minecraft.util.GsonHelper.m_13776_(GsonHelper.java:581) ~[server-1.20.1-20230612.114412-srg.jar%23571!/:?]
	at net.minecraft.server.packs.resources.SimpleJsonResourceReloadListener.m_278771_(SimpleJsonResourceReloadListener.java:41) ~[server-1.20.1-20230612.114412-srg.jar%23571!/:?]
	at net.minecraft.server.packs.resources.SimpleJsonResourceReloadListener.m_5944_(SimpleJsonResourceReloadListener.java:29) ~[server-1.20.1-20230612.114412-srg.jar%23571!/:?]
	at net.mehvahdjukaar.supplementaries.common.misc.mob_container.CapturedMobHandler.m_5944_(CapturedMobHandler.java:24) ~[supplementaries-1.20-3.1.24.jar%23537!/:?]
	at net.minecraft.server.packs.resources.SimplePreparableReloadListener.m_10786_(SimplePreparableReloadListener.java:11) ~[server-1.20.1-20230612.114412-srg.jar%23571!/:?]
	at java.util.concurrent.CompletableFuture$AsyncSupply.run(CompletableFuture.java:1768) ~[?:?]
	at java.util.concurrent.CompletableFuture$AsyncSupply.exec(CompletableFuture.java:1760) ~[?:?]
	at java.util.concurrent.ForkJoinTask.doExec(ForkJoinTask.java:373) ~[?:?]
	at java.util.concurrent.ForkJoinPool$WorkQueue.topLevelExec(ForkJoinPool.java:1182) ~[?:?]
	at java.util.concurrent.ForkJoinPool.scan(ForkJoinPool.java:1655) ~[?:?]
	at java.util.concurrent.ForkJoinPool.runWorker(ForkJoinPool.java:1622) ~[?:?]
	at java.util.concurrent.ForkJoinWorkerThread.run(ForkJoinWorkerThread.java:165) ~[?:?]
Caused by: com.google.gson.stream.MalformedJsonException: Use JsonReader.setLenient(true) to accept malformed JSON at line 2 column 37 path $.force_fluid
	at com.google.gson.stream.JsonReader.syntaxError(JsonReader.java:1657) ~[gson-2.10.jar%2372!/:?]
	at com.google.gson.stream.JsonReader.checkLenient(JsonReader.java:1463) ~[gson-2.10.jar%2372!/:?]
	at com.google.gson.stream.JsonReader.doPeek(JsonReader.java:517) ~[gson-2.10.jar%2372!/:?]
	at com.google.gson.stream.JsonReader.hasNext(JsonReader.java:422) ~[gson-2.10.jar%2372!/:?]
	at com.google.gson.internal.bind.TypeAdapters$28.read(TypeAdapters.java:779) ~[gson-2.10.jar%2372!/:?]
	at com.google.gson.internal.bind.TypeAdapters$28.read(TypeAdapters.java:725) ~[gson-2.10.jar%2372!/:?]
	at com.google.gson.internal.bind.TypeAdapters$34$1.read(TypeAdapters.java:1007) ~[gson-2.10.jar%2372!/:?]
	at net.minecraft.util.GsonHelper.m_13780_(GsonHelper.java:524) ~[server-1.20.1-20230612.114412-srg.jar%23571!/:?]
	... 13 more
[07Apr2025 12:31:02.101] [Worker-Main-3/ERROR] [net.minecraftforge.common.ForgeHooks/]: Couldn't parse element loot_tables:idas:chests/dread_citadel/dread_citadel_throne
com.google.gson.JsonSyntaxException: Expected name to be an item, was unknown string 'iceandfire:dread_shard'
	at net.minecraft.util.GsonHelper.m_13866_(GsonHelper.java:145) ~[server-1.20.1-20230612.114412-srg.jar%23571!/:?]
	at java.util.Optional.orElseThrow(Optional.java:403) ~[?:?]
	at net.minecraft.util.GsonHelper.m_13874_(GsonHelper.java:145) ~[server-1.20.1-20230612.114412-srg.jar%23571!/:?]
	at net.minecraft.util.GsonHelper.m_13909_(GsonHelper.java:153) ~[server-1.20.1-20230612.114412-srg.jar%23571!/:?]
	at net.minecraft.world.level.storage.loot.entries.LootItem$Serializer.m_7267_(LootItem.java:55) ~[server-1.20.1-20230612.114412-srg.jar%23571!/:?]
	at net.minecraft.world.level.storage.loot.entries.LootItem$Serializer.m_7267_(LootItem.java:40) ~[server-1.20.1-20230612.114412-srg.jar%23571!/:?]
	at net.minecraft.world.level.storage.loot.entries.LootPoolSingletonContainer$Serializer.m_5921_(LootPoolSingletonContainer.java:151) ~[server-1.20.1-20230612.114412-srg.jar%23571!/:?]
	at net.minecraft.world.level.storage.loot.entries.LootPoolSingletonContainer$Serializer.m_5921_(LootPoolSingletonContainer.java:129) ~[server-1.20.1-20230612.114412-srg.jar%23571!/:?]
	at net.minecraft.world.level.storage.loot.entries.LootPoolEntryContainer$Serializer.m_7561_(LootPoolEntryContainer.java:86) ~[server-1.20.1-20230612.114412-srg.jar%23571!/:?]
	at net.minecraft.world.level.storage.loot.entries.LootPoolEntryContainer$Serializer.m_7561_(LootPoolEntryContainer.java:74) ~[server-1.20.1-20230612.114412-srg.jar%23571!/:?]
	at net.minecraft.world.level.storage.loot.GsonAdapterFactory$JsonAdapter.deserialize(GsonAdapterFactory.java:102) ~[server-1.20.1-20230612.114412-srg.jar%23571!/:?]
	at com.google.gson.internal.bind.TreeTypeAdapter.read(TreeTypeAdapter.java:76) ~[gson-2.10.jar%2372!/:?]
	at com.google.gson.internal.bind.TypeAdapterRuntimeTypeWrapper.read(TypeAdapterRuntimeTypeWrapper.java:40) ~[gson-2.10.jar%2372!/:?]
	at com.google.gson.internal.bind.ArrayTypeAdapter.read(ArrayTypeAdapter.java:72) ~[gson-2.10.jar%2372!/:?]
	at com.google.gson.Gson.fromJson(Gson.java:1214) ~[gson-2.10.jar%2372!/:?]
	at com.google.gson.Gson.fromJson(Gson.java:1319) ~[gson-2.10.jar%2372!/:?]
	at com.google.gson.Gson.fromJson(Gson.java:1290) ~[gson-2.10.jar%2372!/:?]
	at com.google.gson.internal.bind.TreeTypeAdapter$GsonContextImpl.deserialize(TreeTypeAdapter.java:179) ~[gson-2.10.jar%2372!/:?]
	at net.minecraft.util.GsonHelper.m_13808_(GsonHelper.java:463) ~[server-1.20.1-20230612.114412-srg.jar%23571!/:?]
	at net.minecraft.util.GsonHelper.m_13836_(GsonHelper.java:471) ~[server-1.20.1-20230612.114412-srg.jar%23571!/:?]
	at net.minecraft.world.level.storage.loot.LootPool$Serializer.deserialize(LootPool.java:192) ~[server-1.20.1-20230612.114412-srg.jar%23571!/:?]
	at net.minecraft.world.level.storage.loot.LootPool$Serializer.deserialize(LootPool.java:189) ~[server-1.20.1-20230612.114412-srg.jar%23571!/:?]
	at com.google.gson.internal.bind.TreeTypeAdapter.read(TreeTypeAdapter.java:76) ~[gson-2.10.jar%2372!/:?]
	at com.google.gson.internal.bind.TypeAdapterRuntimeTypeWrapper.read(TypeAdapterRuntimeTypeWrapper.java:40) ~[gson-2.10.jar%2372!/:?]
	at com.google.gson.internal.bind.ArrayTypeAdapter.read(ArrayTypeAdapter.java:72) ~[gson-2.10.jar%2372!/:?]
	at com.google.gson.Gson.fromJson(Gson.java:1214) ~[gson-2.10.jar%2372!/:?]
	at com.google.gson.Gson.fromJson(Gson.java:1319) ~[gson-2.10.jar%2372!/:?]
	at com.google.gson.Gson.fromJson(Gson.java:1290) ~[gson-2.10.jar%2372!/:?]
	at com.google.gson.internal.bind.TreeTypeAdapter$GsonContextImpl.deserialize(TreeTypeAdapter.java:179) ~[gson-2.10.jar%2372!/:?]
	at net.minecraft.util.GsonHelper.m_13808_(GsonHelper.java:463) ~[server-1.20.1-20230612.114412-srg.jar%23571!/:?]
	at net.minecraft.util.GsonHelper.m_13845_(GsonHelper.java:481) ~[server-1.20.1-20230612.114412-srg.jar%23571!/:?]
	at net.minecraft.world.level.storage.loot.LootTable$Serializer.deserialize(LootTable.java:294) ~[server-1.20.1-20230612.114412-srg.jar%23571!/:?]
	at net.minecraft.world.level.storage.loot.LootTable$Serializer.deserialize(LootTable.java:291) ~[server-1.20.1-20230612.114412-srg.jar%23571!/:?]
	at com.google.gson.internal.bind.TreeTypeAdapter.read(TreeTypeAdapter.java:76) ~[gson-2.10.jar%2372!/:?]
	at com.google.gson.Gson.fromJson(Gson.java:1214) ~[gson-2.10.jar%2372!/:?]
	at com.google.gson.Gson.fromJson(Gson.java:1319) ~[gson-2.10.jar%2372!/:?]
	at com.google.gson.Gson.fromJson(Gson.java:1261) ~[gson-2.10.jar%2372!/:?]
	at net.minecraftforge.common.ForgeHooks.loadLootTable(ForgeHooks.java:871) ~[forge-1.20.1-47.4.0-universal.jar%23576!/:?]
	at net.minecraftforge.common.ForgeHooks.lambda$getLootTableDeserializer$3(ForgeHooks.java:848) ~[forge-1.20.1-47.4.0-universal.jar%23576!/:?]
	at net.minecraft.world.level.storage.loot.LootDataType.deserialize(LootDataType.java:45) ~[server-1.20.1-20230612.114412-srg.jar%23571!/:?]
	at net.minecraft.world.level.storage.loot.LootDataManager.lambda$scheduleElementParse$4(LootDataManager.java:56) ~[server-1.20.1-20230612.114412-srg.jar%23571!/:?]
	at java.util.HashMap.forEach(HashMap.java:1421) ~[?:?]
	at net.minecraft.world.level.storage.loot.LootDataManager.m_278660_(LootDataManager.java:55) ~[server-1.20.1-20230612.114412-srg.jar%23571!/:?]
	at java.util.concurrent.CompletableFuture$AsyncRun.run(CompletableFuture.java:1804) ~[?:?]
	at java.util.concurrent.CompletableFuture$AsyncRun.exec(CompletableFuture.java:1796) ~[?:?]
	at java.util.concurrent.ForkJoinTask.doExec(ForkJoinTask.java:373) ~[?:?]
	at java.util.concurrent.ForkJoinPool$WorkQueue.topLevelExec(ForkJoinPool.java:1182) ~[?:?]
	at java.util.concurrent.ForkJoinPool.scan(ForkJoinPool.java:1655) ~[?:?]
	at java.util.concurrent.ForkJoinPool.runWorker(ForkJoinPool.java:1622) ~[?:?]
	at java.util.concurrent.ForkJoinWorkerThread.run(ForkJoinWorkerThread.java:165) ~[?:?]
[07Apr2025 12:31:02.127] [Worker-Main-3/ERROR] [net.minecraftforge.common.ForgeHooks/]: Couldn't parse element loot_tables:idas:chests/dread_citadel/dread_citadel_library
com.google.gson.JsonSyntaxException: Expected name to be an item, was unknown string 'iceandfire:dread_shard'
	at net.minecraft.util.GsonHelper.m_13866_(GsonHelper.java:145) ~[server-1.20.1-20230612.114412-srg.jar%23571!/:?]
	at java.util.Optional.orElseThrow(Optional.java:403) ~[?:?]
	at net.minecraft.util.GsonHelper.m_13874_(GsonHelper.java:145) ~[server-1.20.1-20230612.114412-srg.jar%23571!/:?]
	at net.minecraft.util.GsonHelper.m_13909_(GsonHelper.java:153) ~[server-1.20.1-20230612.114412-srg.jar%23571!/:?]
	at net.minecraft.world.level.storage.loot.entries.LootItem$Serializer.m_7267_(LootItem.java:55) ~[server-1.20.1-20230612.114412-srg.jar%23571!/:?]
	at net.minecraft.world.level.storage.loot.entries.LootItem$Serializer.m_7267_(LootItem.java:40) ~[server-1.20.1-20230612.114412-srg.jar%23571!/:?]
	at net.minecraft.world.level.storage.loot.entries.LootPoolSingletonContainer$Serializer.m_5921_(LootPoolSingletonContainer.java:151) ~[server-1.20.1-20230612.114412-srg.jar%23571!/:?]
	at net.minecraft.world.level.storage.loot.entries.LootPoolSingletonContainer$Serializer.m_5921_(LootPoolSingletonContainer.java:129) ~[server-1.20.1-20230612.114412-srg.jar%23571!/:?]
	at net.minecraft.world.level.storage.loot.entries.LootPoolEntryContainer$Serializer.m_7561_(LootPoolEntryContainer.java:86) ~[server-1.20.1-20230612.114412-srg.jar%23571!/:?]
	at net.minecraft.world.level.storage.loot.entries.LootPoolEntryContainer$Serializer.m_7561_(LootPoolEntryContainer.java:74) ~[server-1.20.1-20230612.114412-srg.jar%23571!/:?]
	at net.minecraft.world.level.storage.loot.GsonAdapterFactory$JsonAdapter.deserialize(GsonAdapterFactory.java:102) ~[server-1.20.1-20230612.114412-srg.jar%23571!/:?]
	at com.google.gson.internal.bind.TreeTypeAdapter.read(TreeTypeAdapter.java:76) ~[gson-2.10.jar%2372!/:?]
	at com.google.gson.internal.bind.TypeAdapterRuntimeTypeWrapper.read(TypeAdapterRuntimeTypeWrapper.java:40) ~[gson-2.10.jar%2372!/:?]
	at com.google.gson.internal.bind.ArrayTypeAdapter.read(ArrayTypeAdapter.java:72) ~[gson-2.10.jar%2372!/:?]
	at com.google.gson.Gson.fromJson(Gson.java:1214) ~[gson-2.10.jar%2372!/:?]
	at com.google.gson.Gson.fromJson(Gson.java:1319) ~[gson-2.10.jar%2372!/:?]
	at com.google.gson.Gson.fromJson(Gson.java:1290) ~[gson-2.10.jar%2372!/:?]
	at com.google.gson.internal.bind.TreeTypeAdapter$GsonContextImpl.deserialize(TreeTypeAdapter.java:179) ~[gson-2.10.jar%2372!/:?]
	at net.minecraft.util.GsonHelper.m_13808_(GsonHelper.java:463) ~[server-1.20.1-20230612.114412-srg.jar%23571!/:?]
	at net.minecraft.util.GsonHelper.m_13836_(GsonHelper.java:471) ~[server-1.20.1-20230612.114412-srg.jar%23571!/:?]
	at net.minecraft.world.level.storage.loot.LootPool$Serializer.deserialize(LootPool.java:192) ~[server-1.20.1-20230612.114412-srg.jar%23571!/:?]
	at net.minecraft.world.level.storage.loot.LootPool$Serializer.deserialize(LootPool.java:189) ~[server-1.20.1-20230612.114412-srg.jar%23571!/:?]
	at com.google.gson.internal.bind.TreeTypeAdapter.read(TreeTypeAdapter.java:76) ~[gson-2.10.jar%2372!/:?]
	at com.google.gson.internal.bind.TypeAdapterRuntimeTypeWrapper.read(TypeAdapterRuntimeTypeWrapper.java:40) ~[gson-2.10.jar%2372!/:?]
	at com.google.gson.internal.bind.ArrayTypeAdapter.read(ArrayTypeAdapter.java:72) ~[gson-2.10.jar%2372!/:?]
	at com.google.gson.Gson.fromJson(Gson.java:1214) ~[gson-2.10.jar%2372!/:?]
	at com.google.gson.Gson.fromJson(Gson.java:1319) ~[gson-2.10.jar%2372!/:?]
	at com.google.gson.Gson.fromJson(Gson.java:1290) ~[gson-2.10.jar%2372!/:?]
	at com.google.gson.internal.bind.TreeTypeAdapter$GsonContextImpl.deserialize(TreeTypeAdapter.java:179) ~[gson-2.10.jar%2372!/:?]
	at net.minecraft.util.GsonHelper.m_13808_(GsonHelper.java:463) ~[server-1.20.1-20230612.114412-srg.jar%23571!/:?]
	at net.minecraft.util.GsonHelper.m_13845_(GsonHelper.java:481) ~[server-1.20.1-20230612.114412-srg.jar%23571!/:?]
	at net.minecraft.world.level.storage.loot.LootTable$Serializer.deserialize(LootTable.java:294) ~[server-1.20.1-20230612.114412-srg.jar%23571!/:?]
	at net.minecraft.world.level.storage.loot.LootTable$Serializer.deserialize(LootTable.java:291) ~[server-1.20.1-20230612.114412-srg.jar%23571!/:?]
	at com.google.gson.internal.bind.TreeTypeAdapter.read(TreeTypeAdapter.java:76) ~[gson-2.10.jar%2372!/:?]
	at com.google.gson.Gson.fromJson(Gson.java:1214) ~[gson-2.10.jar%2372!/:?]
	at com.google.gson.Gson.fromJson(Gson.java:1319) ~[gson-2.10.jar%2372!/:?]
	at com.google.gson.Gson.fromJson(Gson.java:1261) ~[gson-2.10.jar%2372!/:?]
	at net.minecraftforge.common.ForgeHooks.loadLootTable(ForgeHooks.java:871) ~[forge-1.20.1-47.4.0-universal.jar%23576!/:?]
	at net.minecraftforge.common.ForgeHooks.lambda$getLootTableDeserializer$3(ForgeHooks.java:848) ~[forge-1.20.1-47.4.0-universal.jar%23576!/:?]
	at net.minecraft.world.level.storage.loot.LootDataType.deserialize(LootDataType.java:45) ~[server-1.20.1-20230612.114412-srg.jar%23571!/:?]
	at net.minecraft.world.level.storage.loot.LootDataManager.lambda$scheduleElementParse$4(LootDataManager.java:56) ~[server-1.20.1-20230612.114412-srg.jar%23571!/:?]
	at java.util.HashMap.forEach(HashMap.java:1421) ~[?:?]
	at net.minecraft.world.level.storage.loot.LootDataManager.m_278660_(LootDataManager.java:55) ~[server-1.20.1-20230612.114412-srg.jar%23571!/:?]
	at java.util.concurrent.CompletableFuture$AsyncRun.run(CompletableFuture.java:1804) ~[?:?]
	at java.util.concurrent.CompletableFuture$AsyncRun.exec(CompletableFuture.java:1796) ~[?:?]
	at java.util.concurrent.ForkJoinTask.doExec(ForkJoinTask.java:373) ~[?:?]
	at java.util.concurrent.ForkJoinPool$WorkQueue.topLevelExec(ForkJoinPool.java:1182) ~[?:?]
	at java.util.concurrent.ForkJoinPool.scan(ForkJoinPool.java:1655) ~[?:?]
	at java.util.concurrent.ForkJoinPool.runWorker(ForkJoinPool.java:1622) ~[?:?]
	at java.util.concurrent.ForkJoinWorkerThread.run(ForkJoinWorkerThread.java:165) ~[?:?]
[07Apr2025 12:31:02.366] [main/WARN] [net.minecraft.world.level.storage.loot.LootDataManager/]: Found loot table element validation problem in {loot_tables:aquamirae:entities/maw_random_item}.pools[1].entries[0]->{botania:elementium_axe_beheading}.pools[3].condition[0]: Parameters [<parameter minecraft:last_damage_player>] are not provided in this context
[07Apr2025 12:31:02.366] [main/WARN] [net.minecraft.world.level.storage.loot.LootDataManager/]: Found loot table element validation problem in {loot_tables:aquamirae:entities/maw_random_item}.pools[1].entries[0]->{botania:elementium_axe_beheading}.pools[4].condition[0]: Parameters [<parameter minecraft:last_damage_player>] are not provided in this context
[07Apr2025 12:31:02.367] [main/WARN] [net.minecraft.world.level.storage.loot.LootDataManager/]: Found loot table element validation problem in {loot_tables:aquamirae:entities/maw_random_item}.pools[1].entries[0]->{botania:elementium_axe_beheading}.pools[5].condition[0]: Parameters [<parameter minecraft:last_damage_player>] are not provided in this context
[07Apr2025 12:31:02.367] [main/WARN] [net.minecraft.world.level.storage.loot.LootDataManager/]: Found loot table element validation problem in {loot_tables:aquamirae:entities/maw_random_item}.pools[1].entries[0]->{botania:elementium_axe_beheading}.pools[6].condition[0]: Parameters [<parameter minecraft:last_damage_player>] are not provided in this context
[07Apr2025 12:31:02.367] [main/WARN] [net.minecraft.world.level.storage.loot.LootDataManager/]: Found loot table element validation problem in {loot_tables:aquamirae:entities/maw_random_item}.pools[1].entries[0]->{botania:elementium_axe_beheading}.pools[1].condition[0]: Parameters [<parameter minecraft:last_damage_player>] are not provided in this context
[07Apr2025 12:31:02.367] [main/WARN] [net.minecraft.world.level.storage.loot.LootDataManager/]: Found loot table element validation problem in {loot_tables:aquamirae:entities/maw_random_item}.pools[1].entries[0]->{botania:elementium_axe_beheading}.pools[0].condition[0]: Parameters [<parameter minecraft:last_damage_player>] are not provided in this context
[07Apr2025 12:31:02.367] [main/WARN] [net.minecraft.world.level.storage.loot.LootDataManager/]: Found loot table element validation problem in {loot_tables:aquamirae:entities/maw_random_item}.pools[1].entries[0]->{botania:elementium_axe_beheading}.pools[2].condition[0]: Parameters [<parameter minecraft:last_damage_player>] are not provided in this context
[07Apr2025 12:31:02.383] [main/INFO] [placebo/]: Registered 34 additional loot tables.
[07Apr2025 12:31:02.499] [main/ERROR] [org.betterx.worlds.together.util.Logger/]: [bclib] ERROR building loot table: 'void net.minecraft.world.level.storage.loot.LootPool.<init>(net.minecraft.world.level.storage.loot.entries.LootPoolEntryContainer[], net.minecraft.world.level.storage.loot.predicates.LootItemCondition[], net.minecraft.world.level.storage.loot.functions.LootItemFunction[], net.minecraft.world.level.storage.loot.providers.number.NumberProvider, net.minecraft.world.level.storage.loot.providers.number.NumberProvider)'
[07Apr2025 12:31:02.500] [main/ERROR] [org.betterx.worlds.together.util.Logger/]: [betternether] Unable to building bartering table
[07Apr2025 12:31:02.629] [main/INFO] [org.betterx.worlds.together.util.Logger/]: [bclib] Disabling Recipe: bclib:test_star
[07Apr2025 12:31:02.673] [main/INFO] [net.minecraft.world.item.crafting.RecipeManager/]: Skipping loading recipe reliquary:squid_beak as it's serializer returned null
[07Apr2025 12:31:02.860] [main/INFO] [net.minecraft.world.item.crafting.RecipeManager/]: Skipping loading recipe mob_grinding_utils:beheading/piglin as it's serializer returned null
[07Apr2025 12:31:02.864] [main/ERROR] [net.minecraft.world.item.crafting.RecipeManager/]: Parsing error loading recipe forbidden_arcanus:aurum_chest_boat: com.google.gson.JsonParseException: An ingredient entry needs either a tag or an item
[07Apr2025 12:31:02.872] [main/INFO] [net.minecraft.world.item.crafting.RecipeManager/]: Skipping loading recipe reliquary:rib_bone as it's serializer returned null
[07Apr2025 12:31:02.894] [main/INFO] [net.minecraft.world.item.crafting.RecipeManager/]: Skipping loading recipe mob_grinding_utils:beheading/zombified_piglin_brute as it's serializer returned null
[07Apr2025 12:31:02.905] [main/ERROR] [net.minecraft.world.item.crafting.RecipeManager/]: Parsing error loading recipe forbidden_arcanus:aurum_fence_gate: com.google.gson.JsonParseException: An ingredient entry needs either a tag or an item
[07Apr2025 12:31:02.967] [main/INFO] [net.minecraft.world.item.crafting.RecipeManager/]: Skipping loading recipe reliquary:frozen_core as it's serializer returned null
[07Apr2025 12:31:02.993] [main/INFO] [net.minecraft.world.item.crafting.RecipeManager/]: Skipping loading recipe mob_grinding_utils:beheading/spider as it's serializer returned null
[07Apr2025 12:31:03.017] [main/ERROR] [net.minecraft.world.item.crafting.RecipeManager/]: Parsing error loading recipe forbidden_arcanus:fungyss_fence_gate: com.google.gson.JsonParseException: An ingredient entry needs either a tag or an item
[07Apr2025 12:31:03.020] [main/INFO] [net.minecraft.world.item.crafting.RecipeManager/]: Skipping loading recipe reliquary:zombie_heart as it's serializer returned null
[07Apr2025 12:31:03.029] [main/INFO] [net.minecraft.world.item.crafting.RecipeManager/]: Skipping loading recipe reliquary:eye_of_the_storm as it's serializer returned null
[07Apr2025 12:31:03.046] [main/ERROR] [net.minecraft.world.item.crafting.RecipeManager/]: Parsing error loading recipe forbidden_arcanus:fungyss_fence: com.google.gson.JsonParseException: An ingredient entry needs either a tag or an item
[07Apr2025 12:31:03.070] [main/INFO] [net.minecraft.world.item.crafting.RecipeManager/]: Skipping loading recipe mob_grinding_utils:beheading/blaze as it's serializer returned null
[07Apr2025 12:31:03.070] [main/INFO] [net.minecraft.world.item.crafting.RecipeManager/]: Skipping loading recipe mob_grinding_utils:beheading/piglin_brute as it's serializer returned null
[07Apr2025 12:31:03.073] [main/INFO] [net.minecraft.world.item.crafting.RecipeManager/]: Skipping loading recipe reliquary:withered_rib as it's serializer returned null
[07Apr2025 12:31:03.093] [main/ERROR] [net.minecraft.world.item.crafting.RecipeManager/]: Parsing error loading recipe forbidden_arcanus:edelwood_fence: com.google.gson.JsonParseException: An ingredient entry needs either a tag or an item
[07Apr2025 12:31:03.158] [main/INFO] [net.minecraft.world.item.crafting.RecipeManager/]: Skipping loading recipe reliquary:catalyzing_gland as it's serializer returned null
[07Apr2025 12:31:03.159] [main/INFO] [net.minecraft.world.item.crafting.RecipeManager/]: Skipping loading recipe supplementaries:inspirations/flag_clear as it's serializer returned null
[07Apr2025 12:31:03.160] [main/ERROR] [net.minecraft.world.item.crafting.RecipeManager/]: Parsing error loading recipe forbidden_arcanus:edelwood_fence_gate: com.google.gson.JsonParseException: An ingredient entry needs either a tag or an item
[07Apr2025 12:31:03.161] [main/INFO] [net.minecraft.world.item.crafting.RecipeManager/]: Skipping loading recipe mob_grinding_utils:beheading/husk as it's serializer returned null
[07Apr2025 12:31:03.171] [main/INFO] [net.minecraft.world.item.crafting.RecipeManager/]: Skipping loading recipe reliquary:slime_pearl as it's serializer returned null
[07Apr2025 12:31:03.198] [main/INFO] [net.minecraft.world.item.crafting.RecipeManager/]: Skipping loading recipe reliquary:guardian_spike as it's serializer returned null
[07Apr2025 12:31:03.244] [main/INFO] [net.minecraft.world.item.crafting.RecipeManager/]: Skipping loading recipe supplementaries:inspirations/blackboard_clear as it's serializer returned null
[07Apr2025 12:31:03.256] [main/ERROR] [net.minecraft.world.item.crafting.RecipeManager/]: Parsing error loading recipe irons_spellbooks:curios/concentration_amulet: com.google.gson.JsonSyntaxException: Unknown item 'irons_spellbooks:mithril_ingot'
[07Apr2025 12:31:03.288] [main/ERROR] [net.minecraft.world.item.crafting.RecipeManager/]: Parsing error loading recipe forbidden_arcanus:aurum_fence: com.google.gson.JsonParseException: An ingredient entry needs either a tag or an item
[07Apr2025 12:31:03.289] [main/INFO] [net.minecraft.world.item.crafting.RecipeManager/]: Skipping loading recipe mob_grinding_utils:beheading/drowned as it's serializer returned null
[07Apr2025 12:31:03.296] [main/INFO] [net.minecraft.world.item.crafting.RecipeManager/]: Skipping loading recipe supplementaries:inspirations/flag_dye as it's serializer returned null
[07Apr2025 12:31:03.367] [main/INFO] [net.minecraft.world.item.crafting.RecipeManager/]: Skipping loading recipe mob_grinding_utils:beheading/cave_spider as it's serializer returned null
[07Apr2025 12:31:03.425] [main/INFO] [net.minecraft.world.item.crafting.RecipeManager/]: Skipping loading recipe reliquary:molten_core as it's serializer returned null
[07Apr2025 12:31:03.426] [main/ERROR] [net.minecraft.world.item.crafting.RecipeManager/]: Parsing error loading recipe factory_blocks:mason_table: com.google.gson.JsonSyntaxException: Invalid or unsupported recipe type 'chipped:workbench'
[07Apr2025 12:31:03.457] [main/INFO] [net.minecraft.world.item.crafting.RecipeManager/]: Skipping loading recipe reliquary:bat_wing as it's serializer returned null
[07Apr2025 12:31:03.461] [main/ERROR] [net.minecraft.world.item.crafting.RecipeManager/]: Parsing error loading recipe forbidden_arcanus:corrupted_pixie: com.google.gson.JsonSyntaxException: Unknown item 'forbidden_arcanus:dark_soul'
[07Apr2025 12:31:03.477] [main/ERROR] [net.minecraft.world.item.crafting.RecipeManager/]: Parsing error loading recipe forbidden_arcanus:edelwood_chest_boat: com.google.gson.JsonParseException: An ingredient entry needs either a tag or an item
[07Apr2025 12:31:03.480] [main/INFO] [net.minecraft.world.item.crafting.RecipeManager/]: Skipping loading recipe mob_grinding_utils:beheading/enderman as it's serializer returned null
[07Apr2025 12:31:03.492] [main/INFO] [net.minecraft.world.item.crafting.RecipeManager/]: Skipping loading recipe reliquary:nebulous_heart as it's serializer returned null
[07Apr2025 12:31:03.519] [main/INFO] [net.minecraft.world.item.crafting.RecipeManager/]: Skipping loading recipe reliquary:alkahestry/crafting/tin_ingot as it's serializer returned null
[07Apr2025 12:31:03.542] [main/INFO] [net.minecraft.world.item.crafting.RecipeManager/]: Skipping loading recipe reliquary:chelicerae as it's serializer returned null
[07Apr2025 12:31:03.562] [main/INFO] [net.minecraft.world.item.crafting.RecipeManager/]: Loaded 94 recipes
[07Apr2025 12:31:03.855] [main/INFO] [quark/]: [Automatic Recipe Unlock] Removed 11410 recipe advancements
[07Apr2025 12:31:03.870] [main/INFO] [net.minecraft.advancements.AdvancementList/]: Loaded 1471 advancements
[07Apr2025 12:31:03.886] [main/INFO] [placebo/]: Registered 26 additional recipes.
[07Apr2025 12:31:03.938] [main/INFO] [top.theillusivec4.curios.Curios/]: Loaded 21 curio slots
[07Apr2025 12:31:03.967] [main/INFO] [top.theillusivec4.curios.Curios/]: Loaded 13 curio entities
[07Apr2025 12:31:04.010] [main/ERROR] [com.craisinlord.integrated_api.IntegratedAPI/]: Integrated API Error: Couldn't parse spawner mob list idas:dread_citadel
java.lang.Exception: Error: iceandfire:dread_lich is not a valid entity ID!
	at com.craisinlord.integrated_api.misc.mobspawners.MobSpawnerObj.setEntityType(MobSpawnerObj.java:37) ~[integrated_api-1.5.3+1.20.1-forge.jar%23448!/:?]
	at com.craisinlord.integrated_api.misc.mobspawners.MobSpawnerManager.lambda$apply$0(MobSpawnerManager.java:41) ~[integrated_api-1.5.3+1.20.1-forge.jar%23448!/:?]
	at java.util.HashMap.forEach(HashMap.java:1421) ~[?:?]
	at com.craisinlord.integrated_api.misc.mobspawners.MobSpawnerManager.apply(MobSpawnerManager.java:36) ~[integrated_api-1.5.3+1.20.1-forge.jar%23448!/:?]
	at com.craisinlord.integrated_api.misc.mobspawners.MobSpawnerManager.m_5787_(MobSpawnerManager.java:23) ~[integrated_api-1.5.3+1.20.1-forge.jar%23448!/:?]
	at net.minecraft.server.packs.resources.SimplePreparableReloadListener.m_10789_(SimplePreparableReloadListener.java:13) ~[server-1.20.1-20230612.114412-srg.jar%23571!/:?]
	at java.util.concurrent.CompletableFuture$UniAccept.tryFire(CompletableFuture.java:718) ~[?:?]
	at java.util.concurrent.CompletableFuture$Completion.run(CompletableFuture.java:482) ~[?:?]
	at net.minecraft.server.packs.resources.SimpleReloadInstance.m_143940_(SimpleReloadInstance.java:69) ~[server-1.20.1-20230612.114412-srg.jar%23571!/:?]
	at net.minecraft.Util.m_214652_(Util.java:783) ~[server-1.20.1-20230612.114412-srg.jar%23571!/:?]
	at net.minecraft.Util.m_214679_(Util.java:772) ~[server-1.20.1-20230612.114412-srg.jar%23571!/:?]
	at net.minecraft.server.Main.main(Main.java:166) ~[server-1.20.1-20230612.114412-srg.jar%23571!/:?]
	at jdk.internal.reflect.NativeMethodAccessorImpl.invoke0(Native Method) ~[?:?]
	at jdk.internal.reflect.NativeMethodAccessorImpl.invoke(NativeMethodAccessorImpl.java:77) ~[?:?]
	at jdk.internal.reflect.DelegatingMethodAccessorImpl.invoke(DelegatingMethodAccessorImpl.java:43) ~[?:?]
	at java.lang.reflect.Method.invoke(Method.java:569) ~[?:?]
	at net.minecraftforge.fml.loading.targets.CommonLaunchHandler.runTarget(CommonLaunchHandler.java:111) ~[fmlloader-1.20.1-47.4.0.jar%2369!/:?]
	at net.minecraftforge.fml.loading.targets.CommonLaunchHandler.serverService(CommonLaunchHandler.java:103) ~[fmlloader-1.20.1-47.4.0.jar%2369!/:?]
	at net.minecraftforge.fml.loading.targets.CommonServerLaunchHandler.lambda$makeService$0(CommonServerLaunchHandler.java:27) ~[fmlloader-1.20.1-47.4.0.jar%2369!/:?]
	at cpw.mods.modlauncher.LaunchServiceHandlerDecorator.launch(LaunchServiceHandlerDecorator.java:30) ~[modlauncher-10.0.9.jar%2355!/:?]
	at cpw.mods.modlauncher.LaunchServiceHandler.launch(LaunchServiceHandler.java:53) ~[modlauncher-10.0.9.jar%2355!/:?]
	at cpw.mods.modlauncher.LaunchServiceHandler.launch(LaunchServiceHandler.java:71) ~[modlauncher-10.0.9.jar%2355!/:?]
	at cpw.mods.modlauncher.Launcher.run(Launcher.java:108) ~[modlauncher-10.0.9.jar%2355!/:?]
	at cpw.mods.modlauncher.Launcher.main(Launcher.java:78) ~[modlauncher-10.0.9.jar%2355!/:?]
	at cpw.mods.modlauncher.BootstrapLaunchConsumer.accept(BootstrapLaunchConsumer.java:26) ~[modlauncher-10.0.9.jar%2355!/:?]
	at cpw.mods.modlauncher.BootstrapLaunchConsumer.accept(BootstrapLaunchConsumer.java:23) ~[modlauncher-10.0.9.jar%2355!/:?]
	at cpw.mods.bootstraplauncher.BootstrapLauncher.main(BootstrapLauncher.java:141) ~[bootstraplauncher-1.1.2.jar:?]
[07Apr2025 12:31:04.073] [main/ERROR] [net.blay09.mods.farmingforblockheads.FarmingForBlockheads/]: Parsing error loading Farming for Blockheads data file at farmingforblockheads:farmingforblockheads_compat/quark_saplings.json
com.google.gson.JsonSyntaxException: Expected item to be an item, was unknown string 'quark:pink_blossom_sapling'
	at net.minecraft.util.GsonHelper.m_13866_(GsonHelper.java:145) ~[server-1.20.1-20230612.114412-srg.jar%23571!/:?]
	at java.util.Optional.orElseThrow(Optional.java:403) ~[?:?]
	at net.minecraft.util.GsonHelper.m_13874_(GsonHelper.java:145) ~[server-1.20.1-20230612.114412-srg.jar%23571!/:?]
	at net.blay09.mods.farmingforblockheads.registry.json.ItemStackSerializer.deserialize(ItemStackSerializer.java:18) ~[farmingforblockheads-forge-1.20.1-14.0.2.jar%23419!/:14.0.2]
	at net.blay09.mods.farmingforblockheads.registry.json.ItemStackSerializer.deserialize(ItemStackSerializer.java:14) ~[farmingforblockheads-forge-1.20.1-14.0.2.jar%23419!/:14.0.2]
	at com.google.gson.internal.bind.TreeTypeAdapter.read(TreeTypeAdapter.java:76) ~[gson-2.10.jar%2372!/:?]
	at com.google.gson.internal.bind.ReflectiveTypeAdapterFactory$1.readIntoField(ReflectiveTypeAdapterFactory.java:212) ~[gson-2.10.jar%2372!/:?]
	at com.google.gson.internal.bind.ReflectiveTypeAdapterFactory$FieldReflectionAdapter.readField(ReflectiveTypeAdapterFactory.java:431) ~[gson-2.10.jar%2372!/:?]
	at com.google.gson.internal.bind.ReflectiveTypeAdapterFactory$Adapter.read(ReflectiveTypeAdapterFactory.java:391) ~[gson-2.10.jar%2372!/:?]
	at com.google.gson.internal.bind.TypeAdapterRuntimeTypeWrapper.read(TypeAdapterRuntimeTypeWrapper.java:40) ~[gson-2.10.jar%2372!/:?]
	at com.google.gson.internal.bind.CollectionTypeAdapterFactory$Adapter.read(CollectionTypeAdapterFactory.java:82) ~[gson-2.10.jar%2372!/:?]
	at com.google.gson.internal.bind.CollectionTypeAdapterFactory$Adapter.read(CollectionTypeAdapterFactory.java:61) ~[gson-2.10.jar%2372!/:?]
	at com.google.gson.internal.bind.ReflectiveTypeAdapterFactory$1.readIntoField(ReflectiveTypeAdapterFactory.java:212) ~[gson-2.10.jar%2372!/:?]
	at com.google.gson.internal.bind.ReflectiveTypeAdapterFactory$FieldReflectionAdapter.readField(ReflectiveTypeAdapterFactory.java:431) ~[gson-2.10.jar%2372!/:?]
	at com.google.gson.internal.bind.ReflectiveTypeAdapterFactory$Adapter.read(ReflectiveTypeAdapterFactory.java:391) ~[gson-2.10.jar%2372!/:?]
	at com.google.gson.Gson.fromJson(Gson.java:1214) ~[gson-2.10.jar%2372!/:?]
	at com.google.gson.Gson.fromJson(Gson.java:1319) ~[gson-2.10.jar%2372!/:?]
	at com.google.gson.Gson.fromJson(Gson.java:1261) ~[gson-2.10.jar%2372!/:?]
	at net.blay09.mods.farmingforblockheads.registry.json.MarketRegistryDataSerializer.deserialize(MarketRegistryDataSerializer.java:30) ~[farmingforblockheads-forge-1.20.1-14.0.2.jar%23419!/:14.0.2]
	at net.blay09.mods.farmingforblockheads.registry.json.MarketRegistryDataSerializer.deserialize(MarketRegistryDataSerializer.java:11) ~[farmingforblockheads-forge-1.20.1-14.0.2.jar%23419!/:14.0.2]
	at com.google.gson.internal.bind.TreeTypeAdapter.read(TreeTypeAdapter.java:76) ~[gson-2.10.jar%2372!/:?]
	at com.google.gson.Gson.fromJson(Gson.java:1214) ~[gson-2.10.jar%2372!/:?]
	at com.google.gson.Gson.fromJson(Gson.java:1124) ~[gson-2.10.jar%2372!/:?]
	at com.google.gson.Gson.fromJson(Gson.java:1062) ~[gson-2.10.jar%2372!/:?]
	at net.blay09.mods.farmingforblockheads.registry.market.MarketRegistryLoader.m_6213_(MarketRegistryLoader.java:55) ~[farmingforblockheads-forge-1.20.1-14.0.2.jar%23419!/:14.0.2]
	at net.minecraft.server.packs.resources.ResourceManagerReloadListener.m_10759_(ResourceManagerReloadListener.java:15) ~[server-1.20.1-20230612.114412-srg.jar%23571!/:?]
	at java.util.concurrent.CompletableFuture$UniRun.tryFire(CompletableFuture.java:787) ~[?:?]
	at java.util.concurrent.CompletableFuture$Completion.run(CompletableFuture.java:482) ~[?:?]
	at net.minecraft.server.packs.resources.SimpleReloadInstance.m_143940_(SimpleReloadInstance.java:69) ~[server-1.20.1-20230612.114412-srg.jar%23571!/:?]
	at net.minecraft.Util.m_214652_(Util.java:783) ~[server-1.20.1-20230612.114412-srg.jar%23571!/:?]
	at net.minecraft.Util.m_214679_(Util.java:772) ~[server-1.20.1-20230612.114412-srg.jar%23571!/:?]
	at net.minecraft.server.Main.main(Main.java:166) ~[server-1.20.1-20230612.114412-srg.jar%23571!/:?]
	at jdk.internal.reflect.NativeMethodAccessorImpl.invoke0(Native Method) ~[?:?]
	at jdk.internal.reflect.NativeMethodAccessorImpl.invoke(NativeMethodAccessorImpl.java:77) ~[?:?]
	at jdk.internal.reflect.DelegatingMethodAccessorImpl.invoke(DelegatingMethodAccessorImpl.java:43) ~[?:?]
	at java.lang.reflect.Method.invoke(Method.java:569) ~[?:?]
	at net.minecraftforge.fml.loading.targets.CommonLaunchHandler.runTarget(CommonLaunchHandler.java:111) ~[fmlloader-1.20.1-47.4.0.jar%2369!/:?]
	at net.minecraftforge.fml.loading.targets.CommonLaunchHandler.serverService(CommonLaunchHandler.java:103) ~[fmlloader-1.20.1-47.4.0.jar%2369!/:?]
	at net.minecraftforge.fml.loading.targets.CommonServerLaunchHandler.lambda$makeService$0(CommonServerLaunchHandler.java:27) ~[fmlloader-1.20.1-47.4.0.jar%2369!/:?]
	at cpw.mods.modlauncher.LaunchServiceHandlerDecorator.launch(LaunchServiceHandlerDecorator.java:30) ~[modlauncher-10.0.9.jar%2355!/:?]
	at cpw.mods.modlauncher.LaunchServiceHandler.launch(LaunchServiceHandler.java:53) ~[modlauncher-10.0.9.jar%2355!/:?]
	at cpw.mods.modlauncher.LaunchServiceHandler.launch(LaunchServiceHandler.java:71) ~[modlauncher-10.0.9.jar%2355!/:?]
	at cpw.mods.modlauncher.Launcher.run(Launcher.java:108) ~[modlauncher-10.0.9.jar%2355!/:?]
	at cpw.mods.modlauncher.Launcher.main(Launcher.java:78) ~[modlauncher-10.0.9.jar%2355!/:?]
	at cpw.mods.modlauncher.BootstrapLaunchConsumer.accept(BootstrapLaunchConsumer.java:26) ~[modlauncher-10.0.9.jar%2355!/:?]
	at cpw.mods.modlauncher.BootstrapLaunchConsumer.accept(BootstrapLaunchConsumer.java:23) ~[modlauncher-10.0.9.jar%2355!/:?]
	at cpw.mods.bootstraplauncher.BootstrapLauncher.main(BootstrapLauncher.java:141) ~[bootstraplauncher-1.1.2.jar:?]
[07Apr2025 12:31:04.087] [main/WARN] [net.minecraftforge.common.loot.LootModifierManager/]: Unable to decode loot conditions
com.google.gson.JsonSyntaxException: Unknown type 'minecraft:alternatives'
	at net.minecraft.world.level.storage.loot.GsonAdapterFactory$JsonAdapter.deserialize(GsonAdapterFactory.java:99) ~[server-1.20.1-20230612.114412-srg.jar%23571!/:?]
	at com.google.gson.internal.bind.TreeTypeAdapter.read(TreeTypeAdapter.java:76) ~[gson-2.10.jar%2372!/:?]
	at com.google.gson.internal.bind.TypeAdapterRuntimeTypeWrapper.read(TypeAdapterRuntimeTypeWrapper.java:40) ~[gson-2.10.jar%2372!/:?]
	at com.google.gson.internal.bind.ArrayTypeAdapter.read(ArrayTypeAdapter.java:72) ~[gson-2.10.jar%2372!/:?]
	at com.google.gson.Gson.fromJson(Gson.java:1214) ~[gson-2.10.jar%2372!/:?]
	at com.google.gson.Gson.fromJson(Gson.java:1319) ~[gson-2.10.jar%2372!/:?]
	at com.google.gson.Gson.fromJson(Gson.java:1261) ~[gson-2.10.jar%2372!/:?]
	at net.minecraftforge.common.loot.IGlobalLootModifier.lambda$static$1(IGlobalLootModifier.java:39) ~[forge-1.20.1-47.4.0-universal.jar%23576!/:?]
	at com.mojang.serialization.Decoder$1.lambda$decode$1(Decoder.java:49) ~[datafixerupper-6.0.8.jar%2377!/:?]
	at com.mojang.serialization.DataResult.lambda$flatMap$11(DataResult.java:139) ~[datafixerupper-6.0.8.jar%2377!/:?]
	at com.mojang.datafixers.util.Either$Left.map(Either.java:38) ~[datafixerupper-6.0.8.jar%2377!/:?]
	at com.mojang.serialization.DataResult.flatMap(DataResult.java:137) ~[datafixerupper-6.0.8.jar%2377!/:?]
	at com.mojang.serialization.Decoder$1.decode(Decoder.java:49) ~[datafixerupper-6.0.8.jar%2377!/:?]
	at com.mojang.serialization.Codec$2.decode(Codec.java:71) ~[datafixerupper-6.0.8.jar%2377!/:?]
	at com.mojang.serialization.Decoder.parse(Decoder.java:18) ~[datafixerupper-6.0.8.jar%2377!/:?]
	at com.mojang.serialization.codecs.FieldDecoder.decode(FieldDecoder.java:29) ~[datafixerupper-6.0.8.jar%2377!/:?]
	at com.mojang.serialization.MapCodec$1.decode(MapCodec.java:34) ~[datafixerupper-6.0.8.jar%2377!/:?]
	at com.mojang.serialization.codecs.RecordCodecBuilder$Instance$5.decode(RecordCodecBuilder.java:323) ~[datafixerupper-6.0.8.jar%2377!/:?]
	at com.mojang.serialization.codecs.RecordCodecBuilder$2.decode(RecordCodecBuilder.java:107) ~[datafixerupper-6.0.8.jar%2377!/:?]
	at com.mojang.serialization.codecs.KeyDispatchCodec.lambda$decode$3(KeyDispatchCodec.java:67) ~[datafixerupper-6.0.8.jar%2377!/:?]
	at com.mojang.serialization.DataResult.lambda$flatMap$11(DataResult.java:139) ~[datafixerupper-6.0.8.jar%2377!/:?]
	at com.mojang.datafixers.util.Either$Left.map(Either.java:38) ~[datafixerupper-6.0.8.jar%2377!/:?]
	at com.mojang.serialization.DataResult.flatMap(DataResult.java:137) ~[datafixerupper-6.0.8.jar%2377!/:?]
	at com.mojang.serialization.codecs.KeyDispatchCodec.lambda$decode$4(KeyDispatchCodec.java:58) ~[datafixerupper-6.0.8.jar%2377!/:?]
	at com.mojang.serialization.DataResult.lambda$flatMap$11(DataResult.java:139) ~[datafixerupper-6.0.8.jar%2377!/:?]
	at com.mojang.datafixers.util.Either$Left.map(Either.java:38) ~[datafixerupper-6.0.8.jar%2377!/:?]
	at com.mojang.serialization.DataResult.flatMap(DataResult.java:137) ~[datafixerupper-6.0.8.jar%2377!/:?]
	at com.mojang.serialization.codecs.KeyDispatchCodec.decode(KeyDispatchCodec.java:56) ~[datafixerupper-6.0.8.jar%2377!/:?]
	at com.mojang.serialization.MapDecoder.lambda$compressedDecode$1(MapDecoder.java:52) ~[datafixerupper-6.0.8.jar%2377!/:?]
	at com.mojang.serialization.DataResult.lambda$flatMap$11(DataResult.java:139) ~[datafixerupper-6.0.8.jar%2377!/:?]
	at com.mojang.datafixers.util.Either$Left.map(Either.java:38) ~[datafixerupper-6.0.8.jar%2377!/:?]
	at com.mojang.serialization.DataResult.flatMap(DataResult.java:137) ~[datafixerupper-6.0.8.jar%2377!/:?]
	at com.mojang.serialization.MapDecoder.compressedDecode(MapDecoder.java:52) ~[datafixerupper-6.0.8.jar%2377!/:?]
	at com.mojang.serialization.MapCodec$MapCodecCodec.decode(MapCodec.java:91) ~[datafixerupper-6.0.8.jar%2377!/:?]
	at com.mojang.serialization.Decoder.parse(Decoder.java:18) ~[datafixerupper-6.0.8.jar%2377!/:?]
	at net.minecraftforge.common.loot.LootModifierManager.apply(LootModifierManager.java:79) ~[forge-1.20.1-47.4.0-universal.jar%23576!/:?]
	at net.minecraftforge.common.loot.LootModifierManager.m_5787_(LootModifierManager.java:38) ~[forge-1.20.1-47.4.0-universal.jar%23576!/:?]
	at net.minecraft.server.packs.resources.SimplePreparableReloadListener.m_10789_(SimplePreparableReloadListener.java:13) ~[server-1.20.1-20230612.114412-srg.jar%23571!/:?]
	at java.util.concurrent.CompletableFuture$UniAccept.tryFire(CompletableFuture.java:718) ~[?:?]
	at java.util.concurrent.CompletableFuture$Completion.run(CompletableFuture.java:482) ~[?:?]
	at net.minecraft.server.packs.resources.SimpleReloadInstance.m_143940_(SimpleReloadInstance.java:69) ~[server-1.20.1-20230612.114412-srg.jar%23571!/:?]
	at net.minecraft.Util.m_214652_(Util.java:783) ~[server-1.20.1-20230612.114412-srg.jar%23571!/:?]
	at net.minecraft.Util.m_214679_(Util.java:772) ~[server-1.20.1-20230612.114412-srg.jar%23571!/:?]
	at net.minecraft.server.Main.main(Main.java:166) ~[server-1.20.1-20230612.114412-srg.jar%23571!/:?]
	at jdk.internal.reflect.NativeMethodAccessorImpl.invoke0(Native Method) ~[?:?]
	at jdk.internal.reflect.NativeMethodAccessorImpl.invoke(NativeMethodAccessorImpl.java:77) ~[?:?]
	at jdk.internal.reflect.DelegatingMethodAccessorImpl.invoke(DelegatingMethodAccessorImpl.java:43) ~[?:?]
	at java.lang.reflect.Method.invoke(Method.java:569) ~[?:?]
	at net.minecraftforge.fml.loading.targets.CommonLaunchHandler.runTarget(CommonLaunchHandler.java:111) ~[fmlloader-1.20.1-47.4.0.jar%2369!/:?]
	at net.minecraftforge.fml.loading.targets.CommonLaunchHandler.serverService(CommonLaunchHandler.java:103) ~[fmlloader-1.20.1-47.4.0.jar%2369!/:?]
	at net.minecraftforge.fml.loading.targets.CommonServerLaunchHandler.lambda$makeService$0(CommonServerLaunchHandler.java:27) ~[fmlloader-1.20.1-47.4.0.jar%2369!/:?]
	at cpw.mods.modlauncher.LaunchServiceHandlerDecorator.launch(LaunchServiceHandlerDecorator.java:30) ~[modlauncher-10.0.9.jar%2355!/:?]
	at cpw.mods.modlauncher.LaunchServiceHandler.launch(LaunchServiceHandler.java:53) ~[modlauncher-10.0.9.jar%2355!/:?]
	at cpw.mods.modlauncher.LaunchServiceHandler.launch(LaunchServiceHandler.java:71) ~[modlauncher-10.0.9.jar%2355!/:?]
	at cpw.mods.modlauncher.Launcher.run(Launcher.java:108) ~[modlauncher-10.0.9.jar%2355!/:?]
	at cpw.mods.modlauncher.Launcher.main(Launcher.java:78) ~[modlauncher-10.0.9.jar%2355!/:?]
	at cpw.mods.modlauncher.BootstrapLaunchConsumer.accept(BootstrapLaunchConsumer.java:26) ~[modlauncher-10.0.9.jar%2355!/:?]
	at cpw.mods.modlauncher.BootstrapLaunchConsumer.accept(BootstrapLaunchConsumer.java:23) ~[modlauncher-10.0.9.jar%2355!/:?]
	at cpw.mods.bootstraplauncher.BootstrapLauncher.main(BootstrapLauncher.java:141) ~[bootstraplauncher-1.1.2.jar:?]
[07Apr2025 12:31:04.089] [main/WARN] [net.minecraftforge.common.loot.LootModifierManager/]: Could not decode GlobalLootModifier with json id nethersdelight:chopping_leather - error: Unknown type 'minecraft:alternatives'
[07Apr2025 12:31:04.089] [main/WARN] [net.minecraftforge.common.loot.LootModifierManager/]: Unable to decode loot conditions
com.google.gson.JsonSyntaxException: Unknown type 'minecraft:alternative'
	at net.minecraft.world.level.storage.loot.GsonAdapterFactory$JsonAdapter.deserialize(GsonAdapterFactory.java:99) ~[server-1.20.1-20230612.114412-srg.jar%23571!/:?]
	at com.google.gson.internal.bind.TreeTypeAdapter.read(TreeTypeAdapter.java:76) ~[gson-2.10.jar%2372!/:?]
	at com.google.gson.internal.bind.TypeAdapterRuntimeTypeWrapper.read(TypeAdapterRuntimeTypeWrapper.java:40) ~[gson-2.10.jar%2372!/:?]
	at com.google.gson.internal.bind.ArrayTypeAdapter.read(ArrayTypeAdapter.java:72) ~[gson-2.10.jar%2372!/:?]
	at com.google.gson.Gson.fromJson(Gson.java:1214) ~[gson-2.10.jar%2372!/:?]
	at com.google.gson.Gson.fromJson(Gson.java:1319) ~[gson-2.10.jar%2372!/:?]
	at com.google.gson.Gson.fromJson(Gson.java:1261) ~[gson-2.10.jar%2372!/:?]
	at net.minecraftforge.common.loot.IGlobalLootModifier.lambda$static$1(IGlobalLootModifier.java:39) ~[forge-1.20.1-47.4.0-universal.jar%23576!/:?]
	at com.mojang.serialization.Decoder$1.lambda$decode$1(Decoder.java:49) ~[datafixerupper-6.0.8.jar%2377!/:?]
	at com.mojang.serialization.DataResult.lambda$flatMap$11(DataResult.java:139) ~[datafixerupper-6.0.8.jar%2377!/:?]
	at com.mojang.datafixers.util.Either$Left.map(Either.java:38) ~[datafixerupper-6.0.8.jar%2377!/:?]
	at com.mojang.serialization.DataResult.flatMap(DataResult.java:137) ~[datafixerupper-6.0.8.jar%2377!/:?]
	at com.mojang.serialization.Decoder$1.decode(Decoder.java:49) ~[datafixerupper-6.0.8.jar%2377!/:?]
	at com.mojang.serialization.Codec$2.decode(Codec.java:71) ~[datafixerupper-6.0.8.jar%2377!/:?]
	at com.mojang.serialization.Decoder.parse(Decoder.java:18) ~[datafixerupper-6.0.8.jar%2377!/:?]
	at com.mojang.serialization.codecs.FieldDecoder.decode(FieldDecoder.java:29) ~[datafixerupper-6.0.8.jar%2377!/:?]
	at com.mojang.serialization.MapCodec$1.decode(MapCodec.java:34) ~[datafixerupper-6.0.8.jar%2377!/:?]
	at com.mojang.serialization.codecs.RecordCodecBuilder$Instance$5.decode(RecordCodecBuilder.java:323) ~[datafixerupper-6.0.8.jar%2377!/:?]
	at com.mojang.serialization.codecs.RecordCodecBuilder$2.decode(RecordCodecBuilder.java:107) ~[datafixerupper-6.0.8.jar%2377!/:?]
	at com.mojang.serialization.codecs.KeyDispatchCodec.lambda$decode$3(KeyDispatchCodec.java:67) ~[datafixerupper-6.0.8.jar%2377!/:?]
	at com.mojang.serialization.DataResult.lambda$flatMap$11(DataResult.java:139) ~[datafixerupper-6.0.8.jar%2377!/:?]
	at com.mojang.datafixers.util.Either$Left.map(Either.java:38) ~[datafixerupper-6.0.8.jar%2377!/:?]
	at com.mojang.serialization.DataResult.flatMap(DataResult.java:137) ~[datafixerupper-6.0.8.jar%2377!/:?]
	at com.mojang.serialization.codecs.KeyDispatchCodec.lambda$decode$4(KeyDispatchCodec.java:58) ~[datafixerupper-6.0.8.jar%2377!/:?]
	at com.mojang.serialization.DataResult.lambda$flatMap$11(DataResult.java:139) ~[datafixerupper-6.0.8.jar%2377!/:?]
	at com.mojang.datafixers.util.Either$Left.map(Either.java:38) ~[datafixerupper-6.0.8.jar%2377!/:?]
	at com.mojang.serialization.DataResult.flatMap(DataResult.java:137) ~[datafixerupper-6.0.8.jar%2377!/:?]
	at com.mojang.serialization.codecs.KeyDispatchCodec.decode(KeyDispatchCodec.java:56) ~[datafixerupper-6.0.8.jar%2377!/:?]
	at com.mojang.serialization.MapDecoder.lambda$compressedDecode$1(MapDecoder.java:52) ~[datafixerupper-6.0.8.jar%2377!/:?]
	at com.mojang.serialization.DataResult.lambda$flatMap$11(DataResult.java:139) ~[datafixerupper-6.0.8.jar%2377!/:?]
	at com.mojang.datafixers.util.Either$Left.map(Either.java:38) ~[datafixerupper-6.0.8.jar%2377!/:?]
	at com.mojang.serialization.DataResult.flatMap(DataResult.java:137) ~[datafixerupper-6.0.8.jar%2377!/:?]
	at com.mojang.serialization.MapDecoder.compressedDecode(MapDecoder.java:52) ~[datafixerupper-6.0.8.jar%2377!/:?]
	at com.mojang.serialization.MapCodec$MapCodecCodec.decode(MapCodec.java:91) ~[datafixerupper-6.0.8.jar%2377!/:?]
	at com.mojang.serialization.Decoder.parse(Decoder.java:18) ~[datafixerupper-6.0.8.jar%2377!/:?]
	at net.minecraftforge.common.loot.LootModifierManager.apply(LootModifierManager.java:79) ~[forge-1.20.1-47.4.0-universal.jar%23576!/:?]
	at net.minecraftforge.common.loot.LootModifierManager.m_5787_(LootModifierManager.java:38) ~[forge-1.20.1-47.4.0-universal.jar%23576!/:?]
	at net.minecraft.server.packs.resources.SimplePreparableReloadListener.m_10789_(SimplePreparableReloadListener.java:13) ~[server-1.20.1-20230612.114412-srg.jar%23571!/:?]
	at java.util.concurrent.CompletableFuture$UniAccept.tryFire(CompletableFuture.java:718) ~[?:?]
	at java.util.concurrent.CompletableFuture$Completion.run(CompletableFuture.java:482) ~[?:?]
	at net.minecraft.server.packs.resources.SimpleReloadInstance.m_143940_(SimpleReloadInstance.java:69) ~[server-1.20.1-20230612.114412-srg.jar%23571!/:?]
	at net.minecraft.Util.m_214652_(Util.java:783) ~[server-1.20.1-20230612.114412-srg.jar%23571!/:?]
	at net.minecraft.Util.m_214679_(Util.java:772) ~[server-1.20.1-20230612.114412-srg.jar%23571!/:?]
	at net.minecraft.server.Main.main(Main.java:166) ~[server-1.20.1-20230612.114412-srg.jar%23571!/:?]
	at jdk.internal.reflect.NativeMethodAccessorImpl.invoke0(Native Method) ~[?:?]
	at jdk.internal.reflect.NativeMethodAccessorImpl.invoke(NativeMethodAccessorImpl.java:77) ~[?:?]
	at jdk.internal.reflect.DelegatingMethodAccessorImpl.invoke(DelegatingMethodAccessorImpl.java:43) ~[?:?]
	at java.lang.reflect.Method.invoke(Method.java:569) ~[?:?]
	at net.minecraftforge.fml.loading.targets.CommonLaunchHandler.runTarget(CommonLaunchHandler.java:111) ~[fmlloader-1.20.1-47.4.0.jar%2369!/:?]
	at net.minecraftforge.fml.loading.targets.CommonLaunchHandler.serverService(CommonLaunchHandler.java:103) ~[fmlloader-1.20.1-47.4.0.jar%2369!/:?]
	at net.minecraftforge.fml.loading.targets.CommonServerLaunchHandler.lambda$makeService$0(CommonServerLaunchHandler.java:27) ~[fmlloader-1.20.1-47.4.0.jar%2369!/:?]
	at cpw.mods.modlauncher.LaunchServiceHandlerDecorator.launch(LaunchServiceHandlerDecorator.java:30) ~[modlauncher-10.0.9.jar%2355!/:?]
	at cpw.mods.modlauncher.LaunchServiceHandler.launch(LaunchServiceHandler.java:53) ~[modlauncher-10.0.9.jar%2355!/:?]
	at cpw.mods.modlauncher.LaunchServiceHandler.launch(LaunchServiceHandler.java:71) ~[modlauncher-10.0.9.jar%2355!/:?]
	at cpw.mods.modlauncher.Launcher.run(Launcher.java:108) ~[modlauncher-10.0.9.jar%2355!/:?]
	at cpw.mods.modlauncher.Launcher.main(Launcher.java:78) ~[modlauncher-10.0.9.jar%2355!/:?]
	at cpw.mods.modlauncher.BootstrapLaunchConsumer.accept(BootstrapLaunchConsumer.java:26) ~[modlauncher-10.0.9.jar%2355!/:?]
	at cpw.mods.modlauncher.BootstrapLaunchConsumer.accept(BootstrapLaunchConsumer.java:23) ~[modlauncher-10.0.9.jar%2355!/:?]
	at cpw.mods.bootstraplauncher.BootstrapLauncher.main(BootstrapLauncher.java:141) ~[bootstraplauncher-1.1.2.jar:?]
[07Apr2025 12:31:04.091] [main/WARN] [net.minecraftforge.common.loot.LootModifierManager/]: Could not decode GlobalLootModifier with json id nethersdelight:chopping_string - error: Unknown type 'minecraft:alternative'
[07Apr2025 12:31:04.093] [main/WARN] [net.minecraftforge.common.loot.LootModifierManager/]: Unable to decode loot conditions
com.google.gson.JsonSyntaxException: Unknown type 'alternative'
	at net.minecraft.world.level.storage.loot.GsonAdapterFactory$JsonAdapter.deserialize(GsonAdapterFactory.java:99) ~[server-1.20.1-20230612.114412-srg.jar%23571!/:?]
	at com.google.gson.internal.bind.TreeTypeAdapter.read(TreeTypeAdapter.java:76) ~[gson-2.10.jar%2372!/:?]
	at com.google.gson.internal.bind.TypeAdapterRuntimeTypeWrapper.read(TypeAdapterRuntimeTypeWrapper.java:40) ~[gson-2.10.jar%2372!/:?]
	at com.google.gson.internal.bind.ArrayTypeAdapter.read(ArrayTypeAdapter.java:72) ~[gson-2.10.jar%2372!/:?]
	at com.google.gson.Gson.fromJson(Gson.java:1214) ~[gson-2.10.jar%2372!/:?]
	at com.google.gson.Gson.fromJson(Gson.java:1319) ~[gson-2.10.jar%2372!/:?]
	at com.google.gson.Gson.fromJson(Gson.java:1261) ~[gson-2.10.jar%2372!/:?]
	at net.minecraftforge.common.loot.IGlobalLootModifier.lambda$static$1(IGlobalLootModifier.java:39) ~[forge-1.20.1-47.4.0-universal.jar%23576!/:?]
	at com.mojang.serialization.Decoder$1.lambda$decode$1(Decoder.java:49) ~[datafixerupper-6.0.8.jar%2377!/:?]
	at com.mojang.serialization.DataResult.lambda$flatMap$11(DataResult.java:139) ~[datafixerupper-6.0.8.jar%2377!/:?]
	at com.mojang.datafixers.util.Either$Left.map(Either.java:38) ~[datafixerupper-6.0.8.jar%2377!/:?]
	at com.mojang.serialization.DataResult.flatMap(DataResult.java:137) ~[datafixerupper-6.0.8.jar%2377!/:?]
	at com.mojang.serialization.Decoder$1.decode(Decoder.java:49) ~[datafixerupper-6.0.8.jar%2377!/:?]
	at com.mojang.serialization.Codec$2.decode(Codec.java:71) ~[datafixerupper-6.0.8.jar%2377!/:?]
	at com.mojang.serialization.Decoder.parse(Decoder.java:18) ~[datafixerupper-6.0.8.jar%2377!/:?]
	at com.mojang.serialization.codecs.FieldDecoder.decode(FieldDecoder.java:29) ~[datafixerupper-6.0.8.jar%2377!/:?]
	at com.mojang.serialization.MapCodec$1.decode(MapCodec.java:34) ~[datafixerupper-6.0.8.jar%2377!/:?]
	at com.mojang.serialization.codecs.RecordCodecBuilder$Instance$7.decode(RecordCodecBuilder.java:406) ~[datafixerupper-6.0.8.jar%2377!/:?]
	at com.mojang.serialization.codecs.RecordCodecBuilder$2.decode(RecordCodecBuilder.java:107) ~[datafixerupper-6.0.8.jar%2377!/:?]
	at com.mojang.serialization.codecs.KeyDispatchCodec.lambda$decode$3(KeyDispatchCodec.java:67) ~[datafixerupper-6.0.8.jar%2377!/:?]
	at com.mojang.serialization.DataResult.lambda$flatMap$11(DataResult.java:139) ~[datafixerupper-6.0.8.jar%2377!/:?]
	at com.mojang.datafixers.util.Either$Left.map(Either.java:38) ~[datafixerupper-6.0.8.jar%2377!/:?]
	at com.mojang.serialization.DataResult.flatMap(DataResult.java:137) ~[datafixerupper-6.0.8.jar%2377!/:?]
	at com.mojang.serialization.codecs.KeyDispatchCodec.lambda$decode$4(KeyDispatchCodec.java:58) ~[datafixerupper-6.0.8.jar%2377!/:?]
	at com.mojang.serialization.DataResult.lambda$flatMap$11(DataResult.java:139) ~[datafixerupper-6.0.8.jar%2377!/:?]
	at com.mojang.datafixers.util.Either$Left.map(Either.java:38) ~[datafixerupper-6.0.8.jar%2377!/:?]
	at com.mojang.serialization.DataResult.flatMap(DataResult.java:137) ~[datafixerupper-6.0.8.jar%2377!/:?]
	at com.mojang.serialization.codecs.KeyDispatchCodec.decode(KeyDispatchCodec.java:56) ~[datafixerupper-6.0.8.jar%2377!/:?]
	at com.mojang.serialization.MapDecoder.lambda$compressedDecode$1(MapDecoder.java:52) ~[datafixerupper-6.0.8.jar%2377!/:?]
	at com.mojang.serialization.DataResult.lambda$flatMap$11(DataResult.java:139) ~[datafixerupper-6.0.8.jar%2377!/:?]
	at com.mojang.datafixers.util.Either$Left.map(Either.java:38) ~[datafixerupper-6.0.8.jar%2377!/:?]
	at com.mojang.serialization.DataResult.flatMap(DataResult.java:137) ~[datafixerupper-6.0.8.jar%2377!/:?]
	at com.mojang.serialization.MapDecoder.compressedDecode(MapDecoder.java:52) ~[datafixerupper-6.0.8.jar%2377!/:?]
	at com.mojang.serialization.MapCodec$MapCodecCodec.decode(MapCodec.java:91) ~[datafixerupper-6.0.8.jar%2377!/:?]
	at com.mojang.serialization.Decoder.parse(Decoder.java:18) ~[datafixerupper-6.0.8.jar%2377!/:?]
	at net.minecraftforge.common.loot.LootModifierManager.apply(LootModifierManager.java:79) ~[forge-1.20.1-47.4.0-universal.jar%23576!/:?]
	at net.minecraftforge.common.loot.LootModifierManager.m_5787_(LootModifierManager.java:38) ~[forge-1.20.1-47.4.0-universal.jar%23576!/:?]
	at net.minecraft.server.packs.resources.SimplePreparableReloadListener.m_10789_(SimplePreparableReloadListener.java:13) ~[server-1.20.1-20230612.114412-srg.jar%23571!/:?]
	at java.util.concurrent.CompletableFuture$UniAccept.tryFire(CompletableFuture.java:718) ~[?:?]
	at java.util.concurrent.CompletableFuture$Completion.run(CompletableFuture.java:482) ~[?:?]
	at net.minecraft.server.packs.resources.SimpleReloadInstance.m_143940_(SimpleReloadInstance.java:69) ~[server-1.20.1-20230612.114412-srg.jar%23571!/:?]
	at net.minecraft.Util.m_214652_(Util.java:783) ~[server-1.20.1-20230612.114412-srg.jar%23571!/:?]
	at net.minecraft.Util.m_214679_(Util.java:772) ~[server-1.20.1-20230612.114412-srg.jar%23571!/:?]
	at net.minecraft.server.Main.main(Main.java:166) ~[server-1.20.1-20230612.114412-srg.jar%23571!/:?]
	at jdk.internal.reflect.NativeMethodAccessorImpl.invoke0(Native Method) ~[?:?]
	at jdk.internal.reflect.NativeMethodAccessorImpl.invoke(NativeMethodAccessorImpl.java:77) ~[?:?]
	at jdk.internal.reflect.DelegatingMethodAccessorImpl.invoke(DelegatingMethodAccessorImpl.java:43) ~[?:?]
	at java.lang.reflect.Method.invoke(Method.java:569) ~[?:?]
	at net.minecraftforge.fml.loading.targets.CommonLaunchHandler.runTarget(CommonLaunchHandler.java:111) ~[fmlloader-1.20.1-47.4.0.jar%2369!/:?]
	at net.minecraftforge.fml.loading.targets.CommonLaunchHandler.serverService(CommonLaunchHandler.java:103) ~[fmlloader-1.20.1-47.4.0.jar%2369!/:?]
	at net.minecraftforge.fml.loading.targets.CommonServerLaunchHandler.lambda$makeService$0(CommonServerLaunchHandler.java:27) ~[fmlloader-1.20.1-47.4.0.jar%2369!/:?]
	at cpw.mods.modlauncher.LaunchServiceHandlerDecorator.launch(LaunchServiceHandlerDecorator.java:30) ~[modlauncher-10.0.9.jar%2355!/:?]
	at cpw.mods.modlauncher.LaunchServiceHandler.launch(LaunchServiceHandler.java:53) ~[modlauncher-10.0.9.jar%2355!/:?]
	at cpw.mods.modlauncher.LaunchServiceHandler.launch(LaunchServiceHandler.java:71) ~[modlauncher-10.0.9.jar%2355!/:?]
	at cpw.mods.modlauncher.Launcher.run(Launcher.java:108) ~[modlauncher-10.0.9.jar%2355!/:?]
	at cpw.mods.modlauncher.Launcher.main(Launcher.java:78) ~[modlauncher-10.0.9.jar%2355!/:?]
	at cpw.mods.modlauncher.BootstrapLaunchConsumer.accept(BootstrapLaunchConsumer.java:26) ~[modlauncher-10.0.9.jar%2355!/:?]
	at cpw.mods.modlauncher.BootstrapLaunchConsumer.accept(BootstrapLaunchConsumer.java:23) ~[modlauncher-10.0.9.jar%2355!/:?]
	at cpw.mods.bootstraplauncher.BootstrapLauncher.main(BootstrapLauncher.java:141) ~[bootstraplauncher-1.1.2.jar:?]
[07Apr2025 12:31:04.094] [main/WARN] [net.minecraftforge.common.loot.LootModifierManager/]: Could not decode GlobalLootModifier with json id miners_delight:scavenging_tentacles - error: Unknown type 'alternative'
[07Apr2025 12:31:04.094] [main/WARN] [net.minecraftforge.common.loot.LootModifierManager/]: Unable to decode loot conditions
com.google.gson.JsonSyntaxException: Unknown type 'alternative'
	at net.minecraft.world.level.storage.loot.GsonAdapterFactory$JsonAdapter.deserialize(GsonAdapterFactory.java:99) ~[server-1.20.1-20230612.114412-srg.jar%23571!/:?]
	at com.google.gson.internal.bind.TreeTypeAdapter.read(TreeTypeAdapter.java:76) ~[gson-2.10.jar%2372!/:?]
	at com.google.gson.internal.bind.TypeAdapterRuntimeTypeWrapper.read(TypeAdapterRuntimeTypeWrapper.java:40) ~[gson-2.10.jar%2372!/:?]
	at com.google.gson.internal.bind.ArrayTypeAdapter.read(ArrayTypeAdapter.java:72) ~[gson-2.10.jar%2372!/:?]
	at com.google.gson.Gson.fromJson(Gson.java:1214) ~[gson-2.10.jar%2372!/:?]
	at com.google.gson.Gson.fromJson(Gson.java:1319) ~[gson-2.10.jar%2372!/:?]
	at com.google.gson.Gson.fromJson(Gson.java:1261) ~[gson-2.10.jar%2372!/:?]
	at net.minecraftforge.common.loot.IGlobalLootModifier.lambda$static$1(IGlobalLootModifier.java:39) ~[forge-1.20.1-47.4.0-universal.jar%23576!/:?]
	at com.mojang.serialization.Decoder$1.lambda$decode$1(Decoder.java:49) ~[datafixerupper-6.0.8.jar%2377!/:?]
	at com.mojang.serialization.DataResult.lambda$flatMap$11(DataResult.java:139) ~[datafixerupper-6.0.8.jar%2377!/:?]
	at com.mojang.datafixers.util.Either$Left.map(Either.java:38) ~[datafixerupper-6.0.8.jar%2377!/:?]
	at com.mojang.serialization.DataResult.flatMap(DataResult.java:137) ~[datafixerupper-6.0.8.jar%2377!/:?]
	at com.mojang.serialization.Decoder$1.decode(Decoder.java:49) ~[datafixerupper-6.0.8.jar%2377!/:?]
	at com.mojang.serialization.Codec$2.decode(Codec.java:71) ~[datafixerupper-6.0.8.jar%2377!/:?]
	at com.mojang.serialization.Decoder.parse(Decoder.java:18) ~[datafixerupper-6.0.8.jar%2377!/:?]
	at com.mojang.serialization.codecs.FieldDecoder.decode(FieldDecoder.java:29) ~[datafixerupper-6.0.8.jar%2377!/:?]
	at com.mojang.serialization.MapCodec$1.decode(MapCodec.java:34) ~[datafixerupper-6.0.8.jar%2377!/:?]
	at com.mojang.serialization.codecs.RecordCodecBuilder$Instance$5.decode(RecordCodecBuilder.java:323) ~[datafixerupper-6.0.8.jar%2377!/:?]
	at com.mojang.serialization.codecs.RecordCodecBuilder$2.decode(RecordCodecBuilder.java:107) ~[datafixerupper-6.0.8.jar%2377!/:?]
	at com.mojang.serialization.codecs.KeyDispatchCodec.lambda$decode$3(KeyDispatchCodec.java:67) ~[datafixerupper-6.0.8.jar%2377!/:?]
	at com.mojang.serialization.DataResult.lambda$flatMap$11(DataResult.java:139) ~[datafixerupper-6.0.8.jar%2377!/:?]
	at com.mojang.datafixers.util.Either$Left.map(Either.java:38) ~[datafixerupper-6.0.8.jar%2377!/:?]
	at com.mojang.serialization.DataResult.flatMap(DataResult.java:137) ~[datafixerupper-6.0.8.jar%2377!/:?]
	at com.mojang.serialization.codecs.KeyDispatchCodec.lambda$decode$4(KeyDispatchCodec.java:58) ~[datafixerupper-6.0.8.jar%2377!/:?]
	at com.mojang.serialization.DataResult.lambda$flatMap$11(DataResult.java:139) ~[datafixerupper-6.0.8.jar%2377!/:?]
	at com.mojang.datafixers.util.Either$Left.map(Either.java:38) ~[datafixerupper-6.0.8.jar%2377!/:?]
	at com.mojang.serialization.DataResult.flatMap(DataResult.java:137) ~[datafixerupper-6.0.8.jar%2377!/:?]
	at com.mojang.serialization.codecs.KeyDispatchCodec.decode(KeyDispatchCodec.java:56) ~[datafixerupper-6.0.8.jar%2377!/:?]
	at com.mojang.serialization.MapDecoder.lambda$compressedDecode$1(MapDecoder.java:52) ~[datafixerupper-6.0.8.jar%2377!/:?]
	at com.mojang.serialization.DataResult.lambda$flatMap$11(DataResult.java:139) ~[datafixerupper-6.0.8.jar%2377!/:?]
	at com.mojang.datafixers.util.Either$Left.map(Either.java:38) ~[datafixerupper-6.0.8.jar%2377!/:?]
	at com.mojang.serialization.DataResult.flatMap(DataResult.java:137) ~[datafixerupper-6.0.8.jar%2377!/:?]
	at com.mojang.serialization.MapDecoder.compressedDecode(MapDecoder.java:52) ~[datafixerupper-6.0.8.jar%2377!/:?]
	at com.mojang.serialization.MapCodec$MapCodecCodec.decode(MapCodec.java:91) ~[datafixerupper-6.0.8.jar%2377!/:?]
	at com.mojang.serialization.Decoder.parse(Decoder.java:18) ~[datafixerupper-6.0.8.jar%2377!/:?]
	at net.minecraftforge.common.loot.LootModifierManager.apply(LootModifierManager.java:79) ~[forge-1.20.1-47.4.0-universal.jar%23576!/:?]
	at net.minecraftforge.common.loot.LootModifierManager.m_5787_(LootModifierManager.java:38) ~[forge-1.20.1-47.4.0-universal.jar%23576!/:?]
	at net.minecraft.server.packs.resources.SimplePreparableReloadListener.m_10789_(SimplePreparableReloadListener.java:13) ~[server-1.20.1-20230612.114412-srg.jar%23571!/:?]
	at java.util.concurrent.CompletableFuture$UniAccept.tryFire(CompletableFuture.java:718) ~[?:?]
	at java.util.concurrent.CompletableFuture$Completion.run(CompletableFuture.java:482) ~[?:?]
	at net.minecraft.server.packs.resources.SimpleReloadInstance.m_143940_(SimpleReloadInstance.java:69) ~[server-1.20.1-20230612.114412-srg.jar%23571!/:?]
	at net.minecraft.Util.m_214652_(Util.java:783) ~[server-1.20.1-20230612.114412-srg.jar%23571!/:?]
	at net.minecraft.Util.m_214679_(Util.java:772) ~[server-1.20.1-20230612.114412-srg.jar%23571!/:?]
	at net.minecraft.server.Main.main(Main.java:166) ~[server-1.20.1-20230612.114412-srg.jar%23571!/:?]
	at jdk.internal.reflect.NativeMethodAccessorImpl.invoke0(Native Method) ~[?:?]
	at jdk.internal.reflect.NativeMethodAccessorImpl.invoke(NativeMethodAccessorImpl.java:77) ~[?:?]
	at jdk.internal.reflect.DelegatingMethodAccessorImpl.invoke(DelegatingMethodAccessorImpl.java:43) ~[?:?]
	at java.lang.reflect.Method.invoke(Method.java:569) ~[?:?]
	at net.minecraftforge.fml.loading.targets.CommonLaunchHandler.runTarget(CommonLaunchHandler.java:111) ~[fmlloader-1.20.1-47.4.0.jar%2369!/:?]
	at net.minecraftforge.fml.loading.targets.CommonLaunchHandler.serverService(CommonLaunchHandler.java:103) ~[fmlloader-1.20.1-47.4.0.jar%2369!/:?]
	at net.minecraftforge.fml.loading.targets.CommonServerLaunchHandler.lambda$makeService$0(CommonServerLaunchHandler.java:27) ~[fmlloader-1.20.1-47.4.0.jar%2369!/:?]
	at cpw.mods.modlauncher.LaunchServiceHandlerDecorator.launch(LaunchServiceHandlerDecorator.java:30) ~[modlauncher-10.0.9.jar%2355!/:?]
	at cpw.mods.modlauncher.LaunchServiceHandler.launch(LaunchServiceHandler.java:53) ~[modlauncher-10.0.9.jar%2355!/:?]
	at cpw.mods.modlauncher.LaunchServiceHandler.launch(LaunchServiceHandler.java:71) ~[modlauncher-10.0.9.jar%2355!/:?]
	at cpw.mods.modlauncher.Launcher.run(Launcher.java:108) ~[modlauncher-10.0.9.jar%2355!/:?]
	at cpw.mods.modlauncher.Launcher.main(Launcher.java:78) ~[modlauncher-10.0.9.jar%2355!/:?]
	at cpw.mods.modlauncher.BootstrapLaunchConsumer.accept(BootstrapLaunchConsumer.java:26) ~[modlauncher-10.0.9.jar%2355!/:?]
	at cpw.mods.modlauncher.BootstrapLaunchConsumer.accept(BootstrapLaunchConsumer.java:23) ~[modlauncher-10.0.9.jar%2355!/:?]
	at cpw.mods.bootstraplauncher.BootstrapLauncher.main(BootstrapLauncher.java:141) ~[bootstraplauncher-1.1.2.jar:?]
[07Apr2025 12:31:04.095] [main/WARN] [net.minecraftforge.common.loot.LootModifierManager/]: Could not decode GlobalLootModifier with json id miners_delight:scavenging_silverfish - error: Unknown type 'alternative'
[07Apr2025 12:31:04.098] [main/INFO] [ModdingLegacy/blue_skies/SkiesDataManager/]: Loaded 8 tool_handle_types
[07Apr2025 12:31:04.098] [main/INFO] [ModdingLegacy/blue_skies/SkiesDataManager/]: Loaded 37 snowcap_oven_freezing_recipes
[07Apr2025 12:31:04.099] [main/INFO] [ModdingLegacy/blue_skies/SkiesDataManager/]: Loaded 7 horizonite_forge_fuels
[07Apr2025 12:31:04.099] [main/INFO] [ModdingLegacy/blue_skies/SkiesDataManager/]: Loaded 12 snowcap_mushroom_freezing
[07Apr2025 12:31:04.132] [main/INFO] [ModdingLegacy/blue_skies/SkiesDataManager/]: Loaded 70 alchemy_recipes
[07Apr2025 12:31:04.134] [main/INFO] [ModdingLegacy/blue_skies/SkiesDataManager/]: Loaded 81 journal/entries
[07Apr2025 12:31:04.134] [main/INFO] [ModdingLegacy/blue_skies/SkiesDataManager/]: Loaded 3 journal/sections
[07Apr2025 12:31:04.134] [main/INFO] [ModdingLegacy/blue_skies/SkiesDataManager/]: Loaded 7 journal/requirements
[07Apr2025 12:31:04.170] [main/INFO] [com.lootintegrations.LootintegrationsMod/]: Parsing loot modifiers for:lootintegrations:loot_formations_village with loottable: lootintegrations:chests/village
[07Apr2025 12:31:04.170] [main/INFO] [com.lootintegrations.LootintegrationsMod/]: Parsing loot modifiers for:lootintegrations:loot_integrated_water with loottable: lootintegrations:chests/water
[07Apr2025 12:31:04.170] [main/INFO] [com.lootintegrations.LootintegrationsMod/]: Parsing loot modifiers for:lootintegrations:loot_wda_hard with loottable: lootintegrations:chests/hard
[07Apr2025 12:31:04.171] [main/INFO] [com.lootintegrations.LootintegrationsMod/]: Parsing loot modifiers for:lootintegrations:loot_wda_medium with loottable: lootintegrations:chests/medium
[07Apr2025 12:31:04.171] [main/INFO] [com.lootintegrations.LootintegrationsMod/]: Parsing loot modifiers for:lootintegrations:dungeonloot_no_overflow with loottable: minecraft:chests/simple_dungeon
[07Apr2025 12:31:04.171] [main/INFO] [com.lootintegrations.LootintegrationsMod/]: Parsing loot modifiers for:lootintegrations:loot_formations_nether with loottable: lootintegrations:chests/nether
[07Apr2025 12:31:04.171] [main/INFO] [com.lootintegrations.LootintegrationsMod/]: Parsing loot modifiers for:lootintegrations:loot_dnt_medium with loottable: lootintegrations:chests/medium
[07Apr2025 12:31:04.171] [main/INFO] [com.lootintegrations.LootintegrationsMod/]: Parsing loot modifiers for:lootintegrations:loot_dnt_easy with loottable: lootintegrations:chests/easy
[07Apr2025 12:31:04.171] [main/INFO] [com.lootintegrations.LootintegrationsMod/]: Parsing loot modifiers for:lootintegrations:loot_integrated_nether with loottable: lootintegrations:chests/nether
[07Apr2025 12:31:04.171] [main/INFO] [com.lootintegrations.LootintegrationsMod/]: Parsing loot modifiers for:lootintegrations:loot_wda_easy with loottable: lootintegrations:chests/easy
[07Apr2025 12:31:04.171] [main/INFO] [com.lootintegrations.LootintegrationsMod/]: Parsing loot modifiers for:lootintegrations:loot_wda_water with loottable: lootintegrations:chests/water
[07Apr2025 12:31:04.171] [main/INFO] [com.lootintegrations.LootintegrationsMod/]: Parsing loot modifiers for:lootintegrations:loot_dnt_village with loottable: lootintegrations:chests/village
[07Apr2025 12:31:04.171] [main/INFO] [com.lootintegrations.LootintegrationsMod/]: Parsing loot modifiers for:lootintegrations:loot_wda_village with loottable: lootintegrations:chests/village
[07Apr2025 12:31:04.171] [main/INFO] [com.lootintegrations.LootintegrationsMod/]: Parsing loot modifiers for:lootintegrations:loot_integrated_village with loottable: lootintegrations:chests/village
[07Apr2025 12:31:04.172] [main/INFO] [com.lootintegrations.LootintegrationsMod/]: Parsing loot modifiers for:lootintegrations:loot_dnt_hard with loottable: lootintegrations:chests/hard
[07Apr2025 12:31:04.172] [main/INFO] [com.lootintegrations.LootintegrationsMod/]: Parsing loot modifiers for:lootintegrations:loot_dnt_water with loottable: lootintegrations:chests/water
[07Apr2025 12:31:04.172] [main/INFO] [com.lootintegrations.LootintegrationsMod/]: Parsing loot modifiers for:lootintegrations:loot_wda_nether with loottable: lootintegrations:chests/nether
[07Apr2025 12:31:04.172] [main/INFO] [com.lootintegrations.LootintegrationsMod/]: Parsing loot modifiers for:lootintegrations:yung_dungeonloot_nether with loottable: lootintegrations:chests/nether
[07Apr2025 12:31:04.172] [main/INFO] [com.lootintegrations.LootintegrationsMod/]: Parsing loot modifiers for:lootintegrations:yung_villageloot_house with loottable: lootintegrations:chests/village
[07Apr2025 12:31:04.172] [main/INFO] [com.lootintegrations.LootintegrationsMod/]: Parsing loot modifiers for:lootintegrations:yung_dungeonloot_water with loottable: lootintegrations:chests/water
[07Apr2025 12:31:04.172] [main/INFO] [com.lootintegrations.LootintegrationsMod/]: Parsing loot modifiers for:lootintegrations:yung_dungeonloot_easy with loottable: lootintegrations:chests/easy
[07Apr2025 12:31:04.172] [main/INFO] [com.lootintegrations.LootintegrationsMod/]: Parsing loot modifiers for:lootintegrations:loot_formations_water with loottable: lootintegrations:chests/water
[07Apr2025 12:31:04.172] [main/INFO] [com.lootintegrations.LootintegrationsMod/]: Parsing loot modifiers for:lootintegrations:loot_integrated_easy with loottable: lootintegrations:chests/easy
[07Apr2025 12:31:04.173] [main/INFO] [com.lootintegrations.LootintegrationsMod/]: Parsing loot modifiers for:lootintegrations:yung_dungeonloot_medium with loottable: lootintegrations:chests/medium
[07Apr2025 12:31:04.173] [main/INFO] [com.lootintegrations.LootintegrationsMod/]: Parsing loot modifiers for:lootintegrations:loot_dnt_nether with loottable: lootintegrations:chests/nether
[07Apr2025 12:31:04.173] [main/INFO] [com.lootintegrations.LootintegrationsMod/]: Parsing loot modifiers for:lootintegrations:loot_integrated_medium with loottable: lootintegrations:chests/medium
[07Apr2025 12:31:04.173] [main/INFO] [com.lootintegrations.LootintegrationsMod/]: Parsing loot modifiers for:lootintegrations:loot_formations_medium with loottable: lootintegrations:chests/medium
[07Apr2025 12:31:04.173] [main/INFO] [com.lootintegrations.LootintegrationsMod/]: Parsing loot modifiers for:lootintegrations:loot_formations_easy with loottable: lootintegrations:chests/easy
[07Apr2025 12:31:04.185] [main/INFO] [twilightforest/]: Loaded 9 Stalactite configs!
[07Apr2025 12:31:04.193] [main/INFO] [quark-zeta/]: Modified advancement minecraft:husbandry/wax_on with 2 patches
[07Apr2025 12:31:04.193] [main/INFO] [quark-zeta/]: Modified advancement minecraft:adventure/kill_a_mob with 3 patches
[07Apr2025 12:31:04.194] [main/INFO] [quark-zeta/]: Modified advancement minecraft:husbandry/bred_all_animals with 3 patches
[07Apr2025 12:31:04.194] [main/INFO] [quark-zeta/]: Modified advancement minecraft:adventure/kill_all_mobs with 3 patches
[07Apr2025 12:31:04.194] [main/INFO] [quark-zeta/]: Modified advancement minecraft:husbandry/balanced_diet with 3 patches
[07Apr2025 12:31:04.194] [main/INFO] [quark-zeta/]: Modified advancement minecraft:husbandry/plant_seed with 1 patches
[07Apr2025 12:31:04.194] [main/INFO] [quark-zeta/]: Modified advancement minecraft:nether/all_effects with 2 patches
[07Apr2025 12:31:04.195] [main/INFO] [quark-zeta/]: Modified advancement minecraft:husbandry/wax_off with 2 patches
[07Apr2025 12:31:04.195] [main/INFO] [quark-zeta/]: Modified advancement minecraft:adventure/adventuring_time with 1 patches
[07Apr2025 12:31:04.195] [main/INFO] [quark-zeta/]: Modified advancement minecraft:nether/all_potions with 1 patches
[07Apr2025 12:31:04.200] [main/INFO] [Supplementaries/]: Loaded 27 flute songs
[07Apr2025 12:31:04.213] [main/INFO] [Apotheosis : Enchantment/]: Registered 34 enchanting_stats.
[07Apr2025 12:31:04.217] [main/INFO] [botania/]: Loaded 30 Loonium configurations
[07Apr2025 12:31:04.218] [main/INFO] [Apotheosis : Adventure/]: Registered 6 rarities.
[07Apr2025 12:31:04.230] [main/INFO] [Apotheosis : Adventure/]: Registered 97 affixes.
[07Apr2025 12:31:04.234] [main/WARN] [Apotheosis : Adventure/]: Insufficient number of affixes to satisfy the loot rules (ignoring backup rules) of rarity apotheosis:rare for category curios:spellbookRequired: 2; Provided: 0
[07Apr2025 12:31:04.235] [main/WARN] [Apotheosis : Adventure/]: Insufficient number of affixes to satisfy the loot rules (ignoring backup rules) of rarity apotheosis:epic for category curios:spellbookRequired: 2; Provided: 0
[07Apr2025 12:31:04.235] [main/WARN] [Apotheosis : Adventure/]: Insufficient number of affixes to satisfy the loot rules (ignoring backup rules) of rarity apotheosis:mythic for category helmetRequired: 3; Provided: 2
[07Apr2025 12:31:04.235] [main/WARN] [Apotheosis : Adventure/]: Insufficient number of affixes to satisfy the loot rules (ignoring backup rules) of rarity apotheosis:mythic for category bootsRequired: 3; Provided: 2
[07Apr2025 12:31:04.236] [main/WARN] [Apotheosis : Adventure/]: Insufficient number of affixes to satisfy the loot rules (ignoring backup rules) of rarity apotheosis:mythic for category curios:spellbookRequired: 3; Provided: 0
[07Apr2025 12:31:04.237] [main/WARN] [Apotheosis : Adventure/]: Insufficient number of affixes to satisfy the loot rules (ignoring backup rules) of rarity apotheosis:ancient for category helmetRequired: 4; Provided: 2
[07Apr2025 12:31:04.237] [main/WARN] [Apotheosis : Adventure/]: Insufficient number of affixes to satisfy the loot rules (ignoring backup rules) of rarity apotheosis:ancient for category bootsRequired: 4; Provided: 2
[07Apr2025 12:31:04.237] [main/WARN] [Apotheosis : Adventure/]: Insufficient number of affixes to satisfy the loot rules (ignoring backup rules) of rarity apotheosis:ancient for category curios:spellbookRequired: 4; Provided: 0
[07Apr2025 12:31:04.237] [main/WARN] [Apotheosis : Adventure/]: Insufficient number of affixes to satisfy the loot rules (ignoring backup rules) of rarity apotheosis:ancient for category bowRequired: 5; Provided: 4
[07Apr2025 12:31:04.237] [main/WARN] [Apotheosis : Adventure/]: Insufficient number of affixes to satisfy the loot rules (ignoring backup rules) of rarity apotheosis:ancient for category crossbowRequired: 5; Provided: 4
[07Apr2025 12:31:04.237] [main/WARN] [Apotheosis : Adventure/]: Insufficient number of affixes to satisfy the loot rules (ignoring backup rules) of rarity apotheosis:ancient for category pickaxeRequired: 5; Provided: 4
[07Apr2025 12:31:04.237] [main/WARN] [Apotheosis : Adventure/]: Insufficient number of affixes to satisfy the loot rules (ignoring backup rules) of rarity apotheosis:ancient for category shovelRequired: 5; Provided: 4
[07Apr2025 12:31:04.249] [main/INFO] [Apotheosis : Adventure/]: Registered 34 gems.
[07Apr2025 12:31:04.250] [main/ERROR] [Apotheosis : Adventure/]: Failed to execute ShieldBreakerTest
java.lang.NullPointerException: Cannot invoke "net.minecraft.world.entity.LivingEntity.m_213824_()" because "attacker" is null
	at net.minecraftforge.common.extensions.IForgeItem.canDisableShield(IForgeItem.java:695) ~[forge-1.20.1-47.4.0-universal.jar%23576!/:?]
	at net.minecraftforge.common.extensions.IForgeItemStack.canDisableShield(IForgeItemStack.java:233) ~[forge-1.20.1-47.4.0-universal.jar%23576!/:?]
	at dev.shadowsoffire.apotheosis.adventure.loot.ShieldBreakerTest.test(ShieldBreakerTest.java:48) ~[Apotheosis-1.20.1-7.4.6.jar%23348!/:7.4.6]
	at dev.shadowsoffire.apotheosis.adventure.loot.ShieldBreakerTest.test(ShieldBreakerTest.java:25) ~[Apotheosis-1.20.1-7.4.6.jar%23348!/:7.4.6]
	at dev.shadowsoffire.apotheosis.adventure.loot.LootCategory.isValid(LootCategory.java:89) ~[Apotheosis-1.20.1-7.4.6.jar%23348!/:7.4.6]
	at dev.shadowsoffire.apotheosis.adventure.loot.LootCategory.forItem(LootCategory.java:182) ~[Apotheosis-1.20.1-7.4.6.jar%23348!/:7.4.6]
	at dev.shadowsoffire.apotheosis.adventure.loot.AffixLootEntry.getType(AffixLootEntry.java:91) ~[Apotheosis-1.20.1-7.4.6.jar%23348!/:7.4.6]
	at dev.shadowsoffire.apotheosis.adventure.loot.AffixLootRegistry.validateItem(AffixLootRegistry.java:30) ~[Apotheosis-1.20.1-7.4.6.jar%23348!/:7.4.6]
	at dev.shadowsoffire.apotheosis.adventure.loot.AffixLootRegistry.validateItem(AffixLootRegistry.java:13) ~[Apotheosis-1.20.1-7.4.6.jar%23348!/:7.4.6]
	at dev.shadowsoffire.placebo.reload.DynamicRegistry.register(DynamicRegistry.java:322) ~[Placebo-1.20.1-8.6.3.jar%23501!/:8.6.3]
	at dev.shadowsoffire.placebo.reload.DynamicRegistry.lambda$apply$0(DynamicRegistry.java:143) ~[Placebo-1.20.1-8.6.3.jar%23501!/:8.6.3]
	at java.util.HashMap.forEach(HashMap.java:1421) ~[?:?]
	at dev.shadowsoffire.placebo.reload.DynamicRegistry.apply(DynamicRegistry.java:136) ~[Placebo-1.20.1-8.6.3.jar%23501!/:8.6.3]
	at dev.shadowsoffire.placebo.reload.DynamicRegistry.m_5787_(DynamicRegistry.java:62) ~[Placebo-1.20.1-8.6.3.jar%23501!/:8.6.3]
	at net.minecraft.server.packs.resources.SimplePreparableReloadListener.m_10789_(SimplePreparableReloadListener.java:13) ~[server-1.20.1-20230612.114412-srg.jar%23571!/:?]
	at java.util.concurrent.CompletableFuture$UniAccept.tryFire(CompletableFuture.java:718) ~[?:?]
	at java.util.concurrent.CompletableFuture$Completion.run(CompletableFuture.java:482) ~[?:?]
	at net.minecraft.server.packs.resources.SimpleReloadInstance.m_143940_(SimpleReloadInstance.java:69) ~[server-1.20.1-20230612.114412-srg.jar%23571!/:?]
	at net.minecraft.Util.m_214652_(Util.java:783) ~[server-1.20.1-20230612.114412-srg.jar%23571!/:?]
	at net.minecraft.Util.m_214679_(Util.java:772) ~[server-1.20.1-20230612.114412-srg.jar%23571!/:?]
	at net.minecraft.server.Main.main(Main.java:166) ~[server-1.20.1-20230612.114412-srg.jar%23571!/:?]
	at jdk.internal.reflect.NativeMethodAccessorImpl.invoke0(Native Method) ~[?:?]
	at jdk.internal.reflect.NativeMethodAccessorImpl.invoke(NativeMethodAccessorImpl.java:77) ~[?:?]
	at jdk.internal.reflect.DelegatingMethodAccessorImpl.invoke(DelegatingMethodAccessorImpl.java:43) ~[?:?]
	at java.lang.reflect.Method.invoke(Method.java:569) ~[?:?]
	at net.minecraftforge.fml.loading.targets.CommonLaunchHandler.runTarget(CommonLaunchHandler.java:111) ~[fmlloader-1.20.1-47.4.0.jar%2369!/:?]
	at net.minecraftforge.fml.loading.targets.CommonLaunchHandler.serverService(CommonLaunchHandler.java:103) ~[fmlloader-1.20.1-47.4.0.jar%2369!/:?]
	at net.minecraftforge.fml.loading.targets.CommonServerLaunchHandler.lambda$makeService$0(CommonServerLaunchHandler.java:27) ~[fmlloader-1.20.1-47.4.0.jar%2369!/:?]
	at cpw.mods.modlauncher.LaunchServiceHandlerDecorator.launch(LaunchServiceHandlerDecorator.java:30) ~[modlauncher-10.0.9.jar%2355!/:?]
	at cpw.mods.modlauncher.LaunchServiceHandler.launch(LaunchServiceHandler.java:53) ~[modlauncher-10.0.9.jar%2355!/:?]
	at cpw.mods.modlauncher.LaunchServiceHandler.launch(LaunchServiceHandler.java:71) ~[modlauncher-10.0.9.jar%2355!/:?]
	at cpw.mods.modlauncher.Launcher.run(Launcher.java:108) ~[modlauncher-10.0.9.jar%2355!/:?]
	at cpw.mods.modlauncher.Launcher.main(Launcher.java:78) ~[modlauncher-10.0.9.jar%2355!/:?]
	at cpw.mods.modlauncher.BootstrapLaunchConsumer.accept(BootstrapLaunchConsumer.java:26) ~[modlauncher-10.0.9.jar%2355!/:?]
	at cpw.mods.modlauncher.BootstrapLaunchConsumer.accept(BootstrapLaunchConsumer.java:23) ~[modlauncher-10.0.9.jar%2355!/:?]
	at cpw.mods.bootstraplauncher.BootstrapLauncher.main(BootstrapLauncher.java:141) ~[bootstraplauncher-1.1.2.jar:?]
[07Apr2025 12:31:04.252] [main/ERROR] [Apotheosis : Adventure/]: Failed to execute ShieldBreakerTest
java.lang.NullPointerException: Cannot invoke "net.minecraft.world.entity.LivingEntity.m_213824_()" because "attacker" is null
	at net.minecraftforge.common.extensions.IForgeItem.canDisableShield(IForgeItem.java:695) ~[forge-1.20.1-47.4.0-universal.jar%23576!/:?]
	at net.minecraftforge.common.extensions.IForgeItemStack.canDisableShield(IForgeItemStack.java:233) ~[forge-1.20.1-47.4.0-universal.jar%23576!/:?]
	at dev.shadowsoffire.apotheosis.adventure.loot.ShieldBreakerTest.test(ShieldBreakerTest.java:48) ~[Apotheosis-1.20.1-7.4.6.jar%23348!/:7.4.6]
	at dev.shadowsoffire.apotheosis.adventure.loot.ShieldBreakerTest.test(ShieldBreakerTest.java:25) ~[Apotheosis-1.20.1-7.4.6.jar%23348!/:7.4.6]
	at dev.shadowsoffire.apotheosis.adventure.loot.LootCategory.isValid(LootCategory.java:89) ~[Apotheosis-1.20.1-7.4.6.jar%23348!/:7.4.6]
	at dev.shadowsoffire.apotheosis.adventure.loot.LootCategory.forItem(LootCategory.java:182) ~[Apotheosis-1.20.1-7.4.6.jar%23348!/:7.4.6]
	at dev.shadowsoffire.apotheosis.adventure.loot.AffixLootEntry.getType(AffixLootEntry.java:91) ~[Apotheosis-1.20.1-7.4.6.jar%23348!/:7.4.6]
	at dev.shadowsoffire.apotheosis.adventure.loot.AffixLootRegistry.validateItem(AffixLootRegistry.java:30) ~[Apotheosis-1.20.1-7.4.6.jar%23348!/:7.4.6]
	at dev.shadowsoffire.apotheosis.adventure.loot.AffixLootRegistry.validateItem(AffixLootRegistry.java:13) ~[Apotheosis-1.20.1-7.4.6.jar%23348!/:7.4.6]
	at dev.shadowsoffire.placebo.reload.DynamicRegistry.register(DynamicRegistry.java:322) ~[Placebo-1.20.1-8.6.3.jar%23501!/:8.6.3]
	at dev.shadowsoffire.placebo.reload.DynamicRegistry.lambda$apply$0(DynamicRegistry.java:143) ~[Placebo-1.20.1-8.6.3.jar%23501!/:8.6.3]
	at java.util.HashMap.forEach(HashMap.java:1421) ~[?:?]
	at dev.shadowsoffire.placebo.reload.DynamicRegistry.apply(DynamicRegistry.java:136) ~[Placebo-1.20.1-8.6.3.jar%23501!/:8.6.3]
	at dev.shadowsoffire.placebo.reload.DynamicRegistry.m_5787_(DynamicRegistry.java:62) ~[Placebo-1.20.1-8.6.3.jar%23501!/:8.6.3]
	at net.minecraft.server.packs.resources.SimplePreparableReloadListener.m_10789_(SimplePreparableReloadListener.java:13) ~[server-1.20.1-20230612.114412-srg.jar%23571!/:?]
	at java.util.concurrent.CompletableFuture$UniAccept.tryFire(CompletableFuture.java:718) ~[?:?]
	at java.util.concurrent.CompletableFuture$Completion.run(CompletableFuture.java:482) ~[?:?]
	at net.minecraft.server.packs.resources.SimpleReloadInstance.m_143940_(SimpleReloadInstance.java:69) ~[server-1.20.1-20230612.114412-srg.jar%23571!/:?]
	at net.minecraft.Util.m_214652_(Util.java:783) ~[server-1.20.1-20230612.114412-srg.jar%23571!/:?]
	at net.minecraft.Util.m_214679_(Util.java:772) ~[server-1.20.1-20230612.114412-srg.jar%23571!/:?]
	at net.minecraft.server.Main.main(Main.java:166) ~[server-1.20.1-20230612.114412-srg.jar%23571!/:?]
	at jdk.internal.reflect.NativeMethodAccessorImpl.invoke0(Native Method) ~[?:?]
	at jdk.internal.reflect.NativeMethodAccessorImpl.invoke(NativeMethodAccessorImpl.java:77) ~[?:?]
	at jdk.internal.reflect.DelegatingMethodAccessorImpl.invoke(DelegatingMethodAccessorImpl.java:43) ~[?:?]
	at java.lang.reflect.Method.invoke(Method.java:569) ~[?:?]
	at net.minecraftforge.fml.loading.targets.CommonLaunchHandler.runTarget(CommonLaunchHandler.java:111) ~[fmlloader-1.20.1-47.4.0.jar%2369!/:?]
	at net.minecraftforge.fml.loading.targets.CommonLaunchHandler.serverService(CommonLaunchHandler.java:103) ~[fmlloader-1.20.1-47.4.0.jar%2369!/:?]
	at net.minecraftforge.fml.loading.targets.CommonServerLaunchHandler.lambda$makeService$0(CommonServerLaunchHandler.java:27) ~[fmlloader-1.20.1-47.4.0.jar%2369!/:?]
	at cpw.mods.modlauncher.LaunchServiceHandlerDecorator.launch(LaunchServiceHandlerDecorator.java:30) ~[modlauncher-10.0.9.jar%2355!/:?]
	at cpw.mods.modlauncher.LaunchServiceHandler.launch(LaunchServiceHandler.java:53) ~[modlauncher-10.0.9.jar%2355!/:?]
	at cpw.mods.modlauncher.LaunchServiceHandler.launch(LaunchServiceHandler.java:71) ~[modlauncher-10.0.9.jar%2355!/:?]
	at cpw.mods.modlauncher.Launcher.run(Launcher.java:108) ~[modlauncher-10.0.9.jar%2355!/:?]
	at cpw.mods.modlauncher.Launcher.main(Launcher.java:78) ~[modlauncher-10.0.9.jar%2355!/:?]
	at cpw.mods.modlauncher.BootstrapLaunchConsumer.accept(BootstrapLaunchConsumer.java:26) ~[modlauncher-10.0.9.jar%2355!/:?]
	at cpw.mods.modlauncher.BootstrapLaunchConsumer.accept(BootstrapLaunchConsumer.java:23) ~[modlauncher-10.0.9.jar%2355!/:?]
	at cpw.mods.bootstraplauncher.BootstrapLauncher.main(BootstrapLauncher.java:141) ~[bootstraplauncher-1.1.2.jar:?]
[07Apr2025 12:31:04.253] [main/ERROR] [Apotheosis : Adventure/]: Failed to execute ShieldBreakerTest
java.lang.NullPointerException: Cannot invoke "net.minecraft.world.entity.LivingEntity.m_213824_()" because "attacker" is null
	at net.minecraftforge.common.extensions.IForgeItem.canDisableShield(IForgeItem.java:695) ~[forge-1.20.1-47.4.0-universal.jar%23576!/:?]
	at net.minecraftforge.common.extensions.IForgeItemStack.canDisableShield(IForgeItemStack.java:233) ~[forge-1.20.1-47.4.0-universal.jar%23576!/:?]
	at dev.shadowsoffire.apotheosis.adventure.loot.ShieldBreakerTest.test(ShieldBreakerTest.java:48) ~[Apotheosis-1.20.1-7.4.6.jar%23348!/:7.4.6]
	at dev.shadowsoffire.apotheosis.adventure.loot.ShieldBreakerTest.test(ShieldBreakerTest.java:25) ~[Apotheosis-1.20.1-7.4.6.jar%23348!/:7.4.6]
	at dev.shadowsoffire.apotheosis.adventure.loot.LootCategory.isValid(LootCategory.java:89) ~[Apotheosis-1.20.1-7.4.6.jar%23348!/:7.4.6]
	at dev.shadowsoffire.apotheosis.adventure.loot.LootCategory.forItem(LootCategory.java:182) ~[Apotheosis-1.20.1-7.4.6.jar%23348!/:7.4.6]
	at dev.shadowsoffire.apotheosis.adventure.loot.AffixLootEntry.getType(AffixLootEntry.java:91) ~[Apotheosis-1.20.1-7.4.6.jar%23348!/:7.4.6]
	at dev.shadowsoffire.apotheosis.adventure.loot.AffixLootRegistry.validateItem(AffixLootRegistry.java:30) ~[Apotheosis-1.20.1-7.4.6.jar%23348!/:7.4.6]
	at dev.shadowsoffire.apotheosis.adventure.loot.AffixLootRegistry.validateItem(AffixLootRegistry.java:13) ~[Apotheosis-1.20.1-7.4.6.jar%23348!/:7.4.6]
	at dev.shadowsoffire.placebo.reload.DynamicRegistry.register(DynamicRegistry.java:322) ~[Placebo-1.20.1-8.6.3.jar%23501!/:8.6.3]
	at dev.shadowsoffire.placebo.reload.DynamicRegistry.lambda$apply$0(DynamicRegistry.java:143) ~[Placebo-1.20.1-8.6.3.jar%23501!/:8.6.3]
	at java.util.HashMap.forEach(HashMap.java:1421) ~[?:?]
	at dev.shadowsoffire.placebo.reload.DynamicRegistry.apply(DynamicRegistry.java:136) ~[Placebo-1.20.1-8.6.3.jar%23501!/:8.6.3]
	at dev.shadowsoffire.placebo.reload.DynamicRegistry.m_5787_(DynamicRegistry.java:62) ~[Placebo-1.20.1-8.6.3.jar%23501!/:8.6.3]
	at net.minecraft.server.packs.resources.SimplePreparableReloadListener.m_10789_(SimplePreparableReloadListener.java:13) ~[server-1.20.1-20230612.114412-srg.jar%23571!/:?]
	at java.util.concurrent.CompletableFuture$UniAccept.tryFire(CompletableFuture.java:718) ~[?:?]
	at java.util.concurrent.CompletableFuture$Completion.run(CompletableFuture.java:482) ~[?:?]
	at net.minecraft.server.packs.resources.SimpleReloadInstance.m_143940_(SimpleReloadInstance.java:69) ~[server-1.20.1-20230612.114412-srg.jar%23571!/:?]
	at net.minecraft.Util.m_214652_(Util.java:783) ~[server-1.20.1-20230612.114412-srg.jar%23571!/:?]
	at net.minecraft.Util.m_214679_(Util.java:772) ~[server-1.20.1-20230612.114412-srg.jar%23571!/:?]
	at net.minecraft.server.Main.main(Main.java:166) ~[server-1.20.1-20230612.114412-srg.jar%23571!/:?]
	at jdk.internal.reflect.NativeMethodAccessorImpl.invoke0(Native Method) ~[?:?]
	at jdk.internal.reflect.NativeMethodAccessorImpl.invoke(NativeMethodAccessorImpl.java:77) ~[?:?]
	at jdk.internal.reflect.DelegatingMethodAccessorImpl.invoke(DelegatingMethodAccessorImpl.java:43) ~[?:?]
	at java.lang.reflect.Method.invoke(Method.java:569) ~[?:?]
	at net.minecraftforge.fml.loading.targets.CommonLaunchHandler.runTarget(CommonLaunchHandler.java:111) ~[fmlloader-1.20.1-47.4.0.jar%2369!/:?]
	at net.minecraftforge.fml.loading.targets.CommonLaunchHandler.serverService(CommonLaunchHandler.java:103) ~[fmlloader-1.20.1-47.4.0.jar%2369!/:?]
	at net.minecraftforge.fml.loading.targets.CommonServerLaunchHandler.lambda$makeService$0(CommonServerLaunchHandler.java:27) ~[fmlloader-1.20.1-47.4.0.jar%2369!/:?]
	at cpw.mods.modlauncher.LaunchServiceHandlerDecorator.launch(LaunchServiceHandlerDecorator.java:30) ~[modlauncher-10.0.9.jar%2355!/:?]
	at cpw.mods.modlauncher.LaunchServiceHandler.launch(LaunchServiceHandler.java:53) ~[modlauncher-10.0.9.jar%2355!/:?]
	at cpw.mods.modlauncher.LaunchServiceHandler.launch(LaunchServiceHandler.java:71) ~[modlauncher-10.0.9.jar%2355!/:?]
	at cpw.mods.modlauncher.Launcher.run(Launcher.java:108) ~[modlauncher-10.0.9.jar%2355!/:?]
	at cpw.mods.modlauncher.Launcher.main(Launcher.java:78) ~[modlauncher-10.0.9.jar%2355!/:?]
	at cpw.mods.modlauncher.BootstrapLaunchConsumer.accept(BootstrapLaunchConsumer.java:26) ~[modlauncher-10.0.9.jar%2355!/:?]
	at cpw.mods.modlauncher.BootstrapLaunchConsumer.accept(BootstrapLaunchConsumer.java:23) ~[modlauncher-10.0.9.jar%2355!/:?]
	at cpw.mods.bootstraplauncher.BootstrapLauncher.main(BootstrapLauncher.java:141) ~[bootstraplauncher-1.1.2.jar:?]
[07Apr2025 12:31:04.254] [main/ERROR] [Apotheosis : Adventure/]: Failed to execute ShieldBreakerTest
java.lang.NullPointerException: Cannot invoke "net.minecraft.world.entity.LivingEntity.m_213824_()" because "attacker" is null
	at net.minecraftforge.common.extensions.IForgeItem.canDisableShield(IForgeItem.java:695) ~[forge-1.20.1-47.4.0-universal.jar%23576!/:?]
	at net.minecraftforge.common.extensions.IForgeItemStack.canDisableShield(IForgeItemStack.java:233) ~[forge-1.20.1-47.4.0-universal.jar%23576!/:?]
	at dev.shadowsoffire.apotheosis.adventure.loot.ShieldBreakerTest.test(ShieldBreakerTest.java:48) ~[Apotheosis-1.20.1-7.4.6.jar%23348!/:7.4.6]
	at dev.shadowsoffire.apotheosis.adventure.loot.ShieldBreakerTest.test(ShieldBreakerTest.java:25) ~[Apotheosis-1.20.1-7.4.6.jar%23348!/:7.4.6]
	at dev.shadowsoffire.apotheosis.adventure.loot.LootCategory.isValid(LootCategory.java:89) ~[Apotheosis-1.20.1-7.4.6.jar%23348!/:7.4.6]
	at dev.shadowsoffire.apotheosis.adventure.loot.LootCategory.forItem(LootCategory.java:182) ~[Apotheosis-1.20.1-7.4.6.jar%23348!/:7.4.6]
	at dev.shadowsoffire.apotheosis.adventure.loot.AffixLootEntry.getType(AffixLootEntry.java:91) ~[Apotheosis-1.20.1-7.4.6.jar%23348!/:7.4.6]
	at dev.shadowsoffire.apotheosis.adventure.loot.AffixLootRegistry.validateItem(AffixLootRegistry.java:30) ~[Apotheosis-1.20.1-7.4.6.jar%23348!/:7.4.6]
	at dev.shadowsoffire.apotheosis.adventure.loot.AffixLootRegistry.validateItem(AffixLootRegistry.java:13) ~[Apotheosis-1.20.1-7.4.6.jar%23348!/:7.4.6]
	at dev.shadowsoffire.placebo.reload.DynamicRegistry.register(DynamicRegistry.java:322) ~[Placebo-1.20.1-8.6.3.jar%23501!/:8.6.3]
	at dev.shadowsoffire.placebo.reload.DynamicRegistry.lambda$apply$0(DynamicRegistry.java:143) ~[Placebo-1.20.1-8.6.3.jar%23501!/:8.6.3]
	at java.util.HashMap.forEach(HashMap.java:1421) ~[?:?]
	at dev.shadowsoffire.placebo.reload.DynamicRegistry.apply(DynamicRegistry.java:136) ~[Placebo-1.20.1-8.6.3.jar%23501!/:8.6.3]
	at dev.shadowsoffire.placebo.reload.DynamicRegistry.m_5787_(DynamicRegistry.java:62) ~[Placebo-1.20.1-8.6.3.jar%23501!/:8.6.3]
	at net.minecraft.server.packs.resources.SimplePreparableReloadListener.m_10789_(SimplePreparableReloadListener.java:13) ~[server-1.20.1-20230612.114412-srg.jar%23571!/:?]
	at java.util.concurrent.CompletableFuture$UniAccept.tryFire(CompletableFuture.java:718) ~[?:?]
	at java.util.concurrent.CompletableFuture$Completion.run(CompletableFuture.java:482) ~[?:?]
	at net.minecraft.server.packs.resources.SimpleReloadInstance.m_143940_(SimpleReloadInstance.java:69) ~[server-1.20.1-20230612.114412-srg.jar%23571!/:?]
	at net.minecraft.Util.m_214652_(Util.java:783) ~[server-1.20.1-20230612.114412-srg.jar%23571!/:?]
	at net.minecraft.Util.m_214679_(Util.java:772) ~[server-1.20.1-20230612.114412-srg.jar%23571!/:?]
	at net.minecraft.server.Main.main(Main.java:166) ~[server-1.20.1-20230612.114412-srg.jar%23571!/:?]
	at jdk.internal.reflect.NativeMethodAccessorImpl.invoke0(Native Method) ~[?:?]
	at jdk.internal.reflect.NativeMethodAccessorImpl.invoke(NativeMethodAccessorImpl.java:77) ~[?:?]
	at jdk.internal.reflect.DelegatingMethodAccessorImpl.invoke(DelegatingMethodAccessorImpl.java:43) ~[?:?]
	at java.lang.reflect.Method.invoke(Method.java:569) ~[?:?]
	at net.minecraftforge.fml.loading.targets.CommonLaunchHandler.runTarget(CommonLaunchHandler.java:111) ~[fmlloader-1.20.1-47.4.0.jar%2369!/:?]
	at net.minecraftforge.fml.loading.targets.CommonLaunchHandler.serverService(CommonLaunchHandler.java:103) ~[fmlloader-1.20.1-47.4.0.jar%2369!/:?]
	at net.minecraftforge.fml.loading.targets.CommonServerLaunchHandler.lambda$makeService$0(CommonServerLaunchHandler.java:27) ~[fmlloader-1.20.1-47.4.0.jar%2369!/:?]
	at cpw.mods.modlauncher.LaunchServiceHandlerDecorator.launch(LaunchServiceHandlerDecorator.java:30) ~[modlauncher-10.0.9.jar%2355!/:?]
	at cpw.mods.modlauncher.LaunchServiceHandler.launch(LaunchServiceHandler.java:53) ~[modlauncher-10.0.9.jar%2355!/:?]
	at cpw.mods.modlauncher.LaunchServiceHandler.launch(LaunchServiceHandler.java:71) ~[modlauncher-10.0.9.jar%2355!/:?]
	at cpw.mods.modlauncher.Launcher.run(Launcher.java:108) ~[modlauncher-10.0.9.jar%2355!/:?]
	at cpw.mods.modlauncher.Launcher.main(Launcher.java:78) ~[modlauncher-10.0.9.jar%2355!/:?]
	at cpw.mods.modlauncher.BootstrapLaunchConsumer.accept(BootstrapLaunchConsumer.java:26) ~[modlauncher-10.0.9.jar%2355!/:?]
	at cpw.mods.modlauncher.BootstrapLaunchConsumer.accept(BootstrapLaunchConsumer.java:23) ~[modlauncher-10.0.9.jar%2355!/:?]
	at cpw.mods.bootstraplauncher.BootstrapLauncher.main(BootstrapLauncher.java:141) ~[bootstraplauncher-1.1.2.jar:?]
[07Apr2025 12:31:04.255] [main/ERROR] [Apotheosis : Adventure/]: Failed to execute ShieldBreakerTest
java.lang.NullPointerException: Cannot invoke "net.minecraft.world.entity.LivingEntity.m_213824_()" because "attacker" is null
	at net.minecraftforge.common.extensions.IForgeItem.canDisableShield(IForgeItem.java:695) ~[forge-1.20.1-47.4.0-universal.jar%23576!/:?]
	at net.minecraftforge.common.extensions.IForgeItemStack.canDisableShield(IForgeItemStack.java:233) ~[forge-1.20.1-47.4.0-universal.jar%23576!/:?]
	at dev.shadowsoffire.apotheosis.adventure.loot.ShieldBreakerTest.test(ShieldBreakerTest.java:48) ~[Apotheosis-1.20.1-7.4.6.jar%23348!/:7.4.6]
	at dev.shadowsoffire.apotheosis.adventure.loot.ShieldBreakerTest.test(ShieldBreakerTest.java:25) ~[Apotheosis-1.20.1-7.4.6.jar%23348!/:7.4.6]
	at dev.shadowsoffire.apotheosis.adventure.loot.LootCategory.isValid(LootCategory.java:89) ~[Apotheosis-1.20.1-7.4.6.jar%23348!/:7.4.6]
	at dev.shadowsoffire.apotheosis.adventure.loot.LootCategory.forItem(LootCategory.java:182) ~[Apotheosis-1.20.1-7.4.6.jar%23348!/:7.4.6]
	at dev.shadowsoffire.apotheosis.adventure.loot.AffixLootEntry.getType(AffixLootEntry.java:91) ~[Apotheosis-1.20.1-7.4.6.jar%23348!/:7.4.6]
	at dev.shadowsoffire.apotheosis.adventure.loot.AffixLootRegistry.validateItem(AffixLootRegistry.java:30) ~[Apotheosis-1.20.1-7.4.6.jar%23348!/:7.4.6]
	at dev.shadowsoffire.apotheosis.adventure.loot.AffixLootRegistry.validateItem(AffixLootRegistry.java:13) ~[Apotheosis-1.20.1-7.4.6.jar%23348!/:7.4.6]
	at dev.shadowsoffire.placebo.reload.DynamicRegistry.register(DynamicRegistry.java:322) ~[Placebo-1.20.1-8.6.3.jar%23501!/:8.6.3]
	at dev.shadowsoffire.placebo.reload.DynamicRegistry.lambda$apply$0(DynamicRegistry.java:143) ~[Placebo-1.20.1-8.6.3.jar%23501!/:8.6.3]
	at java.util.HashMap.forEach(HashMap.java:1421) ~[?:?]
	at dev.shadowsoffire.placebo.reload.DynamicRegistry.apply(DynamicRegistry.java:136) ~[Placebo-1.20.1-8.6.3.jar%23501!/:8.6.3]
	at dev.shadowsoffire.placebo.reload.DynamicRegistry.m_5787_(DynamicRegistry.java:62) ~[Placebo-1.20.1-8.6.3.jar%23501!/:8.6.3]
	at net.minecraft.server.packs.resources.SimplePreparableReloadListener.m_10789_(SimplePreparableReloadListener.java:13) ~[server-1.20.1-20230612.114412-srg.jar%23571!/:?]
	at java.util.concurrent.CompletableFuture$UniAccept.tryFire(CompletableFuture.java:718) ~[?:?]
	at java.util.concurrent.CompletableFuture$Completion.run(CompletableFuture.java:482) ~[?:?]
	at net.minecraft.server.packs.resources.SimpleReloadInstance.m_143940_(SimpleReloadInstance.java:69) ~[server-1.20.1-20230612.114412-srg.jar%23571!/:?]
	at net.minecraft.Util.m_214652_(Util.java:783) ~[server-1.20.1-20230612.114412-srg.jar%23571!/:?]
	at net.minecraft.Util.m_214679_(Util.java:772) ~[server-1.20.1-20230612.114412-srg.jar%23571!/:?]
	at net.minecraft.server.Main.main(Main.java:166) ~[server-1.20.1-20230612.114412-srg.jar%23571!/:?]
	at jdk.internal.reflect.NativeMethodAccessorImpl.invoke0(Native Method) ~[?:?]
	at jdk.internal.reflect.NativeMethodAccessorImpl.invoke(NativeMethodAccessorImpl.java:77) ~[?:?]
	at jdk.internal.reflect.DelegatingMethodAccessorImpl.invoke(DelegatingMethodAccessorImpl.java:43) ~[?:?]
	at java.lang.reflect.Method.invoke(Method.java:569) ~[?:?]
	at net.minecraftforge.fml.loading.targets.CommonLaunchHandler.runTarget(CommonLaunchHandler.java:111) ~[fmlloader-1.20.1-47.4.0.jar%2369!/:?]
	at net.minecraftforge.fml.loading.targets.CommonLaunchHandler.serverService(CommonLaunchHandler.java:103) ~[fmlloader-1.20.1-47.4.0.jar%2369!/:?]
	at net.minecraftforge.fml.loading.targets.CommonServerLaunchHandler.lambda$makeService$0(CommonServerLaunchHandler.java:27) ~[fmlloader-1.20.1-47.4.0.jar%2369!/:?]
	at cpw.mods.modlauncher.LaunchServiceHandlerDecorator.launch(LaunchServiceHandlerDecorator.java:30) ~[modlauncher-10.0.9.jar%2355!/:?]
	at cpw.mods.modlauncher.LaunchServiceHandler.launch(LaunchServiceHandler.java:53) ~[modlauncher-10.0.9.jar%2355!/:?]
	at cpw.mods.modlauncher.LaunchServiceHandler.launch(LaunchServiceHandler.java:71) ~[modlauncher-10.0.9.jar%2355!/:?]
	at cpw.mods.modlauncher.Launcher.run(Launcher.java:108) ~[modlauncher-10.0.9.jar%2355!/:?]
	at cpw.mods.modlauncher.Launcher.main(Launcher.java:78) ~[modlauncher-10.0.9.jar%2355!/:?]
	at cpw.mods.modlauncher.BootstrapLaunchConsumer.accept(BootstrapLaunchConsumer.java:26) ~[modlauncher-10.0.9.jar%2355!/:?]
	at cpw.mods.modlauncher.BootstrapLaunchConsumer.accept(BootstrapLaunchConsumer.java:23) ~[modlauncher-10.0.9.jar%2355!/:?]
	at cpw.mods.bootstraplauncher.BootstrapLauncher.main(BootstrapLauncher.java:141) ~[bootstraplauncher-1.1.2.jar:?]
[07Apr2025 12:31:04.256] [main/ERROR] [Apotheosis : Adventure/]: Failed to execute ShieldBreakerTest
java.lang.NullPointerException: Cannot invoke "net.minecraft.world.entity.LivingEntity.m_213824_()" because "attacker" is null
	at net.minecraftforge.common.extensions.IForgeItem.canDisableShield(IForgeItem.java:695) ~[forge-1.20.1-47.4.0-universal.jar%23576!/:?]
	at net.minecraftforge.common.extensions.IForgeItemStack.canDisableShield(IForgeItemStack.java:233) ~[forge-1.20.1-47.4.0-universal.jar%23576!/:?]
	at dev.shadowsoffire.apotheosis.adventure.loot.ShieldBreakerTest.test(ShieldBreakerTest.java:48) ~[Apotheosis-1.20.1-7.4.6.jar%23348!/:7.4.6]
	at dev.shadowsoffire.apotheosis.adventure.loot.ShieldBreakerTest.test(ShieldBreakerTest.java:25) ~[Apotheosis-1.20.1-7.4.6.jar%23348!/:7.4.6]
	at dev.shadowsoffire.apotheosis.adventure.loot.LootCategory.isValid(LootCategory.java:89) ~[Apotheosis-1.20.1-7.4.6.jar%23348!/:7.4.6]
	at dev.shadowsoffire.apotheosis.adventure.loot.LootCategory.forItem(LootCategory.java:182) ~[Apotheosis-1.20.1-7.4.6.jar%23348!/:7.4.6]
	at dev.shadowsoffire.apotheosis.adventure.loot.AffixLootEntry.getType(AffixLootEntry.java:91) ~[Apotheosis-1.20.1-7.4.6.jar%23348!/:7.4.6]
	at dev.shadowsoffire.apotheosis.adventure.loot.AffixLootRegistry.validateItem(AffixLootRegistry.java:30) ~[Apotheosis-1.20.1-7.4.6.jar%23348!/:7.4.6]
	at dev.shadowsoffire.apotheosis.adventure.loot.AffixLootRegistry.validateItem(AffixLootRegistry.java:13) ~[Apotheosis-1.20.1-7.4.6.jar%23348!/:7.4.6]
	at dev.shadowsoffire.placebo.reload.DynamicRegistry.register(DynamicRegistry.java:322) ~[Placebo-1.20.1-8.6.3.jar%23501!/:8.6.3]
	at dev.shadowsoffire.placebo.reload.DynamicRegistry.lambda$apply$0(DynamicRegistry.java:143) ~[Placebo-1.20.1-8.6.3.jar%23501!/:8.6.3]
	at java.util.HashMap.forEach(HashMap.java:1421) ~[?:?]
	at dev.shadowsoffire.placebo.reload.DynamicRegistry.apply(DynamicRegistry.java:136) ~[Placebo-1.20.1-8.6.3.jar%23501!/:8.6.3]
	at dev.shadowsoffire.placebo.reload.DynamicRegistry.m_5787_(DynamicRegistry.java:62) ~[Placebo-1.20.1-8.6.3.jar%23501!/:8.6.3]
	at net.minecraft.server.packs.resources.SimplePreparableReloadListener.m_10789_(SimplePreparableReloadListener.java:13) ~[server-1.20.1-20230612.114412-srg.jar%23571!/:?]
	at java.util.concurrent.CompletableFuture$UniAccept.tryFire(CompletableFuture.java:718) ~[?:?]
	at java.util.concurrent.CompletableFuture$Completion.run(CompletableFuture.java:482) ~[?:?]
	at net.minecraft.server.packs.resources.SimpleReloadInstance.m_143940_(SimpleReloadInstance.java:69) ~[server-1.20.1-20230612.114412-srg.jar%23571!/:?]
	at net.minecraft.Util.m_214652_(Util.java:783) ~[server-1.20.1-20230612.114412-srg.jar%23571!/:?]
	at net.minecraft.Util.m_214679_(Util.java:772) ~[server-1.20.1-20230612.114412-srg.jar%23571!/:?]
	at net.minecraft.server.Main.main(Main.java:166) ~[server-1.20.1-20230612.114412-srg.jar%23571!/:?]
	at jdk.internal.reflect.NativeMethodAccessorImpl.invoke0(Native Method) ~[?:?]
	at jdk.internal.reflect.NativeMethodAccessorImpl.invoke(NativeMethodAccessorImpl.java:77) ~[?:?]
	at jdk.internal.reflect.DelegatingMethodAccessorImpl.invoke(DelegatingMethodAccessorImpl.java:43) ~[?:?]
	at java.lang.reflect.Method.invoke(Method.java:569) ~[?:?]
	at net.minecraftforge.fml.loading.targets.CommonLaunchHandler.runTarget(CommonLaunchHandler.java:111) ~[fmlloader-1.20.1-47.4.0.jar%2369!/:?]
	at net.minecraftforge.fml.loading.targets.CommonLaunchHandler.serverService(CommonLaunchHandler.java:103) ~[fmlloader-1.20.1-47.4.0.jar%2369!/:?]
	at net.minecraftforge.fml.loading.targets.CommonServerLaunchHandler.lambda$makeService$0(CommonServerLaunchHandler.java:27) ~[fmlloader-1.20.1-47.4.0.jar%2369!/:?]
	at cpw.mods.modlauncher.LaunchServiceHandlerDecorator.launch(LaunchServiceHandlerDecorator.java:30) ~[modlauncher-10.0.9.jar%2355!/:?]
	at cpw.mods.modlauncher.LaunchServiceHandler.launch(LaunchServiceHandler.java:53) ~[modlauncher-10.0.9.jar%2355!/:?]
	at cpw.mods.modlauncher.LaunchServiceHandler.launch(LaunchServiceHandler.java:71) ~[modlauncher-10.0.9.jar%2355!/:?]
	at cpw.mods.modlauncher.Launcher.run(Launcher.java:108) ~[modlauncher-10.0.9.jar%2355!/:?]
	at cpw.mods.modlauncher.Launcher.main(Launcher.java:78) ~[modlauncher-10.0.9.jar%2355!/:?]
	at cpw.mods.modlauncher.BootstrapLaunchConsumer.accept(BootstrapLaunchConsumer.java:26) ~[modlauncher-10.0.9.jar%2355!/:?]
	at cpw.mods.modlauncher.BootstrapLaunchConsumer.accept(BootstrapLaunchConsumer.java:23) ~[modlauncher-10.0.9.jar%2355!/:?]
	at cpw.mods.bootstraplauncher.BootstrapLauncher.main(BootstrapLauncher.java:141) ~[bootstraplauncher-1.1.2.jar:?]
[07Apr2025 12:31:04.257] [main/ERROR] [Apotheosis : Adventure/]: Failed to execute ShieldBreakerTest
java.lang.NullPointerException: Cannot invoke "net.minecraft.world.entity.LivingEntity.m_213824_()" because "attacker" is null
	at net.minecraftforge.common.extensions.IForgeItem.canDisableShield(IForgeItem.java:695) ~[forge-1.20.1-47.4.0-universal.jar%23576!/:?]
	at net.minecraftforge.common.extensions.IForgeItemStack.canDisableShield(IForgeItemStack.java:233) ~[forge-1.20.1-47.4.0-universal.jar%23576!/:?]
	at dev.shadowsoffire.apotheosis.adventure.loot.ShieldBreakerTest.test(ShieldBreakerTest.java:48) ~[Apotheosis-1.20.1-7.4.6.jar%23348!/:7.4.6]
	at dev.shadowsoffire.apotheosis.adventure.loot.ShieldBreakerTest.test(ShieldBreakerTest.java:25) ~[Apotheosis-1.20.1-7.4.6.jar%23348!/:7.4.6]
	at dev.shadowsoffire.apotheosis.adventure.loot.LootCategory.isValid(LootCategory.java:89) ~[Apotheosis-1.20.1-7.4.6.jar%23348!/:7.4.6]
	at dev.shadowsoffire.apotheosis.adventure.loot.LootCategory.forItem(LootCategory.java:182) ~[Apotheosis-1.20.1-7.4.6.jar%23348!/:7.4.6]
	at dev.shadowsoffire.apotheosis.adventure.loot.AffixLootEntry.getType(AffixLootEntry.java:91) ~[Apotheosis-1.20.1-7.4.6.jar%23348!/:7.4.6]
	at dev.shadowsoffire.apotheosis.adventure.loot.AffixLootRegistry.validateItem(AffixLootRegistry.java:30) ~[Apotheosis-1.20.1-7.4.6.jar%23348!/:7.4.6]
	at dev.shadowsoffire.apotheosis.adventure.loot.AffixLootRegistry.validateItem(AffixLootRegistry.java:13) ~[Apotheosis-1.20.1-7.4.6.jar%23348!/:7.4.6]
	at dev.shadowsoffire.placebo.reload.DynamicRegistry.register(DynamicRegistry.java:322) ~[Placebo-1.20.1-8.6.3.jar%23501!/:8.6.3]
	at dev.shadowsoffire.placebo.reload.DynamicRegistry.lambda$apply$0(DynamicRegistry.java:143) ~[Placebo-1.20.1-8.6.3.jar%23501!/:8.6.3]
	at java.util.HashMap.forEach(HashMap.java:1421) ~[?:?]
	at dev.shadowsoffire.placebo.reload.DynamicRegistry.apply(DynamicRegistry.java:136) ~[Placebo-1.20.1-8.6.3.jar%23501!/:8.6.3]
	at dev.shadowsoffire.placebo.reload.DynamicRegistry.m_5787_(DynamicRegistry.java:62) ~[Placebo-1.20.1-8.6.3.jar%23501!/:8.6.3]
	at net.minecraft.server.packs.resources.SimplePreparableReloadListener.m_10789_(SimplePreparableReloadListener.java:13) ~[server-1.20.1-20230612.114412-srg.jar%23571!/:?]
	at java.util.concurrent.CompletableFuture$UniAccept.tryFire(CompletableFuture.java:718) ~[?:?]
	at java.util.concurrent.CompletableFuture$Completion.run(CompletableFuture.java:482) ~[?:?]
	at net.minecraft.server.packs.resources.SimpleReloadInstance.m_143940_(SimpleReloadInstance.java:69) ~[server-1.20.1-20230612.114412-srg.jar%23571!/:?]
	at net.minecraft.Util.m_214652_(Util.java:783) ~[server-1.20.1-20230612.114412-srg.jar%23571!/:?]
	at net.minecraft.Util.m_214679_(Util.java:772) ~[server-1.20.1-20230612.114412-srg.jar%23571!/:?]
	at net.minecraft.server.Main.main(Main.java:166) ~[server-1.20.1-20230612.114412-srg.jar%23571!/:?]
	at jdk.internal.reflect.NativeMethodAccessorImpl.invoke0(Native Method) ~[?:?]
	at jdk.internal.reflect.NativeMethodAccessorImpl.invoke(NativeMethodAccessorImpl.java:77) ~[?:?]
	at jdk.internal.reflect.DelegatingMethodAccessorImpl.invoke(DelegatingMethodAccessorImpl.java:43) ~[?:?]
	at java.lang.reflect.Method.invoke(Method.java:569) ~[?:?]
	at net.minecraftforge.fml.loading.targets.CommonLaunchHandler.runTarget(CommonLaunchHandler.java:111) ~[fmlloader-1.20.1-47.4.0.jar%2369!/:?]
	at net.minecraftforge.fml.loading.targets.CommonLaunchHandler.serverService(CommonLaunchHandler.java:103) ~[fmlloader-1.20.1-47.4.0.jar%2369!/:?]
	at net.minecraftforge.fml.loading.targets.CommonServerLaunchHandler.lambda$makeService$0(CommonServerLaunchHandler.java:27) ~[fmlloader-1.20.1-47.4.0.jar%2369!/:?]
	at cpw.mods.modlauncher.LaunchServiceHandlerDecorator.launch(LaunchServiceHandlerDecorator.java:30) ~[modlauncher-10.0.9.jar%2355!/:?]
	at cpw.mods.modlauncher.LaunchServiceHandler.launch(LaunchServiceHandler.java:53) ~[modlauncher-10.0.9.jar%2355!/:?]
	at cpw.mods.modlauncher.LaunchServiceHandler.launch(LaunchServiceHandler.java:71) ~[modlauncher-10.0.9.jar%2355!/:?]
	at cpw.mods.modlauncher.Launcher.run(Launcher.java:108) ~[modlauncher-10.0.9.jar%2355!/:?]
	at cpw.mods.modlauncher.Launcher.main(Launcher.java:78) ~[modlauncher-10.0.9.jar%2355!/:?]
	at cpw.mods.modlauncher.BootstrapLaunchConsumer.accept(BootstrapLaunchConsumer.java:26) ~[modlauncher-10.0.9.jar%2355!/:?]
	at cpw.mods.modlauncher.BootstrapLaunchConsumer.accept(BootstrapLaunchConsumer.java:23) ~[modlauncher-10.0.9.jar%2355!/:?]
	at cpw.mods.bootstraplauncher.BootstrapLauncher.main(BootstrapLauncher.java:141) ~[bootstraplauncher-1.1.2.jar:?]
[07Apr2025 12:31:04.258] [main/ERROR] [Apotheosis : Adventure/]: Failed to execute ShieldBreakerTest
java.lang.NullPointerException: Cannot invoke "net.minecraft.world.entity.LivingEntity.m_213824_()" because "attacker" is null
	at net.minecraftforge.common.extensions.IForgeItem.canDisableShield(IForgeItem.java:695) ~[forge-1.20.1-47.4.0-universal.jar%23576!/:?]
	at net.minecraftforge.common.extensions.IForgeItemStack.canDisableShield(IForgeItemStack.java:233) ~[forge-1.20.1-47.4.0-universal.jar%23576!/:?]
	at dev.shadowsoffire.apotheosis.adventure.loot.ShieldBreakerTest.test(ShieldBreakerTest.java:48) ~[Apotheosis-1.20.1-7.4.6.jar%23348!/:7.4.6]
	at dev.shadowsoffire.apotheosis.adventure.loot.ShieldBreakerTest.test(ShieldBreakerTest.java:25) ~[Apotheosis-1.20.1-7.4.6.jar%23348!/:7.4.6]
	at dev.shadowsoffire.apotheosis.adventure.loot.LootCategory.isValid(LootCategory.java:89) ~[Apotheosis-1.20.1-7.4.6.jar%23348!/:7.4.6]
	at dev.shadowsoffire.apotheosis.adventure.loot.LootCategory.forItem(LootCategory.java:182) ~[Apotheosis-1.20.1-7.4.6.jar%23348!/:7.4.6]
	at dev.shadowsoffire.apotheosis.adventure.loot.AffixLootEntry.getType(AffixLootEntry.java:91) ~[Apotheosis-1.20.1-7.4.6.jar%23348!/:7.4.6]
	at dev.shadowsoffire.apotheosis.adventure.loot.AffixLootRegistry.validateItem(AffixLootRegistry.java:30) ~[Apotheosis-1.20.1-7.4.6.jar%23348!/:7.4.6]
	at dev.shadowsoffire.apotheosis.adventure.loot.AffixLootRegistry.validateItem(AffixLootRegistry.java:13) ~[Apotheosis-1.20.1-7.4.6.jar%23348!/:7.4.6]
	at dev.shadowsoffire.placebo.reload.DynamicRegistry.register(DynamicRegistry.java:322) ~[Placebo-1.20.1-8.6.3.jar%23501!/:8.6.3]
	at dev.shadowsoffire.placebo.reload.DynamicRegistry.lambda$apply$0(DynamicRegistry.java:143) ~[Placebo-1.20.1-8.6.3.jar%23501!/:8.6.3]
	at java.util.HashMap.forEach(HashMap.java:1421) ~[?:?]
	at dev.shadowsoffire.placebo.reload.DynamicRegistry.apply(DynamicRegistry.java:136) ~[Placebo-1.20.1-8.6.3.jar%23501!/:8.6.3]
	at dev.shadowsoffire.placebo.reload.DynamicRegistry.m_5787_(DynamicRegistry.java:62) ~[Placebo-1.20.1-8.6.3.jar%23501!/:8.6.3]
	at net.minecraft.server.packs.resources.SimplePreparableReloadListener.m_10789_(SimplePreparableReloadListener.java:13) ~[server-1.20.1-20230612.114412-srg.jar%23571!/:?]
	at java.util.concurrent.CompletableFuture$UniAccept.tryFire(CompletableFuture.java:718) ~[?:?]
	at java.util.concurrent.CompletableFuture$Completion.run(CompletableFuture.java:482) ~[?:?]
	at net.minecraft.server.packs.resources.SimpleReloadInstance.m_143940_(SimpleReloadInstance.java:69) ~[server-1.20.1-20230612.114412-srg.jar%23571!/:?]
	at net.minecraft.Util.m_214652_(Util.java:783) ~[server-1.20.1-20230612.114412-srg.jar%23571!/:?]
	at net.minecraft.Util.m_214679_(Util.java:772) ~[server-1.20.1-20230612.114412-srg.jar%23571!/:?]
	at net.minecraft.server.Main.main(Main.java:166) ~[server-1.20.1-20230612.114412-srg.jar%23571!/:?]
	at jdk.internal.reflect.NativeMethodAccessorImpl.invoke0(Native Method) ~[?:?]
	at jdk.internal.reflect.NativeMethodAccessorImpl.invoke(NativeMethodAccessorImpl.java:77) ~[?:?]
	at jdk.internal.reflect.DelegatingMethodAccessorImpl.invoke(DelegatingMethodAccessorImpl.java:43) ~[?:?]
	at java.lang.reflect.Method.invoke(Method.java:569) ~[?:?]
	at net.minecraftforge.fml.loading.targets.CommonLaunchHandler.runTarget(CommonLaunchHandler.java:111) ~[fmlloader-1.20.1-47.4.0.jar%2369!/:?]
	at net.minecraftforge.fml.loading.targets.CommonLaunchHandler.serverService(CommonLaunchHandler.java:103) ~[fmlloader-1.20.1-47.4.0.jar%2369!/:?]
	at net.minecraftforge.fml.loading.targets.CommonServerLaunchHandler.lambda$makeService$0(CommonServerLaunchHandler.java:27) ~[fmlloader-1.20.1-47.4.0.jar%2369!/:?]
	at cpw.mods.modlauncher.LaunchServiceHandlerDecorator.launch(LaunchServiceHandlerDecorator.java:30) ~[modlauncher-10.0.9.jar%2355!/:?]
	at cpw.mods.modlauncher.LaunchServiceHandler.launch(LaunchServiceHandler.java:53) ~[modlauncher-10.0.9.jar%2355!/:?]
	at cpw.mods.modlauncher.LaunchServiceHandler.launch(LaunchServiceHandler.java:71) ~[modlauncher-10.0.9.jar%2355!/:?]
	at cpw.mods.modlauncher.Launcher.run(Launcher.java:108) ~[modlauncher-10.0.9.jar%2355!/:?]
	at cpw.mods.modlauncher.Launcher.main(Launcher.java:78) ~[modlauncher-10.0.9.jar%2355!/:?]
	at cpw.mods.modlauncher.BootstrapLaunchConsumer.accept(BootstrapLaunchConsumer.java:26) ~[modlauncher-10.0.9.jar%2355!/:?]
	at cpw.mods.modlauncher.BootstrapLaunchConsumer.accept(BootstrapLaunchConsumer.java:23) ~[modlauncher-10.0.9.jar%2355!/:?]
	at cpw.mods.bootstraplauncher.BootstrapLauncher.main(BootstrapLauncher.java:141) ~[bootstraplauncher-1.1.2.jar:?]
[07Apr2025 12:31:04.259] [main/ERROR] [Apotheosis : Adventure/]: Failed to execute ShieldBreakerTest
java.lang.NullPointerException: Cannot invoke "net.minecraft.world.entity.LivingEntity.m_213824_()" because "attacker" is null
	at net.minecraftforge.common.extensions.IForgeItem.canDisableShield(IForgeItem.java:695) ~[forge-1.20.1-47.4.0-universal.jar%23576!/:?]
	at net.minecraftforge.common.extensions.IForgeItemStack.canDisableShield(IForgeItemStack.java:233) ~[forge-1.20.1-47.4.0-universal.jar%23576!/:?]
	at dev.shadowsoffire.apotheosis.adventure.loot.ShieldBreakerTest.test(ShieldBreakerTest.java:48) ~[Apotheosis-1.20.1-7.4.6.jar%23348!/:7.4.6]
	at dev.shadowsoffire.apotheosis.adventure.loot.ShieldBreakerTest.test(ShieldBreakerTest.java:25) ~[Apotheosis-1.20.1-7.4.6.jar%23348!/:7.4.6]
	at dev.shadowsoffire.apotheosis.adventure.loot.LootCategory.isValid(LootCategory.java:89) ~[Apotheosis-1.20.1-7.4.6.jar%23348!/:7.4.6]
	at dev.shadowsoffire.apotheosis.adventure.loot.LootCategory.forItem(LootCategory.java:182) ~[Apotheosis-1.20.1-7.4.6.jar%23348!/:7.4.6]
	at dev.shadowsoffire.apotheosis.adventure.loot.AffixLootEntry.getType(AffixLootEntry.java:91) ~[Apotheosis-1.20.1-7.4.6.jar%23348!/:7.4.6]
	at dev.shadowsoffire.apotheosis.adventure.loot.AffixLootRegistry.validateItem(AffixLootRegistry.java:30) ~[Apotheosis-1.20.1-7.4.6.jar%23348!/:7.4.6]
	at dev.shadowsoffire.apotheosis.adventure.loot.AffixLootRegistry.validateItem(AffixLootRegistry.java:13) ~[Apotheosis-1.20.1-7.4.6.jar%23348!/:7.4.6]
	at dev.shadowsoffire.placebo.reload.DynamicRegistry.register(DynamicRegistry.java:322) ~[Placebo-1.20.1-8.6.3.jar%23501!/:8.6.3]
	at dev.shadowsoffire.placebo.reload.DynamicRegistry.lambda$apply$0(DynamicRegistry.java:143) ~[Placebo-1.20.1-8.6.3.jar%23501!/:8.6.3]
	at java.util.HashMap.forEach(HashMap.java:1421) ~[?:?]
	at dev.shadowsoffire.placebo.reload.DynamicRegistry.apply(DynamicRegistry.java:136) ~[Placebo-1.20.1-8.6.3.jar%23501!/:8.6.3]
	at dev.shadowsoffire.placebo.reload.DynamicRegistry.m_5787_(DynamicRegistry.java:62) ~[Placebo-1.20.1-8.6.3.jar%23501!/:8.6.3]
	at net.minecraft.server.packs.resources.SimplePreparableReloadListener.m_10789_(SimplePreparableReloadListener.java:13) ~[server-1.20.1-20230612.114412-srg.jar%23571!/:?]
	at java.util.concurrent.CompletableFuture$UniAccept.tryFire(CompletableFuture.java:718) ~[?:?]
	at java.util.concurrent.CompletableFuture$Completion.run(CompletableFuture.java:482) ~[?:?]
	at net.minecraft.server.packs.resources.SimpleReloadInstance.m_143940_(SimpleReloadInstance.java:69) ~[server-1.20.1-20230612.114412-srg.jar%23571!/:?]
	at net.minecraft.Util.m_214652_(Util.java:783) ~[server-1.20.1-20230612.114412-srg.jar%23571!/:?]
	at net.minecraft.Util.m_214679_(Util.java:772) ~[server-1.20.1-20230612.114412-srg.jar%23571!/:?]
	at net.minecraft.server.Main.main(Main.java:166) ~[server-1.20.1-20230612.114412-srg.jar%23571!/:?]
	at jdk.internal.reflect.NativeMethodAccessorImpl.invoke0(Native Method) ~[?:?]
	at jdk.internal.reflect.NativeMethodAccessorImpl.invoke(NativeMethodAccessorImpl.java:77) ~[?:?]
	at jdk.internal.reflect.DelegatingMethodAccessorImpl.invoke(DelegatingMethodAccessorImpl.java:43) ~[?:?]
	at java.lang.reflect.Method.invoke(Method.java:569) ~[?:?]
	at net.minecraftforge.fml.loading.targets.CommonLaunchHandler.runTarget(CommonLaunchHandler.java:111) ~[fmlloader-1.20.1-47.4.0.jar%2369!/:?]
	at net.minecraftforge.fml.loading.targets.CommonLaunchHandler.serverService(CommonLaunchHandler.java:103) ~[fmlloader-1.20.1-47.4.0.jar%2369!/:?]
	at net.minecraftforge.fml.loading.targets.CommonServerLaunchHandler.lambda$makeService$0(CommonServerLaunchHandler.java:27) ~[fmlloader-1.20.1-47.4.0.jar%2369!/:?]
	at cpw.mods.modlauncher.LaunchServiceHandlerDecorator.launch(LaunchServiceHandlerDecorator.java:30) ~[modlauncher-10.0.9.jar%2355!/:?]
	at cpw.mods.modlauncher.LaunchServiceHandler.launch(LaunchServiceHandler.java:53) ~[modlauncher-10.0.9.jar%2355!/:?]
	at cpw.mods.modlauncher.LaunchServiceHandler.launch(LaunchServiceHandler.java:71) ~[modlauncher-10.0.9.jar%2355!/:?]
	at cpw.mods.modlauncher.Launcher.run(Launcher.java:108) ~[modlauncher-10.0.9.jar%2355!/:?]
	at cpw.mods.modlauncher.Launcher.main(Launcher.java:78) ~[modlauncher-10.0.9.jar%2355!/:?]
	at cpw.mods.modlauncher.BootstrapLaunchConsumer.accept(BootstrapLaunchConsumer.java:26) ~[modlauncher-10.0.9.jar%2355!/:?]
	at cpw.mods.modlauncher.BootstrapLaunchConsumer.accept(BootstrapLaunchConsumer.java:23) ~[modlauncher-10.0.9.jar%2355!/:?]
	at cpw.mods.bootstraplauncher.BootstrapLauncher.main(BootstrapLauncher.java:141) ~[bootstraplauncher-1.1.2.jar:?]
[07Apr2025 12:31:04.260] [main/ERROR] [Apotheosis : Adventure/]: Failed to execute ShieldBreakerTest
java.lang.NullPointerException: Cannot invoke "net.minecraft.world.entity.LivingEntity.m_213824_()" because "attacker" is null
	at net.minecraftforge.common.extensions.IForgeItem.canDisableShield(IForgeItem.java:695) ~[forge-1.20.1-47.4.0-universal.jar%23576!/:?]
	at net.minecraftforge.common.extensions.IForgeItemStack.canDisableShield(IForgeItemStack.java:233) ~[forge-1.20.1-47.4.0-universal.jar%23576!/:?]
	at dev.shadowsoffire.apotheosis.adventure.loot.ShieldBreakerTest.test(ShieldBreakerTest.java:48) ~[Apotheosis-1.20.1-7.4.6.jar%23348!/:7.4.6]
	at dev.shadowsoffire.apotheosis.adventure.loot.ShieldBreakerTest.test(ShieldBreakerTest.java:25) ~[Apotheosis-1.20.1-7.4.6.jar%23348!/:7.4.6]
	at dev.shadowsoffire.apotheosis.adventure.loot.LootCategory.isValid(LootCategory.java:89) ~[Apotheosis-1.20.1-7.4.6.jar%23348!/:7.4.6]
	at dev.shadowsoffire.apotheosis.adventure.loot.LootCategory.forItem(LootCategory.java:182) ~[Apotheosis-1.20.1-7.4.6.jar%23348!/:7.4.6]
	at dev.shadowsoffire.apotheosis.adventure.loot.AffixLootEntry.getType(AffixLootEntry.java:91) ~[Apotheosis-1.20.1-7.4.6.jar%23348!/:7.4.6]
	at dev.shadowsoffire.apotheosis.adventure.loot.AffixLootRegistry.validateItem(AffixLootRegistry.java:30) ~[Apotheosis-1.20.1-7.4.6.jar%23348!/:7.4.6]
	at dev.shadowsoffire.apotheosis.adventure.loot.AffixLootRegistry.validateItem(AffixLootRegistry.java:13) ~[Apotheosis-1.20.1-7.4.6.jar%23348!/:7.4.6]
	at dev.shadowsoffire.placebo.reload.DynamicRegistry.register(DynamicRegistry.java:322) ~[Placebo-1.20.1-8.6.3.jar%23501!/:8.6.3]
	at dev.shadowsoffire.placebo.reload.DynamicRegistry.lambda$apply$0(DynamicRegistry.java:143) ~[Placebo-1.20.1-8.6.3.jar%23501!/:8.6.3]
	at java.util.HashMap.forEach(HashMap.java:1421) ~[?:?]
	at dev.shadowsoffire.placebo.reload.DynamicRegistry.apply(DynamicRegistry.java:136) ~[Placebo-1.20.1-8.6.3.jar%23501!/:8.6.3]
	at dev.shadowsoffire.placebo.reload.DynamicRegistry.m_5787_(DynamicRegistry.java:62) ~[Placebo-1.20.1-8.6.3.jar%23501!/:8.6.3]
	at net.minecraft.server.packs.resources.SimplePreparableReloadListener.m_10789_(SimplePreparableReloadListener.java:13) ~[server-1.20.1-20230612.114412-srg.jar%23571!/:?]
	at java.util.concurrent.CompletableFuture$UniAccept.tryFire(CompletableFuture.java:718) ~[?:?]
	at java.util.concurrent.CompletableFuture$Completion.run(CompletableFuture.java:482) ~[?:?]
	at net.minecraft.server.packs.resources.SimpleReloadInstance.m_143940_(SimpleReloadInstance.java:69) ~[server-1.20.1-20230612.114412-srg.jar%23571!/:?]
	at net.minecraft.Util.m_214652_(Util.java:783) ~[server-1.20.1-20230612.114412-srg.jar%23571!/:?]
	at net.minecraft.Util.m_214679_(Util.java:772) ~[server-1.20.1-20230612.114412-srg.jar%23571!/:?]
	at net.minecraft.server.Main.main(Main.java:166) ~[server-1.20.1-20230612.114412-srg.jar%23571!/:?]
	at jdk.internal.reflect.NativeMethodAccessorImpl.invoke0(Native Method) ~[?:?]
	at jdk.internal.reflect.NativeMethodAccessorImpl.invoke(NativeMethodAccessorImpl.java:77) ~[?:?]
	at jdk.internal.reflect.DelegatingMethodAccessorImpl.invoke(DelegatingMethodAccessorImpl.java:43) ~[?:?]
	at java.lang.reflect.Method.invoke(Method.java:569) ~[?:?]
	at net.minecraftforge.fml.loading.targets.CommonLaunchHandler.runTarget(CommonLaunchHandler.java:111) ~[fmlloader-1.20.1-47.4.0.jar%2369!/:?]
	at net.minecraftforge.fml.loading.targets.CommonLaunchHandler.serverService(CommonLaunchHandler.java:103) ~[fmlloader-1.20.1-47.4.0.jar%2369!/:?]
	at net.minecraftforge.fml.loading.targets.CommonServerLaunchHandler.lambda$makeService$0(CommonServerLaunchHandler.java:27) ~[fmlloader-1.20.1-47.4.0.jar%2369!/:?]
	at cpw.mods.modlauncher.LaunchServiceHandlerDecorator.launch(LaunchServiceHandlerDecorator.java:30) ~[modlauncher-10.0.9.jar%2355!/:?]
	at cpw.mods.modlauncher.LaunchServiceHandler.launch(LaunchServiceHandler.java:53) ~[modlauncher-10.0.9.jar%2355!/:?]
	at cpw.mods.modlauncher.LaunchServiceHandler.launch(LaunchServiceHandler.java:71) ~[modlauncher-10.0.9.jar%2355!/:?]
	at cpw.mods.modlauncher.Launcher.run(Launcher.java:108) ~[modlauncher-10.0.9.jar%2355!/:?]
	at cpw.mods.modlauncher.Launcher.main(Launcher.java:78) ~[modlauncher-10.0.9.jar%2355!/:?]
	at cpw.mods.modlauncher.BootstrapLaunchConsumer.accept(BootstrapLaunchConsumer.java:26) ~[modlauncher-10.0.9.jar%2355!/:?]
	at cpw.mods.modlauncher.BootstrapLaunchConsumer.accept(BootstrapLaunchConsumer.java:23) ~[modlauncher-10.0.9.jar%2355!/:?]
	at cpw.mods.bootstraplauncher.BootstrapLauncher.main(BootstrapLauncher.java:141) ~[bootstraplauncher-1.1.2.jar:?]
[07Apr2025 12:31:04.261] [main/ERROR] [Apotheosis : Adventure/]: Failed to execute ShieldBreakerTest
java.lang.NullPointerException: Cannot invoke "net.minecraft.world.entity.LivingEntity.m_213824_()" because "attacker" is null
	at net.minecraftforge.common.extensions.IForgeItem.canDisableShield(IForgeItem.java:695) ~[forge-1.20.1-47.4.0-universal.jar%23576!/:?]
	at net.minecraftforge.common.extensions.IForgeItemStack.canDisableShield(IForgeItemStack.java:233) ~[forge-1.20.1-47.4.0-universal.jar%23576!/:?]
	at dev.shadowsoffire.apotheosis.adventure.loot.ShieldBreakerTest.test(ShieldBreakerTest.java:48) ~[Apotheosis-1.20.1-7.4.6.jar%23348!/:7.4.6]
	at dev.shadowsoffire.apotheosis.adventure.loot.ShieldBreakerTest.test(ShieldBreakerTest.java:25) ~[Apotheosis-1.20.1-7.4.6.jar%23348!/:7.4.6]
	at dev.shadowsoffire.apotheosis.adventure.loot.LootCategory.isValid(LootCategory.java:89) ~[Apotheosis-1.20.1-7.4.6.jar%23348!/:7.4.6]
	at dev.shadowsoffire.apotheosis.adventure.loot.LootCategory.forItem(LootCategory.java:182) ~[Apotheosis-1.20.1-7.4.6.jar%23348!/:7.4.6]
	at dev.shadowsoffire.apotheosis.adventure.loot.AffixLootEntry.getType(AffixLootEntry.java:91) ~[Apotheosis-1.20.1-7.4.6.jar%23348!/:7.4.6]
	at dev.shadowsoffire.apotheosis.adventure.loot.AffixLootRegistry.validateItem(AffixLootRegistry.java:30) ~[Apotheosis-1.20.1-7.4.6.jar%23348!/:7.4.6]
	at dev.shadowsoffire.apotheosis.adventure.loot.AffixLootRegistry.validateItem(AffixLootRegistry.java:13) ~[Apotheosis-1.20.1-7.4.6.jar%23348!/:7.4.6]
	at dev.shadowsoffire.placebo.reload.DynamicRegistry.register(DynamicRegistry.java:322) ~[Placebo-1.20.1-8.6.3.jar%23501!/:8.6.3]
	at dev.shadowsoffire.placebo.reload.DynamicRegistry.lambda$apply$0(DynamicRegistry.java:143) ~[Placebo-1.20.1-8.6.3.jar%23501!/:8.6.3]
	at java.util.HashMap.forEach(HashMap.java:1421) ~[?:?]
	at dev.shadowsoffire.placebo.reload.DynamicRegistry.apply(DynamicRegistry.java:136) ~[Placebo-1.20.1-8.6.3.jar%23501!/:8.6.3]
	at dev.shadowsoffire.placebo.reload.DynamicRegistry.m_5787_(DynamicRegistry.java:62) ~[Placebo-1.20.1-8.6.3.jar%23501!/:8.6.3]
	at net.minecraft.server.packs.resources.SimplePreparableReloadListener.m_10789_(SimplePreparableReloadListener.java:13) ~[server-1.20.1-20230612.114412-srg.jar%23571!/:?]
	at java.util.concurrent.CompletableFuture$UniAccept.tryFire(CompletableFuture.java:718) ~[?:?]
	at java.util.concurrent.CompletableFuture$Completion.run(CompletableFuture.java:482) ~[?:?]
	at net.minecraft.server.packs.resources.SimpleReloadInstance.m_143940_(SimpleReloadInstance.java:69) ~[server-1.20.1-20230612.114412-srg.jar%23571!/:?]
	at net.minecraft.Util.m_214652_(Util.java:783) ~[server-1.20.1-20230612.114412-srg.jar%23571!/:?]
	at net.minecraft.Util.m_214679_(Util.java:772) ~[server-1.20.1-20230612.114412-srg.jar%23571!/:?]
	at net.minecraft.server.Main.main(Main.java:166) ~[server-1.20.1-20230612.114412-srg.jar%23571!/:?]
	at jdk.internal.reflect.NativeMethodAccessorImpl.invoke0(Native Method) ~[?:?]
	at jdk.internal.reflect.NativeMethodAccessorImpl.invoke(NativeMethodAccessorImpl.java:77) ~[?:?]
	at jdk.internal.reflect.DelegatingMethodAccessorImpl.invoke(DelegatingMethodAccessorImpl.java:43) ~[?:?]
	at java.lang.reflect.Method.invoke(Method.java:569) ~[?:?]
	at net.minecraftforge.fml.loading.targets.CommonLaunchHandler.runTarget(CommonLaunchHandler.java:111) ~[fmlloader-1.20.1-47.4.0.jar%2369!/:?]
	at net.minecraftforge.fml.loading.targets.CommonLaunchHandler.serverService(CommonLaunchHandler.java:103) ~[fmlloader-1.20.1-47.4.0.jar%2369!/:?]
	at net.minecraftforge.fml.loading.targets.CommonServerLaunchHandler.lambda$makeService$0(CommonServerLaunchHandler.java:27) ~[fmlloader-1.20.1-47.4.0.jar%2369!/:?]
	at cpw.mods.modlauncher.LaunchServiceHandlerDecorator.launch(LaunchServiceHandlerDecorator.java:30) ~[modlauncher-10.0.9.jar%2355!/:?]
	at cpw.mods.modlauncher.LaunchServiceHandler.launch(LaunchServiceHandler.java:53) ~[modlauncher-10.0.9.jar%2355!/:?]
	at cpw.mods.modlauncher.LaunchServiceHandler.launch(LaunchServiceHandler.java:71) ~[modlauncher-10.0.9.jar%2355!/:?]
	at cpw.mods.modlauncher.Launcher.run(Launcher.java:108) ~[modlauncher-10.0.9.jar%2355!/:?]
	at cpw.mods.modlauncher.Launcher.main(Launcher.java:78) ~[modlauncher-10.0.9.jar%2355!/:?]
	at cpw.mods.modlauncher.BootstrapLaunchConsumer.accept(BootstrapLaunchConsumer.java:26) ~[modlauncher-10.0.9.jar%2355!/:?]
	at cpw.mods.modlauncher.BootstrapLaunchConsumer.accept(BootstrapLaunchConsumer.java:23) ~[modlauncher-10.0.9.jar%2355!/:?]
	at cpw.mods.bootstraplauncher.BootstrapLauncher.main(BootstrapLauncher.java:141) ~[bootstraplauncher-1.1.2.jar:?]
[07Apr2025 12:31:04.261] [main/ERROR] [Apotheosis : Adventure/]: Failed to execute ShieldBreakerTest
java.lang.NullPointerException: Cannot invoke "net.minecraft.world.entity.LivingEntity.m_213824_()" because "attacker" is null
	at net.minecraftforge.common.extensions.IForgeItem.canDisableShield(IForgeItem.java:695) ~[forge-1.20.1-47.4.0-universal.jar%23576!/:?]
	at net.minecraftforge.common.extensions.IForgeItemStack.canDisableShield(IForgeItemStack.java:233) ~[forge-1.20.1-47.4.0-universal.jar%23576!/:?]
	at dev.shadowsoffire.apotheosis.adventure.loot.ShieldBreakerTest.test(ShieldBreakerTest.java:48) ~[Apotheosis-1.20.1-7.4.6.jar%23348!/:7.4.6]
	at dev.shadowsoffire.apotheosis.adventure.loot.ShieldBreakerTest.test(ShieldBreakerTest.java:25) ~[Apotheosis-1.20.1-7.4.6.jar%23348!/:7.4.6]
	at dev.shadowsoffire.apotheosis.adventure.loot.LootCategory.isValid(LootCategory.java:89) ~[Apotheosis-1.20.1-7.4.6.jar%23348!/:7.4.6]
	at dev.shadowsoffire.apotheosis.adventure.loot.LootCategory.forItem(LootCategory.java:182) ~[Apotheosis-1.20.1-7.4.6.jar%23348!/:7.4.6]
	at dev.shadowsoffire.apotheosis.adventure.loot.AffixLootEntry.getType(AffixLootEntry.java:91) ~[Apotheosis-1.20.1-7.4.6.jar%23348!/:7.4.6]
	at dev.shadowsoffire.apotheosis.adventure.loot.AffixLootRegistry.validateItem(AffixLootRegistry.java:30) ~[Apotheosis-1.20.1-7.4.6.jar%23348!/:7.4.6]
	at dev.shadowsoffire.apotheosis.adventure.loot.AffixLootRegistry.validateItem(AffixLootRegistry.java:13) ~[Apotheosis-1.20.1-7.4.6.jar%23348!/:7.4.6]
	at dev.shadowsoffire.placebo.reload.DynamicRegistry.register(DynamicRegistry.java:322) ~[Placebo-1.20.1-8.6.3.jar%23501!/:8.6.3]
	at dev.shadowsoffire.placebo.reload.DynamicRegistry.lambda$apply$0(DynamicRegistry.java:143) ~[Placebo-1.20.1-8.6.3.jar%23501!/:8.6.3]
	at java.util.HashMap.forEach(HashMap.java:1421) ~[?:?]
	at dev.shadowsoffire.placebo.reload.DynamicRegistry.apply(DynamicRegistry.java:136) ~[Placebo-1.20.1-8.6.3.jar%23501!/:8.6.3]
	at dev.shadowsoffire.placebo.reload.DynamicRegistry.m_5787_(DynamicRegistry.java:62) ~[Placebo-1.20.1-8.6.3.jar%23501!/:8.6.3]
	at net.minecraft.server.packs.resources.SimplePreparableReloadListener.m_10789_(SimplePreparableReloadListener.java:13) ~[server-1.20.1-20230612.114412-srg.jar%23571!/:?]
	at java.util.concurrent.CompletableFuture$UniAccept.tryFire(CompletableFuture.java:718) ~[?:?]
	at java.util.concurrent.CompletableFuture$Completion.run(CompletableFuture.java:482) ~[?:?]
	at net.minecraft.server.packs.resources.SimpleReloadInstance.m_143940_(SimpleReloadInstance.java:69) ~[server-1.20.1-20230612.114412-srg.jar%23571!/:?]
	at net.minecraft.Util.m_214652_(Util.java:783) ~[server-1.20.1-20230612.114412-srg.jar%23571!/:?]
	at net.minecraft.Util.m_214679_(Util.java:772) ~[server-1.20.1-20230612.114412-srg.jar%23571!/:?]
	at net.minecraft.server.Main.main(Main.java:166) ~[server-1.20.1-20230612.114412-srg.jar%23571!/:?]
	at jdk.internal.reflect.NativeMethodAccessorImpl.invoke0(Native Method) ~[?:?]
	at jdk.internal.reflect.NativeMethodAccessorImpl.invoke(NativeMethodAccessorImpl.java:77) ~[?:?]
	at jdk.internal.reflect.DelegatingMethodAccessorImpl.invoke(DelegatingMethodAccessorImpl.java:43) ~[?:?]
	at java.lang.reflect.Method.invoke(Method.java:569) ~[?:?]
	at net.minecraftforge.fml.loading.targets.CommonLaunchHandler.runTarget(CommonLaunchHandler.java:111) ~[fmlloader-1.20.1-47.4.0.jar%2369!/:?]
	at net.minecraftforge.fml.loading.targets.CommonLaunchHandler.serverService(CommonLaunchHandler.java:103) ~[fmlloader-1.20.1-47.4.0.jar%2369!/:?]
	at net.minecraftforge.fml.loading.targets.CommonServerLaunchHandler.lambda$makeService$0(CommonServerLaunchHandler.java:27) ~[fmlloader-1.20.1-47.4.0.jar%2369!/:?]
	at cpw.mods.modlauncher.LaunchServiceHandlerDecorator.launch(LaunchServiceHandlerDecorator.java:30) ~[modlauncher-10.0.9.jar%2355!/:?]
	at cpw.mods.modlauncher.LaunchServiceHandler.launch(LaunchServiceHandler.java:53) ~[modlauncher-10.0.9.jar%2355!/:?]
	at cpw.mods.modlauncher.LaunchServiceHandler.launch(LaunchServiceHandler.java:71) ~[modlauncher-10.0.9.jar%2355!/:?]
	at cpw.mods.modlauncher.Launcher.run(Launcher.java:108) ~[modlauncher-10.0.9.jar%2355!/:?]
	at cpw.mods.modlauncher.Launcher.main(Launcher.java:78) ~[modlauncher-10.0.9.jar%2355!/:?]
	at cpw.mods.modlauncher.BootstrapLaunchConsumer.accept(BootstrapLaunchConsumer.java:26) ~[modlauncher-10.0.9.jar%2355!/:?]
	at cpw.mods.modlauncher.BootstrapLaunchConsumer.accept(BootstrapLaunchConsumer.java:23) ~[modlauncher-10.0.9.jar%2355!/:?]
	at cpw.mods.bootstraplauncher.BootstrapLauncher.main(BootstrapLauncher.java:141) ~[bootstraplauncher-1.1.2.jar:?]
[07Apr2025 12:31:04.263] [main/ERROR] [Apotheosis : Adventure/]: Failed to execute ShieldBreakerTest
java.lang.NullPointerException: Cannot invoke "net.minecraft.world.entity.LivingEntity.m_213824_()" because "attacker" is null
	at net.minecraftforge.common.extensions.IForgeItem.canDisableShield(IForgeItem.java:695) ~[forge-1.20.1-47.4.0-universal.jar%23576!/:?]
	at net.minecraftforge.common.extensions.IForgeItemStack.canDisableShield(IForgeItemStack.java:233) ~[forge-1.20.1-47.4.0-universal.jar%23576!/:?]
	at dev.shadowsoffire.apotheosis.adventure.loot.ShieldBreakerTest.test(ShieldBreakerTest.java:48) ~[Apotheosis-1.20.1-7.4.6.jar%23348!/:7.4.6]
	at dev.shadowsoffire.apotheosis.adventure.loot.ShieldBreakerTest.test(ShieldBreakerTest.java:25) ~[Apotheosis-1.20.1-7.4.6.jar%23348!/:7.4.6]
	at dev.shadowsoffire.apotheosis.adventure.loot.LootCategory.isValid(LootCategory.java:89) ~[Apotheosis-1.20.1-7.4.6.jar%23348!/:7.4.6]
	at dev.shadowsoffire.apotheosis.adventure.loot.LootCategory.forItem(LootCategory.java:182) ~[Apotheosis-1.20.1-7.4.6.jar%23348!/:7.4.6]
	at dev.shadowsoffire.apotheosis.adventure.loot.AffixLootEntry.getType(AffixLootEntry.java:91) ~[Apotheosis-1.20.1-7.4.6.jar%23348!/:7.4.6]
	at dev.shadowsoffire.apotheosis.adventure.loot.AffixLootRegistry.validateItem(AffixLootRegistry.java:30) ~[Apotheosis-1.20.1-7.4.6.jar%23348!/:7.4.6]
	at dev.shadowsoffire.apotheosis.adventure.loot.AffixLootRegistry.validateItem(AffixLootRegistry.java:13) ~[Apotheosis-1.20.1-7.4.6.jar%23348!/:7.4.6]
	at dev.shadowsoffire.placebo.reload.DynamicRegistry.register(DynamicRegistry.java:322) ~[Placebo-1.20.1-8.6.3.jar%23501!/:8.6.3]
	at dev.shadowsoffire.placebo.reload.DynamicRegistry.lambda$apply$0(DynamicRegistry.java:143) ~[Placebo-1.20.1-8.6.3.jar%23501!/:8.6.3]
	at java.util.HashMap.forEach(HashMap.java:1421) ~[?:?]
	at dev.shadowsoffire.placebo.reload.DynamicRegistry.apply(DynamicRegistry.java:136) ~[Placebo-1.20.1-8.6.3.jar%23501!/:8.6.3]
	at dev.shadowsoffire.placebo.reload.DynamicRegistry.m_5787_(DynamicRegistry.java:62) ~[Placebo-1.20.1-8.6.3.jar%23501!/:8.6.3]
	at net.minecraft.server.packs.resources.SimplePreparableReloadListener.m_10789_(SimplePreparableReloadListener.java:13) ~[server-1.20.1-20230612.114412-srg.jar%23571!/:?]
	at java.util.concurrent.CompletableFuture$UniAccept.tryFire(CompletableFuture.java:718) ~[?:?]
	at java.util.concurrent.CompletableFuture$Completion.run(CompletableFuture.java:482) ~[?:?]
	at net.minecraft.server.packs.resources.SimpleReloadInstance.m_143940_(SimpleReloadInstance.java:69) ~[server-1.20.1-20230612.114412-srg.jar%23571!/:?]
	at net.minecraft.Util.m_214652_(Util.java:783) ~[server-1.20.1-20230612.114412-srg.jar%23571!/:?]
	at net.minecraft.Util.m_214679_(Util.java:772) ~[server-1.20.1-20230612.114412-srg.jar%23571!/:?]
	at net.minecraft.server.Main.main(Main.java:166) ~[server-1.20.1-20230612.114412-srg.jar%23571!/:?]
	at jdk.internal.reflect.NativeMethodAccessorImpl.invoke0(Native Method) ~[?:?]
	at jdk.internal.reflect.NativeMethodAccessorImpl.invoke(NativeMethodAccessorImpl.java:77) ~[?:?]
	at jdk.internal.reflect.DelegatingMethodAccessorImpl.invoke(DelegatingMethodAccessorImpl.java:43) ~[?:?]
	at java.lang.reflect.Method.invoke(Method.java:569) ~[?:?]
	at net.minecraftforge.fml.loading.targets.CommonLaunchHandler.runTarget(CommonLaunchHandler.java:111) ~[fmlloader-1.20.1-47.4.0.jar%2369!/:?]
	at net.minecraftforge.fml.loading.targets.CommonLaunchHandler.serverService(CommonLaunchHandler.java:103) ~[fmlloader-1.20.1-47.4.0.jar%2369!/:?]
	at net.minecraftforge.fml.loading.targets.CommonServerLaunchHandler.lambda$makeService$0(CommonServerLaunchHandler.java:27) ~[fmlloader-1.20.1-47.4.0.jar%2369!/:?]
	at cpw.mods.modlauncher.LaunchServiceHandlerDecorator.launch(LaunchServiceHandlerDecorator.java:30) ~[modlauncher-10.0.9.jar%2355!/:?]
	at cpw.mods.modlauncher.LaunchServiceHandler.launch(LaunchServiceHandler.java:53) ~[modlauncher-10.0.9.jar%2355!/:?]
	at cpw.mods.modlauncher.LaunchServiceHandler.launch(LaunchServiceHandler.java:71) ~[modlauncher-10.0.9.jar%2355!/:?]
	at cpw.mods.modlauncher.Launcher.run(Launcher.java:108) ~[modlauncher-10.0.9.jar%2355!/:?]
	at cpw.mods.modlauncher.Launcher.main(Launcher.java:78) ~[modlauncher-10.0.9.jar%2355!/:?]
	at cpw.mods.modlauncher.BootstrapLaunchConsumer.accept(BootstrapLaunchConsumer.java:26) ~[modlauncher-10.0.9.jar%2355!/:?]
	at cpw.mods.modlauncher.BootstrapLaunchConsumer.accept(BootstrapLaunchConsumer.java:23) ~[modlauncher-10.0.9.jar%2355!/:?]
	at cpw.mods.bootstraplauncher.BootstrapLauncher.main(BootstrapLauncher.java:141) ~[bootstraplauncher-1.1.2.jar:?]
[07Apr2025 12:31:04.265] [main/ERROR] [Apotheosis : Adventure/]: Failed to execute ShieldBreakerTest
java.lang.NullPointerException: Cannot invoke "net.minecraft.world.entity.LivingEntity.m_213824_()" because "attacker" is null
	at net.minecraftforge.common.extensions.IForgeItem.canDisableShield(IForgeItem.java:695) ~[forge-1.20.1-47.4.0-universal.jar%23576!/:?]
	at net.minecraftforge.common.extensions.IForgeItemStack.canDisableShield(IForgeItemStack.java:233) ~[forge-1.20.1-47.4.0-universal.jar%23576!/:?]
	at dev.shadowsoffire.apotheosis.adventure.loot.ShieldBreakerTest.test(ShieldBreakerTest.java:48) ~[Apotheosis-1.20.1-7.4.6.jar%23348!/:7.4.6]
	at dev.shadowsoffire.apotheosis.adventure.loot.ShieldBreakerTest.test(ShieldBreakerTest.java:25) ~[Apotheosis-1.20.1-7.4.6.jar%23348!/:7.4.6]
	at dev.shadowsoffire.apotheosis.adventure.loot.LootCategory.isValid(LootCategory.java:89) ~[Apotheosis-1.20.1-7.4.6.jar%23348!/:7.4.6]
	at dev.shadowsoffire.apotheosis.adventure.loot.LootCategory.forItem(LootCategory.java:182) ~[Apotheosis-1.20.1-7.4.6.jar%23348!/:7.4.6]
	at dev.shadowsoffire.apotheosis.adventure.loot.AffixLootEntry.getType(AffixLootEntry.java:91) ~[Apotheosis-1.20.1-7.4.6.jar%23348!/:7.4.6]
	at dev.shadowsoffire.apotheosis.adventure.loot.AffixLootRegistry.validateItem(AffixLootRegistry.java:30) ~[Apotheosis-1.20.1-7.4.6.jar%23348!/:7.4.6]
	at dev.shadowsoffire.apotheosis.adventure.loot.AffixLootRegistry.validateItem(AffixLootRegistry.java:13) ~[Apotheosis-1.20.1-7.4.6.jar%23348!/:7.4.6]
	at dev.shadowsoffire.placebo.reload.DynamicRegistry.register(DynamicRegistry.java:322) ~[Placebo-1.20.1-8.6.3.jar%23501!/:8.6.3]
	at dev.shadowsoffire.placebo.reload.DynamicRegistry.lambda$apply$0(DynamicRegistry.java:143) ~[Placebo-1.20.1-8.6.3.jar%23501!/:8.6.3]
	at java.util.HashMap.forEach(HashMap.java:1421) ~[?:?]
	at dev.shadowsoffire.placebo.reload.DynamicRegistry.apply(DynamicRegistry.java:136) ~[Placebo-1.20.1-8.6.3.jar%23501!/:8.6.3]
	at dev.shadowsoffire.placebo.reload.DynamicRegistry.m_5787_(DynamicRegistry.java:62) ~[Placebo-1.20.1-8.6.3.jar%23501!/:8.6.3]
	at net.minecraft.server.packs.resources.SimplePreparableReloadListener.m_10789_(SimplePreparableReloadListener.java:13) ~[server-1.20.1-20230612.114412-srg.jar%23571!/:?]
	at java.util.concurrent.CompletableFuture$UniAccept.tryFire(CompletableFuture.java:718) ~[?:?]
	at java.util.concurrent.CompletableFuture$Completion.run(CompletableFuture.java:482) ~[?:?]
	at net.minecraft.server.packs.resources.SimpleReloadInstance.m_143940_(SimpleReloadInstance.java:69) ~[server-1.20.1-20230612.114412-srg.jar%23571!/:?]
	at net.minecraft.Util.m_214652_(Util.java:783) ~[server-1.20.1-20230612.114412-srg.jar%23571!/:?]
	at net.minecraft.Util.m_214679_(Util.java:772) ~[server-1.20.1-20230612.114412-srg.jar%23571!/:?]
	at net.minecraft.server.Main.main(Main.java:166) ~[server-1.20.1-20230612.114412-srg.jar%23571!/:?]
	at jdk.internal.reflect.NativeMethodAccessorImpl.invoke0(Native Method) ~[?:?]
	at jdk.internal.reflect.NativeMethodAccessorImpl.invoke(NativeMethodAccessorImpl.java:77) ~[?:?]
	at jdk.internal.reflect.DelegatingMethodAccessorImpl.invoke(DelegatingMethodAccessorImpl.java:43) ~[?:?]
	at java.lang.reflect.Method.invoke(Method.java:569) ~[?:?]
	at net.minecraftforge.fml.loading.targets.CommonLaunchHandler.runTarget(CommonLaunchHandler.java:111) ~[fmlloader-1.20.1-47.4.0.jar%2369!/:?]
	at net.minecraftforge.fml.loading.targets.CommonLaunchHandler.serverService(CommonLaunchHandler.java:103) ~[fmlloader-1.20.1-47.4.0.jar%2369!/:?]
	at net.minecraftforge.fml.loading.targets.CommonServerLaunchHandler.lambda$makeService$0(CommonServerLaunchHandler.java:27) ~[fmlloader-1.20.1-47.4.0.jar%2369!/:?]
	at cpw.mods.modlauncher.LaunchServiceHandlerDecorator.launch(LaunchServiceHandlerDecorator.java:30) ~[modlauncher-10.0.9.jar%2355!/:?]
	at cpw.mods.modlauncher.LaunchServiceHandler.launch(LaunchServiceHandler.java:53) ~[modlauncher-10.0.9.jar%2355!/:?]
	at cpw.mods.modlauncher.LaunchServiceHandler.launch(LaunchServiceHandler.java:71) ~[modlauncher-10.0.9.jar%2355!/:?]
	at cpw.mods.modlauncher.Launcher.run(Launcher.java:108) ~[modlauncher-10.0.9.jar%2355!/:?]
	at cpw.mods.modlauncher.Launcher.main(Launcher.java:78) ~[modlauncher-10.0.9.jar%2355!/:?]
	at cpw.mods.modlauncher.BootstrapLaunchConsumer.accept(BootstrapLaunchConsumer.java:26) ~[modlauncher-10.0.9.jar%2355!/:?]
	at cpw.mods.modlauncher.BootstrapLaunchConsumer.accept(BootstrapLaunchConsumer.java:23) ~[modlauncher-10.0.9.jar%2355!/:?]
	at cpw.mods.bootstraplauncher.BootstrapLauncher.main(BootstrapLauncher.java:141) ~[bootstraplauncher-1.1.2.jar:?]
[07Apr2025 12:31:04.266] [main/ERROR] [Apotheosis : Adventure/]: Failed to execute ShieldBreakerTest
java.lang.NullPointerException: Cannot invoke "net.minecraft.world.entity.LivingEntity.m_213824_()" because "attacker" is null
	at net.minecraftforge.common.extensions.IForgeItem.canDisableShield(IForgeItem.java:695) ~[forge-1.20.1-47.4.0-universal.jar%23576!/:?]
	at net.minecraftforge.common.extensions.IForgeItemStack.canDisableShield(IForgeItemStack.java:233) ~[forge-1.20.1-47.4.0-universal.jar%23576!/:?]
	at dev.shadowsoffire.apotheosis.adventure.loot.ShieldBreakerTest.test(ShieldBreakerTest.java:48) ~[Apotheosis-1.20.1-7.4.6.jar%23348!/:7.4.6]
	at dev.shadowsoffire.apotheosis.adventure.loot.ShieldBreakerTest.test(ShieldBreakerTest.java:25) ~[Apotheosis-1.20.1-7.4.6.jar%23348!/:7.4.6]
	at dev.shadowsoffire.apotheosis.adventure.loot.LootCategory.isValid(LootCategory.java:89) ~[Apotheosis-1.20.1-7.4.6.jar%23348!/:7.4.6]
	at dev.shadowsoffire.apotheosis.adventure.loot.LootCategory.forItem(LootCategory.java:182) ~[Apotheosis-1.20.1-7.4.6.jar%23348!/:7.4.6]
	at dev.shadowsoffire.apotheosis.adventure.loot.AffixLootEntry.getType(AffixLootEntry.java:91) ~[Apotheosis-1.20.1-7.4.6.jar%23348!/:7.4.6]
	at dev.shadowsoffire.apotheosis.adventure.loot.AffixLootRegistry.validateItem(AffixLootRegistry.java:30) ~[Apotheosis-1.20.1-7.4.6.jar%23348!/:7.4.6]
	at dev.shadowsoffire.apotheosis.adventure.loot.AffixLootRegistry.validateItem(AffixLootRegistry.java:13) ~[Apotheosis-1.20.1-7.4.6.jar%23348!/:7.4.6]
	at dev.shadowsoffire.placebo.reload.DynamicRegistry.register(DynamicRegistry.java:322) ~[Placebo-1.20.1-8.6.3.jar%23501!/:8.6.3]
	at dev.shadowsoffire.placebo.reload.DynamicRegistry.lambda$apply$0(DynamicRegistry.java:143) ~[Placebo-1.20.1-8.6.3.jar%23501!/:8.6.3]
	at java.util.HashMap.forEach(HashMap.java:1421) ~[?:?]
	at dev.shadowsoffire.placebo.reload.DynamicRegistry.apply(DynamicRegistry.java:136) ~[Placebo-1.20.1-8.6.3.jar%23501!/:8.6.3]
	at dev.shadowsoffire.placebo.reload.DynamicRegistry.m_5787_(DynamicRegistry.java:62) ~[Placebo-1.20.1-8.6.3.jar%23501!/:8.6.3]
	at net.minecraft.server.packs.resources.SimplePreparableReloadListener.m_10789_(SimplePreparableReloadListener.java:13) ~[server-1.20.1-20230612.114412-srg.jar%23571!/:?]
	at java.util.concurrent.CompletableFuture$UniAccept.tryFire(CompletableFuture.java:718) ~[?:?]
	at java.util.concurrent.CompletableFuture$Completion.run(CompletableFuture.java:482) ~[?:?]
	at net.minecraft.server.packs.resources.SimpleReloadInstance.m_143940_(SimpleReloadInstance.java:69) ~[server-1.20.1-20230612.114412-srg.jar%23571!/:?]
	at net.minecraft.Util.m_214652_(Util.java:783) ~[server-1.20.1-20230612.114412-srg.jar%23571!/:?]
	at net.minecraft.Util.m_214679_(Util.java:772) ~[server-1.20.1-20230612.114412-srg.jar%23571!/:?]
	at net.minecraft.server.Main.main(Main.java:166) ~[server-1.20.1-20230612.114412-srg.jar%23571!/:?]
	at jdk.internal.reflect.NativeMethodAccessorImpl.invoke0(Native Method) ~[?:?]
	at jdk.internal.reflect.NativeMethodAccessorImpl.invoke(NativeMethodAccessorImpl.java:77) ~[?:?]
	at jdk.internal.reflect.DelegatingMethodAccessorImpl.invoke(DelegatingMethodAccessorImpl.java:43) ~[?:?]
	at java.lang.reflect.Method.invoke(Method.java:569) ~[?:?]
	at net.minecraftforge.fml.loading.targets.CommonLaunchHandler.runTarget(CommonLaunchHandler.java:111) ~[fmlloader-1.20.1-47.4.0.jar%2369!/:?]
	at net.minecraftforge.fml.loading.targets.CommonLaunchHandler.serverService(CommonLaunchHandler.java:103) ~[fmlloader-1.20.1-47.4.0.jar%2369!/:?]
	at net.minecraftforge.fml.loading.targets.CommonServerLaunchHandler.lambda$makeService$0(CommonServerLaunchHandler.java:27) ~[fmlloader-1.20.1-47.4.0.jar%2369!/:?]
	at cpw.mods.modlauncher.LaunchServiceHandlerDecorator.launch(LaunchServiceHandlerDecorator.java:30) ~[modlauncher-10.0.9.jar%2355!/:?]
	at cpw.mods.modlauncher.LaunchServiceHandler.launch(LaunchServiceHandler.java:53) ~[modlauncher-10.0.9.jar%2355!/:?]
	at cpw.mods.modlauncher.LaunchServiceHandler.launch(LaunchServiceHandler.java:71) ~[modlauncher-10.0.9.jar%2355!/:?]
	at cpw.mods.modlauncher.Launcher.run(Launcher.java:108) ~[modlauncher-10.0.9.jar%2355!/:?]
	at cpw.mods.modlauncher.Launcher.main(Launcher.java:78) ~[modlauncher-10.0.9.jar%2355!/:?]
	at cpw.mods.modlauncher.BootstrapLaunchConsumer.accept(BootstrapLaunchConsumer.java:26) ~[modlauncher-10.0.9.jar%2355!/:?]
	at cpw.mods.modlauncher.BootstrapLaunchConsumer.accept(BootstrapLaunchConsumer.java:23) ~[modlauncher-10.0.9.jar%2355!/:?]
	at cpw.mods.bootstraplauncher.BootstrapLauncher.main(BootstrapLauncher.java:141) ~[bootstraplauncher-1.1.2.jar:?]
[07Apr2025 12:31:04.342] [main/ERROR] [Apotheosis : Adventure/]: Failed to execute ShieldBreakerTest
java.lang.NullPointerException: Cannot invoke "net.minecraft.world.entity.LivingEntity.m_213824_()" because "attacker" is null
	at net.minecraftforge.common.extensions.IForgeItem.canDisableShield(IForgeItem.java:695) ~[forge-1.20.1-47.4.0-universal.jar%23576!/:?]
	at net.minecraftforge.common.extensions.IForgeItemStack.canDisableShield(IForgeItemStack.java:233) ~[forge-1.20.1-47.4.0-universal.jar%23576!/:?]
	at dev.shadowsoffire.apotheosis.adventure.loot.ShieldBreakerTest.test(ShieldBreakerTest.java:48) ~[Apotheosis-1.20.1-7.4.6.jar%23348!/:7.4.6]
	at dev.shadowsoffire.apotheosis.adventure.loot.ShieldBreakerTest.test(ShieldBreakerTest.java:25) ~[Apotheosis-1.20.1-7.4.6.jar%23348!/:7.4.6]
	at dev.shadowsoffire.apotheosis.adventure.loot.LootCategory.isValid(LootCategory.java:89) ~[Apotheosis-1.20.1-7.4.6.jar%23348!/:7.4.6]
	at dev.shadowsoffire.apotheosis.adventure.loot.LootCategory.forItem(LootCategory.java:182) ~[Apotheosis-1.20.1-7.4.6.jar%23348!/:7.4.6]
	at dev.shadowsoffire.apotheosis.adventure.loot.AffixLootEntry.getType(AffixLootEntry.java:91) ~[Apotheosis-1.20.1-7.4.6.jar%23348!/:7.4.6]
	at dev.shadowsoffire.apotheosis.adventure.loot.AffixLootRegistry.validateItem(AffixLootRegistry.java:30) ~[Apotheosis-1.20.1-7.4.6.jar%23348!/:7.4.6]
	at dev.shadowsoffire.apotheosis.adventure.loot.AffixLootRegistry.validateItem(AffixLootRegistry.java:13) ~[Apotheosis-1.20.1-7.4.6.jar%23348!/:7.4.6]
	at dev.shadowsoffire.placebo.reload.DynamicRegistry.register(DynamicRegistry.java:322) ~[Placebo-1.20.1-8.6.3.jar%23501!/:8.6.3]
	at dev.shadowsoffire.placebo.reload.DynamicRegistry.lambda$apply$0(DynamicRegistry.java:143) ~[Placebo-1.20.1-8.6.3.jar%23501!/:8.6.3]
	at java.util.HashMap.forEach(HashMap.java:1421) ~[?:?]
	at dev.shadowsoffire.placebo.reload.DynamicRegistry.apply(DynamicRegistry.java:136) ~[Placebo-1.20.1-8.6.3.jar%23501!/:8.6.3]
	at dev.shadowsoffire.placebo.reload.DynamicRegistry.m_5787_(DynamicRegistry.java:62) ~[Placebo-1.20.1-8.6.3.jar%23501!/:8.6.3]
	at net.minecraft.server.packs.resources.SimplePreparableReloadListener.m_10789_(SimplePreparableReloadListener.java:13) ~[server-1.20.1-20230612.114412-srg.jar%23571!/:?]
	at java.util.concurrent.CompletableFuture$UniAccept.tryFire(CompletableFuture.java:718) ~[?:?]
	at java.util.concurrent.CompletableFuture$Completion.run(CompletableFuture.java:482) ~[?:?]
	at net.minecraft.server.packs.resources.SimpleReloadInstance.m_143940_(SimpleReloadInstance.java:69) ~[server-1.20.1-20230612.114412-srg.jar%23571!/:?]
	at net.minecraft.Util.m_214652_(Util.java:783) ~[server-1.20.1-20230612.114412-srg.jar%23571!/:?]
	at net.minecraft.Util.m_214679_(Util.java:772) ~[server-1.20.1-20230612.114412-srg.jar%23571!/:?]
	at net.minecraft.server.Main.main(Main.java:166) ~[server-1.20.1-20230612.114412-srg.jar%23571!/:?]
	at jdk.internal.reflect.NativeMethodAccessorImpl.invoke0(Native Method) ~[?:?]
	at jdk.internal.reflect.NativeMethodAccessorImpl.invoke(NativeMethodAccessorImpl.java:77) ~[?:?]
	at jdk.internal.reflect.DelegatingMethodAccessorImpl.invoke(DelegatingMethodAccessorImpl.java:43) ~[?:?]
	at java.lang.reflect.Method.invoke(Method.java:569) ~[?:?]
	at net.minecraftforge.fml.loading.targets.CommonLaunchHandler.runTarget(CommonLaunchHandler.java:111) ~[fmlloader-1.20.1-47.4.0.jar%2369!/:?]
	at net.minecraftforge.fml.loading.targets.CommonLaunchHandler.serverService(CommonLaunchHandler.java:103) ~[fmlloader-1.20.1-47.4.0.jar%2369!/:?]
	at net.minecraftforge.fml.loading.targets.CommonServerLaunchHandler.lambda$makeService$0(CommonServerLaunchHandler.java:27) ~[fmlloader-1.20.1-47.4.0.jar%2369!/:?]
	at cpw.mods.modlauncher.LaunchServiceHandlerDecorator.launch(LaunchServiceHandlerDecorator.java:30) ~[modlauncher-10.0.9.jar%2355!/:?]
	at cpw.mods.modlauncher.LaunchServiceHandler.launch(LaunchServiceHandler.java:53) ~[modlauncher-10.0.9.jar%2355!/:?]
	at cpw.mods.modlauncher.LaunchServiceHandler.launch(LaunchServiceHandler.java:71) ~[modlauncher-10.0.9.jar%2355!/:?]
	at cpw.mods.modlauncher.Launcher.run(Launcher.java:108) ~[modlauncher-10.0.9.jar%2355!/:?]
	at cpw.mods.modlauncher.Launcher.main(Launcher.java:78) ~[modlauncher-10.0.9.jar%2355!/:?]
	at cpw.mods.modlauncher.BootstrapLaunchConsumer.accept(BootstrapLaunchConsumer.java:26) ~[modlauncher-10.0.9.jar%2355!/:?]
	at cpw.mods.modlauncher.BootstrapLaunchConsumer.accept(BootstrapLaunchConsumer.java:23) ~[modlauncher-10.0.9.jar%2355!/:?]
	at cpw.mods.bootstraplauncher.BootstrapLauncher.main(BootstrapLauncher.java:141) ~[bootstraplauncher-1.1.2.jar:?]
[07Apr2025 12:31:04.343] [main/ERROR] [Apotheosis : Adventure/]: Failed to execute ShieldBreakerTest
java.lang.NullPointerException: Cannot invoke "net.minecraft.world.entity.LivingEntity.m_213824_()" because "attacker" is null
	at net.minecraftforge.common.extensions.IForgeItem.canDisableShield(IForgeItem.java:695) ~[forge-1.20.1-47.4.0-universal.jar%23576!/:?]
	at net.minecraftforge.common.extensions.IForgeItemStack.canDisableShield(IForgeItemStack.java:233) ~[forge-1.20.1-47.4.0-universal.jar%23576!/:?]
	at dev.shadowsoffire.apotheosis.adventure.loot.ShieldBreakerTest.test(ShieldBreakerTest.java:48) ~[Apotheosis-1.20.1-7.4.6.jar%23348!/:7.4.6]
	at dev.shadowsoffire.apotheosis.adventure.loot.ShieldBreakerTest.test(ShieldBreakerTest.java:25) ~[Apotheosis-1.20.1-7.4.6.jar%23348!/:7.4.6]
	at dev.shadowsoffire.apotheosis.adventure.loot.LootCategory.isValid(LootCategory.java:89) ~[Apotheosis-1.20.1-7.4.6.jar%23348!/:7.4.6]
	at dev.shadowsoffire.apotheosis.adventure.loot.LootCategory.forItem(LootCategory.java:182) ~[Apotheosis-1.20.1-7.4.6.jar%23348!/:7.4.6]
	at dev.shadowsoffire.apotheosis.adventure.loot.AffixLootEntry.getType(AffixLootEntry.java:91) ~[Apotheosis-1.20.1-7.4.6.jar%23348!/:7.4.6]
	at dev.shadowsoffire.apotheosis.adventure.loot.AffixLootRegistry.validateItem(AffixLootRegistry.java:30) ~[Apotheosis-1.20.1-7.4.6.jar%23348!/:7.4.6]
	at dev.shadowsoffire.apotheosis.adventure.loot.AffixLootRegistry.validateItem(AffixLootRegistry.java:13) ~[Apotheosis-1.20.1-7.4.6.jar%23348!/:7.4.6]
	at dev.shadowsoffire.placebo.reload.DynamicRegistry.register(DynamicRegistry.java:322) ~[Placebo-1.20.1-8.6.3.jar%23501!/:8.6.3]
	at dev.shadowsoffire.placebo.reload.DynamicRegistry.lambda$apply$0(DynamicRegistry.java:143) ~[Placebo-1.20.1-8.6.3.jar%23501!/:8.6.3]
	at java.util.HashMap.forEach(HashMap.java:1421) ~[?:?]
	at dev.shadowsoffire.placebo.reload.DynamicRegistry.apply(DynamicRegistry.java:136) ~[Placebo-1.20.1-8.6.3.jar%23501!/:8.6.3]
	at dev.shadowsoffire.placebo.reload.DynamicRegistry.m_5787_(DynamicRegistry.java:62) ~[Placebo-1.20.1-8.6.3.jar%23501!/:8.6.3]
	at net.minecraft.server.packs.resources.SimplePreparableReloadListener.m_10789_(SimplePreparableReloadListener.java:13) ~[server-1.20.1-20230612.114412-srg.jar%23571!/:?]
	at java.util.concurrent.CompletableFuture$UniAccept.tryFire(CompletableFuture.java:718) ~[?:?]
	at java.util.concurrent.CompletableFuture$Completion.run(CompletableFuture.java:482) ~[?:?]
	at net.minecraft.server.packs.resources.SimpleReloadInstance.m_143940_(SimpleReloadInstance.java:69) ~[server-1.20.1-20230612.114412-srg.jar%23571!/:?]
	at net.minecraft.Util.m_214652_(Util.java:783) ~[server-1.20.1-20230612.114412-srg.jar%23571!/:?]
	at net.minecraft.Util.m_214679_(Util.java:772) ~[server-1.20.1-20230612.114412-srg.jar%23571!/:?]
	at net.minecraft.server.Main.main(Main.java:166) ~[server-1.20.1-20230612.114412-srg.jar%23571!/:?]
	at jdk.internal.reflect.NativeMethodAccessorImpl.invoke0(Native Method) ~[?:?]
	at jdk.internal.reflect.NativeMethodAccessorImpl.invoke(NativeMethodAccessorImpl.java:77) ~[?:?]
	at jdk.internal.reflect.DelegatingMethodAccessorImpl.invoke(DelegatingMethodAccessorImpl.java:43) ~[?:?]
	at java.lang.reflect.Method.invoke(Method.java:569) ~[?:?]
	at net.minecraftforge.fml.loading.targets.CommonLaunchHandler.runTarget(CommonLaunchHandler.java:111) ~[fmlloader-1.20.1-47.4.0.jar%2369!/:?]
	at net.minecraftforge.fml.loading.targets.CommonLaunchHandler.serverService(CommonLaunchHandler.java:103) ~[fmlloader-1.20.1-47.4.0.jar%2369!/:?]
	at net.minecraftforge.fml.loading.targets.CommonServerLaunchHandler.lambda$makeService$0(CommonServerLaunchHandler.java:27) ~[fmlloader-1.20.1-47.4.0.jar%2369!/:?]
	at cpw.mods.modlauncher.LaunchServiceHandlerDecorator.launch(LaunchServiceHandlerDecorator.java:30) ~[modlauncher-10.0.9.jar%2355!/:?]
	at cpw.mods.modlauncher.LaunchServiceHandler.launch(LaunchServiceHandler.java:53) ~[modlauncher-10.0.9.jar%2355!/:?]
	at cpw.mods.modlauncher.LaunchServiceHandler.launch(LaunchServiceHandler.java:71) ~[modlauncher-10.0.9.jar%2355!/:?]
	at cpw.mods.modlauncher.Launcher.run(Launcher.java:108) ~[modlauncher-10.0.9.jar%2355!/:?]
	at cpw.mods.modlauncher.Launcher.main(Launcher.java:78) ~[modlauncher-10.0.9.jar%2355!/:?]
	at cpw.mods.modlauncher.BootstrapLaunchConsumer.accept(BootstrapLaunchConsumer.java:26) ~[modlauncher-10.0.9.jar%2355!/:?]
	at cpw.mods.modlauncher.BootstrapLaunchConsumer.accept(BootstrapLaunchConsumer.java:23) ~[modlauncher-10.0.9.jar%2355!/:?]
	at cpw.mods.bootstraplauncher.BootstrapLauncher.main(BootstrapLauncher.java:141) ~[bootstraplauncher-1.1.2.jar:?]
[07Apr2025 12:31:04.344] [main/ERROR] [Apotheosis : Adventure/]: Failed to execute ShieldBreakerTest
java.lang.NullPointerException: Cannot invoke "net.minecraft.world.entity.LivingEntity.m_213824_()" because "attacker" is null
	at net.minecraftforge.common.extensions.IForgeItem.canDisableShield(IForgeItem.java:695) ~[forge-1.20.1-47.4.0-universal.jar%23576!/:?]
	at net.minecraftforge.common.extensions.IForgeItemStack.canDisableShield(IForgeItemStack.java:233) ~[forge-1.20.1-47.4.0-universal.jar%23576!/:?]
	at dev.shadowsoffire.apotheosis.adventure.loot.ShieldBreakerTest.test(ShieldBreakerTest.java:48) ~[Apotheosis-1.20.1-7.4.6.jar%23348!/:7.4.6]
	at dev.shadowsoffire.apotheosis.adventure.loot.ShieldBreakerTest.test(ShieldBreakerTest.java:25) ~[Apotheosis-1.20.1-7.4.6.jar%23348!/:7.4.6]
	at dev.shadowsoffire.apotheosis.adventure.loot.LootCategory.isValid(LootCategory.java:89) ~[Apotheosis-1.20.1-7.4.6.jar%23348!/:7.4.6]
	at dev.shadowsoffire.apotheosis.adventure.loot.LootCategory.forItem(LootCategory.java:182) ~[Apotheosis-1.20.1-7.4.6.jar%23348!/:7.4.6]
	at dev.shadowsoffire.apotheosis.adventure.loot.AffixLootEntry.getType(AffixLootEntry.java:91) ~[Apotheosis-1.20.1-7.4.6.jar%23348!/:7.4.6]
	at dev.shadowsoffire.apotheosis.adventure.loot.AffixLootRegistry.validateItem(AffixLootRegistry.java:30) ~[Apotheosis-1.20.1-7.4.6.jar%23348!/:7.4.6]
	at dev.shadowsoffire.apotheosis.adventure.loot.AffixLootRegistry.validateItem(AffixLootRegistry.java:13) ~[Apotheosis-1.20.1-7.4.6.jar%23348!/:7.4.6]
	at dev.shadowsoffire.placebo.reload.DynamicRegistry.register(DynamicRegistry.java:322) ~[Placebo-1.20.1-8.6.3.jar%23501!/:8.6.3]
	at dev.shadowsoffire.placebo.reload.DynamicRegistry.lambda$apply$0(DynamicRegistry.java:143) ~[Placebo-1.20.1-8.6.3.jar%23501!/:8.6.3]
	at java.util.HashMap.forEach(HashMap.java:1421) ~[?:?]
	at dev.shadowsoffire.placebo.reload.DynamicRegistry.apply(DynamicRegistry.java:136) ~[Placebo-1.20.1-8.6.3.jar%23501!/:8.6.3]
	at dev.shadowsoffire.placebo.reload.DynamicRegistry.m_5787_(DynamicRegistry.java:62) ~[Placebo-1.20.1-8.6.3.jar%23501!/:8.6.3]
	at net.minecraft.server.packs.resources.SimplePreparableReloadListener.m_10789_(SimplePreparableReloadListener.java:13) ~[server-1.20.1-20230612.114412-srg.jar%23571!/:?]
	at java.util.concurrent.CompletableFuture$UniAccept.tryFire(CompletableFuture.java:718) ~[?:?]
	at java.util.concurrent.CompletableFuture$Completion.run(CompletableFuture.java:482) ~[?:?]
	at net.minecraft.server.packs.resources.SimpleReloadInstance.m_143940_(SimpleReloadInstance.java:69) ~[server-1.20.1-20230612.114412-srg.jar%23571!/:?]
	at net.minecraft.Util.m_214652_(Util.java:783) ~[server-1.20.1-20230612.114412-srg.jar%23571!/:?]
	at net.minecraft.Util.m_214679_(Util.java:772) ~[server-1.20.1-20230612.114412-srg.jar%23571!/:?]
	at net.minecraft.server.Main.main(Main.java:166) ~[server-1.20.1-20230612.114412-srg.jar%23571!/:?]
	at jdk.internal.reflect.NativeMethodAccessorImpl.invoke0(Native Method) ~[?:?]
	at jdk.internal.reflect.NativeMethodAccessorImpl.invoke(NativeMethodAccessorImpl.java:77) ~[?:?]
	at jdk.internal.reflect.DelegatingMethodAccessorImpl.invoke(DelegatingMethodAccessorImpl.java:43) ~[?:?]
	at java.lang.reflect.Method.invoke(Method.java:569) ~[?:?]
	at net.minecraftforge.fml.loading.targets.CommonLaunchHandler.runTarget(CommonLaunchHandler.java:111) ~[fmlloader-1.20.1-47.4.0.jar%2369!/:?]
	at net.minecraftforge.fml.loading.targets.CommonLaunchHandler.serverService(CommonLaunchHandler.java:103) ~[fmlloader-1.20.1-47.4.0.jar%2369!/:?]
	at net.minecraftforge.fml.loading.targets.CommonServerLaunchHandler.lambda$makeService$0(CommonServerLaunchHandler.java:27) ~[fmlloader-1.20.1-47.4.0.jar%2369!/:?]
	at cpw.mods.modlauncher.LaunchServiceHandlerDecorator.launch(LaunchServiceHandlerDecorator.java:30) ~[modlauncher-10.0.9.jar%2355!/:?]
	at cpw.mods.modlauncher.LaunchServiceHandler.launch(LaunchServiceHandler.java:53) ~[modlauncher-10.0.9.jar%2355!/:?]
	at cpw.mods.modlauncher.LaunchServiceHandler.launch(LaunchServiceHandler.java:71) ~[modlauncher-10.0.9.jar%2355!/:?]
	at cpw.mods.modlauncher.Launcher.run(Launcher.java:108) ~[modlauncher-10.0.9.jar%2355!/:?]
	at cpw.mods.modlauncher.Launcher.main(Launcher.java:78) ~[modlauncher-10.0.9.jar%2355!/:?]
	at cpw.mods.modlauncher.BootstrapLaunchConsumer.accept(BootstrapLaunchConsumer.java:26) ~[modlauncher-10.0.9.jar%2355!/:?]
	at cpw.mods.modlauncher.BootstrapLaunchConsumer.accept(BootstrapLaunchConsumer.java:23) ~[modlauncher-10.0.9.jar%2355!/:?]
	at cpw.mods.bootstraplauncher.BootstrapLauncher.main(BootstrapLauncher.java:141) ~[bootstraplauncher-1.1.2.jar:?]
[07Apr2025 12:31:04.345] [main/ERROR] [Apotheosis : Adventure/]: Failed to execute ShieldBreakerTest
java.lang.NullPointerException: Cannot invoke "net.minecraft.world.entity.LivingEntity.m_213824_()" because "attacker" is null
	at net.minecraftforge.common.extensions.IForgeItem.canDisableShield(IForgeItem.java:695) ~[forge-1.20.1-47.4.0-universal.jar%23576!/:?]
	at net.minecraftforge.common.extensions.IForgeItemStack.canDisableShield(IForgeItemStack.java:233) ~[forge-1.20.1-47.4.0-universal.jar%23576!/:?]
	at dev.shadowsoffire.apotheosis.adventure.loot.ShieldBreakerTest.test(ShieldBreakerTest.java:48) ~[Apotheosis-1.20.1-7.4.6.jar%23348!/:7.4.6]
	at dev.shadowsoffire.apotheosis.adventure.loot.ShieldBreakerTest.test(ShieldBreakerTest.java:25) ~[Apotheosis-1.20.1-7.4.6.jar%23348!/:7.4.6]
	at dev.shadowsoffire.apotheosis.adventure.loot.LootCategory.isValid(LootCategory.java:89) ~[Apotheosis-1.20.1-7.4.6.jar%23348!/:7.4.6]
	at dev.shadowsoffire.apotheosis.adventure.loot.LootCategory.forItem(LootCategory.java:182) ~[Apotheosis-1.20.1-7.4.6.jar%23348!/:7.4.6]
	at dev.shadowsoffire.apotheosis.adventure.loot.AffixLootEntry.getType(AffixLootEntry.java:91) ~[Apotheosis-1.20.1-7.4.6.jar%23348!/:7.4.6]
	at dev.shadowsoffire.apotheosis.adventure.loot.AffixLootRegistry.validateItem(AffixLootRegistry.java:30) ~[Apotheosis-1.20.1-7.4.6.jar%23348!/:7.4.6]
	at dev.shadowsoffire.apotheosis.adventure.loot.AffixLootRegistry.validateItem(AffixLootRegistry.java:13) ~[Apotheosis-1.20.1-7.4.6.jar%23348!/:7.4.6]
	at dev.shadowsoffire.placebo.reload.DynamicRegistry.register(DynamicRegistry.java:322) ~[Placebo-1.20.1-8.6.3.jar%23501!/:8.6.3]
	at dev.shadowsoffire.placebo.reload.DynamicRegistry.lambda$apply$0(DynamicRegistry.java:143) ~[Placebo-1.20.1-8.6.3.jar%23501!/:8.6.3]
	at java.util.HashMap.forEach(HashMap.java:1421) ~[?:?]
	at dev.shadowsoffire.placebo.reload.DynamicRegistry.apply(DynamicRegistry.java:136) ~[Placebo-1.20.1-8.6.3.jar%23501!/:8.6.3]
	at dev.shadowsoffire.placebo.reload.DynamicRegistry.m_5787_(DynamicRegistry.java:62) ~[Placebo-1.20.1-8.6.3.jar%23501!/:8.6.3]
	at net.minecraft.server.packs.resources.SimplePreparableReloadListener.m_10789_(SimplePreparableReloadListener.java:13) ~[server-1.20.1-20230612.114412-srg.jar%23571!/:?]
	at java.util.concurrent.CompletableFuture$UniAccept.tryFire(CompletableFuture.java:718) ~[?:?]
	at java.util.concurrent.CompletableFuture$Completion.run(CompletableFuture.java:482) ~[?:?]
	at net.minecraft.server.packs.resources.SimpleReloadInstance.m_143940_(SimpleReloadInstance.java:69) ~[server-1.20.1-20230612.114412-srg.jar%23571!/:?]
	at net.minecraft.Util.m_214652_(Util.java:783) ~[server-1.20.1-20230612.114412-srg.jar%23571!/:?]
	at net.minecraft.Util.m_214679_(Util.java:772) ~[server-1.20.1-20230612.114412-srg.jar%23571!/:?]
	at net.minecraft.server.Main.main(Main.java:166) ~[server-1.20.1-20230612.114412-srg.jar%23571!/:?]
	at jdk.internal.reflect.NativeMethodAccessorImpl.invoke0(Native Method) ~[?:?]
	at jdk.internal.reflect.NativeMethodAccessorImpl.invoke(NativeMethodAccessorImpl.java:77) ~[?:?]
	at jdk.internal.reflect.DelegatingMethodAccessorImpl.invoke(DelegatingMethodAccessorImpl.java:43) ~[?:?]
	at java.lang.reflect.Method.invoke(Method.java:569) ~[?:?]
	at net.minecraftforge.fml.loading.targets.CommonLaunchHandler.runTarget(CommonLaunchHandler.java:111) ~[fmlloader-1.20.1-47.4.0.jar%2369!/:?]
	at net.minecraftforge.fml.loading.targets.CommonLaunchHandler.serverService(CommonLaunchHandler.java:103) ~[fmlloader-1.20.1-47.4.0.jar%2369!/:?]
	at net.minecraftforge.fml.loading.targets.CommonServerLaunchHandler.lambda$makeService$0(CommonServerLaunchHandler.java:27) ~[fmlloader-1.20.1-47.4.0.jar%2369!/:?]
	at cpw.mods.modlauncher.LaunchServiceHandlerDecorator.launch(LaunchServiceHandlerDecorator.java:30) ~[modlauncher-10.0.9.jar%2355!/:?]
	at cpw.mods.modlauncher.LaunchServiceHandler.launch(LaunchServiceHandler.java:53) ~[modlauncher-10.0.9.jar%2355!/:?]
	at cpw.mods.modlauncher.LaunchServiceHandler.launch(LaunchServiceHandler.java:71) ~[modlauncher-10.0.9.jar%2355!/:?]
	at cpw.mods.modlauncher.Launcher.run(Launcher.java:108) ~[modlauncher-10.0.9.jar%2355!/:?]
	at cpw.mods.modlauncher.Launcher.main(Launcher.java:78) ~[modlauncher-10.0.9.jar%2355!/:?]
	at cpw.mods.modlauncher.BootstrapLaunchConsumer.accept(BootstrapLaunchConsumer.java:26) ~[modlauncher-10.0.9.jar%2355!/:?]
	at cpw.mods.modlauncher.BootstrapLaunchConsumer.accept(BootstrapLaunchConsumer.java:23) ~[modlauncher-10.0.9.jar%2355!/:?]
	at cpw.mods.bootstraplauncher.BootstrapLauncher.main(BootstrapLauncher.java:141) ~[bootstraplauncher-1.1.2.jar:?]
[07Apr2025 12:31:04.346] [main/ERROR] [Apotheosis : Adventure/]: Failed to execute ShieldBreakerTest
java.lang.NullPointerException: Cannot invoke "net.minecraft.world.entity.LivingEntity.m_213824_()" because "attacker" is null
	at net.minecraftforge.common.extensions.IForgeItem.canDisableShield(IForgeItem.java:695) ~[forge-1.20.1-47.4.0-universal.jar%23576!/:?]
	at net.minecraftforge.common.extensions.IForgeItemStack.canDisableShield(IForgeItemStack.java:233) ~[forge-1.20.1-47.4.0-universal.jar%23576!/:?]
	at dev.shadowsoffire.apotheosis.adventure.loot.ShieldBreakerTest.test(ShieldBreakerTest.java:48) ~[Apotheosis-1.20.1-7.4.6.jar%23348!/:7.4.6]
	at dev.shadowsoffire.apotheosis.adventure.loot.ShieldBreakerTest.test(ShieldBreakerTest.java:25) ~[Apotheosis-1.20.1-7.4.6.jar%23348!/:7.4.6]
	at dev.shadowsoffire.apotheosis.adventure.loot.LootCategory.isValid(LootCategory.java:89) ~[Apotheosis-1.20.1-7.4.6.jar%23348!/:7.4.6]
	at dev.shadowsoffire.apotheosis.adventure.loot.LootCategory.forItem(LootCategory.java:182) ~[Apotheosis-1.20.1-7.4.6.jar%23348!/:7.4.6]
	at dev.shadowsoffire.apotheosis.adventure.loot.AffixLootEntry.getType(AffixLootEntry.java:91) ~[Apotheosis-1.20.1-7.4.6.jar%23348!/:7.4.6]
	at dev.shadowsoffire.apotheosis.adventure.loot.AffixLootRegistry.validateItem(AffixLootRegistry.java:30) ~[Apotheosis-1.20.1-7.4.6.jar%23348!/:7.4.6]
	at dev.shadowsoffire.apotheosis.adventure.loot.AffixLootRegistry.validateItem(AffixLootRegistry.java:13) ~[Apotheosis-1.20.1-7.4.6.jar%23348!/:7.4.6]
	at dev.shadowsoffire.placebo.reload.DynamicRegistry.register(DynamicRegistry.java:322) ~[Placebo-1.20.1-8.6.3.jar%23501!/:8.6.3]
	at dev.shadowsoffire.placebo.reload.DynamicRegistry.lambda$apply$0(DynamicRegistry.java:143) ~[Placebo-1.20.1-8.6.3.jar%23501!/:8.6.3]
	at java.util.HashMap.forEach(HashMap.java:1421) ~[?:?]
	at dev.shadowsoffire.placebo.reload.DynamicRegistry.apply(DynamicRegistry.java:136) ~[Placebo-1.20.1-8.6.3.jar%23501!/:8.6.3]
	at dev.shadowsoffire.placebo.reload.DynamicRegistry.m_5787_(DynamicRegistry.java:62) ~[Placebo-1.20.1-8.6.3.jar%23501!/:8.6.3]
	at net.minecraft.server.packs.resources.SimplePreparableReloadListener.m_10789_(SimplePreparableReloadListener.java:13) ~[server-1.20.1-20230612.114412-srg.jar%23571!/:?]
	at java.util.concurrent.CompletableFuture$UniAccept.tryFire(CompletableFuture.java:718) ~[?:?]
	at java.util.concurrent.CompletableFuture$Completion.run(CompletableFuture.java:482) ~[?:?]
	at net.minecraft.server.packs.resources.SimpleReloadInstance.m_143940_(SimpleReloadInstance.java:69) ~[server-1.20.1-20230612.114412-srg.jar%23571!/:?]
	at net.minecraft.Util.m_214652_(Util.java:783) ~[server-1.20.1-20230612.114412-srg.jar%23571!/:?]
	at net.minecraft.Util.m_214679_(Util.java:772) ~[server-1.20.1-20230612.114412-srg.jar%23571!/:?]
	at net.minecraft.server.Main.main(Main.java:166) ~[server-1.20.1-20230612.114412-srg.jar%23571!/:?]
	at jdk.internal.reflect.NativeMethodAccessorImpl.invoke0(Native Method) ~[?:?]
	at jdk.internal.reflect.NativeMethodAccessorImpl.invoke(NativeMethodAccessorImpl.java:77) ~[?:?]
	at jdk.internal.reflect.DelegatingMethodAccessorImpl.invoke(DelegatingMethodAccessorImpl.java:43) ~[?:?]
	at java.lang.reflect.Method.invoke(Method.java:569) ~[?:?]
	at net.minecraftforge.fml.loading.targets.CommonLaunchHandler.runTarget(CommonLaunchHandler.java:111) ~[fmlloader-1.20.1-47.4.0.jar%2369!/:?]
	at net.minecraftforge.fml.loading.targets.CommonLaunchHandler.serverService(CommonLaunchHandler.java:103) ~[fmlloader-1.20.1-47.4.0.jar%2369!/:?]
	at net.minecraftforge.fml.loading.targets.CommonServerLaunchHandler.lambda$makeService$0(CommonServerLaunchHandler.java:27) ~[fmlloader-1.20.1-47.4.0.jar%2369!/:?]
	at cpw.mods.modlauncher.LaunchServiceHandlerDecorator.launch(LaunchServiceHandlerDecorator.java:30) ~[modlauncher-10.0.9.jar%2355!/:?]
	at cpw.mods.modlauncher.LaunchServiceHandler.launch(LaunchServiceHandler.java:53) ~[modlauncher-10.0.9.jar%2355!/:?]
	at cpw.mods.modlauncher.LaunchServiceHandler.launch(LaunchServiceHandler.java:71) ~[modlauncher-10.0.9.jar%2355!/:?]
	at cpw.mods.modlauncher.Launcher.run(Launcher.java:108) ~[modlauncher-10.0.9.jar%2355!/:?]
	at cpw.mods.modlauncher.Launcher.main(Launcher.java:78) ~[modlauncher-10.0.9.jar%2355!/:?]
	at cpw.mods.modlauncher.BootstrapLaunchConsumer.accept(BootstrapLaunchConsumer.java:26) ~[modlauncher-10.0.9.jar%2355!/:?]
	at cpw.mods.modlauncher.BootstrapLaunchConsumer.accept(BootstrapLaunchConsumer.java:23) ~[modlauncher-10.0.9.jar%2355!/:?]
	at cpw.mods.bootstraplauncher.BootstrapLauncher.main(BootstrapLauncher.java:141) ~[bootstraplauncher-1.1.2.jar:?]
[07Apr2025 12:31:04.347] [main/ERROR] [Apotheosis : Adventure/]: Failed to execute ShieldBreakerTest
java.lang.NullPointerException: Cannot invoke "net.minecraft.world.entity.LivingEntity.m_213824_()" because "attacker" is null
	at net.minecraftforge.common.extensions.IForgeItem.canDisableShield(IForgeItem.java:695) ~[forge-1.20.1-47.4.0-universal.jar%23576!/:?]
	at net.minecraftforge.common.extensions.IForgeItemStack.canDisableShield(IForgeItemStack.java:233) ~[forge-1.20.1-47.4.0-universal.jar%23576!/:?]
	at dev.shadowsoffire.apotheosis.adventure.loot.ShieldBreakerTest.test(ShieldBreakerTest.java:48) ~[Apotheosis-1.20.1-7.4.6.jar%23348!/:7.4.6]
	at dev.shadowsoffire.apotheosis.adventure.loot.ShieldBreakerTest.test(ShieldBreakerTest.java:25) ~[Apotheosis-1.20.1-7.4.6.jar%23348!/:7.4.6]
	at dev.shadowsoffire.apotheosis.adventure.loot.LootCategory.isValid(LootCategory.java:89) ~[Apotheosis-1.20.1-7.4.6.jar%23348!/:7.4.6]
	at dev.shadowsoffire.apotheosis.adventure.loot.LootCategory.forItem(LootCategory.java:182) ~[Apotheosis-1.20.1-7.4.6.jar%23348!/:7.4.6]
	at dev.shadowsoffire.apotheosis.adventure.loot.AffixLootEntry.getType(AffixLootEntry.java:91) ~[Apotheosis-1.20.1-7.4.6.jar%23348!/:7.4.6]
	at dev.shadowsoffire.apotheosis.adventure.loot.AffixLootRegistry.validateItem(AffixLootRegistry.java:30) ~[Apotheosis-1.20.1-7.4.6.jar%23348!/:7.4.6]
	at dev.shadowsoffire.apotheosis.adventure.loot.AffixLootRegistry.validateItem(AffixLootRegistry.java:13) ~[Apotheosis-1.20.1-7.4.6.jar%23348!/:7.4.6]
	at dev.shadowsoffire.placebo.reload.DynamicRegistry.register(DynamicRegistry.java:322) ~[Placebo-1.20.1-8.6.3.jar%23501!/:8.6.3]
	at dev.shadowsoffire.placebo.reload.DynamicRegistry.lambda$apply$0(DynamicRegistry.java:143) ~[Placebo-1.20.1-8.6.3.jar%23501!/:8.6.3]
	at java.util.HashMap.forEach(HashMap.java:1421) ~[?:?]
	at dev.shadowsoffire.placebo.reload.DynamicRegistry.apply(DynamicRegistry.java:136) ~[Placebo-1.20.1-8.6.3.jar%23501!/:8.6.3]
	at dev.shadowsoffire.placebo.reload.DynamicRegistry.m_5787_(DynamicRegistry.java:62) ~[Placebo-1.20.1-8.6.3.jar%23501!/:8.6.3]
	at net.minecraft.server.packs.resources.SimplePreparableReloadListener.m_10789_(SimplePreparableReloadListener.java:13) ~[server-1.20.1-20230612.114412-srg.jar%23571!/:?]
	at java.util.concurrent.CompletableFuture$UniAccept.tryFire(CompletableFuture.java:718) ~[?:?]
	at java.util.concurrent.CompletableFuture$Completion.run(CompletableFuture.java:482) ~[?:?]
	at net.minecraft.server.packs.resources.SimpleReloadInstance.m_143940_(SimpleReloadInstance.java:69) ~[server-1.20.1-20230612.114412-srg.jar%23571!/:?]
	at net.minecraft.Util.m_214652_(Util.java:783) ~[server-1.20.1-20230612.114412-srg.jar%23571!/:?]
	at net.minecraft.Util.m_214679_(Util.java:772) ~[server-1.20.1-20230612.114412-srg.jar%23571!/:?]
	at net.minecraft.server.Main.main(Main.java:166) ~[server-1.20.1-20230612.114412-srg.jar%23571!/:?]
	at jdk.internal.reflect.NativeMethodAccessorImpl.invoke0(Native Method) ~[?:?]
	at jdk.internal.reflect.NativeMethodAccessorImpl.invoke(NativeMethodAccessorImpl.java:77) ~[?:?]
	at jdk.internal.reflect.DelegatingMethodAccessorImpl.invoke(DelegatingMethodAccessorImpl.java:43) ~[?:?]
	at java.lang.reflect.Method.invoke(Method.java:569) ~[?:?]
	at net.minecraftforge.fml.loading.targets.CommonLaunchHandler.runTarget(CommonLaunchHandler.java:111) ~[fmlloader-1.20.1-47.4.0.jar%2369!/:?]
	at net.minecraftforge.fml.loading.targets.CommonLaunchHandler.serverService(CommonLaunchHandler.java:103) ~[fmlloader-1.20.1-47.4.0.jar%2369!/:?]
	at net.minecraftforge.fml.loading.targets.CommonServerLaunchHandler.lambda$makeService$0(CommonServerLaunchHandler.java:27) ~[fmlloader-1.20.1-47.4.0.jar%2369!/:?]
	at cpw.mods.modlauncher.LaunchServiceHandlerDecorator.launch(LaunchServiceHandlerDecorator.java:30) ~[modlauncher-10.0.9.jar%2355!/:?]
	at cpw.mods.modlauncher.LaunchServiceHandler.launch(LaunchServiceHandler.java:53) ~[modlauncher-10.0.9.jar%2355!/:?]
	at cpw.mods.modlauncher.LaunchServiceHandler.launch(LaunchServiceHandler.java:71) ~[modlauncher-10.0.9.jar%2355!/:?]
	at cpw.mods.modlauncher.Launcher.run(Launcher.java:108) ~[modlauncher-10.0.9.jar%2355!/:?]
	at cpw.mods.modlauncher.Launcher.main(Launcher.java:78) ~[modlauncher-10.0.9.jar%2355!/:?]
	at cpw.mods.modlauncher.BootstrapLaunchConsumer.accept(BootstrapLaunchConsumer.java:26) ~[modlauncher-10.0.9.jar%2355!/:?]
	at cpw.mods.modlauncher.BootstrapLaunchConsumer.accept(BootstrapLaunchConsumer.java:23) ~[modlauncher-10.0.9.jar%2355!/:?]
	at cpw.mods.bootstraplauncher.BootstrapLauncher.main(BootstrapLauncher.java:141) ~[bootstraplauncher-1.1.2.jar:?]
[07Apr2025 12:31:04.349] [main/ERROR] [Apotheosis : Adventure/]: Failed to execute ShieldBreakerTest
java.lang.NullPointerException: Cannot invoke "net.minecraft.world.entity.LivingEntity.m_213824_()" because "attacker" is null
	at net.minecraftforge.common.extensions.IForgeItem.canDisableShield(IForgeItem.java:695) ~[forge-1.20.1-47.4.0-universal.jar%23576!/:?]
	at net.minecraftforge.common.extensions.IForgeItemStack.canDisableShield(IForgeItemStack.java:233) ~[forge-1.20.1-47.4.0-universal.jar%23576!/:?]
	at dev.shadowsoffire.apotheosis.adventure.loot.ShieldBreakerTest.test(ShieldBreakerTest.java:48) ~[Apotheosis-1.20.1-7.4.6.jar%23348!/:7.4.6]
	at dev.shadowsoffire.apotheosis.adventure.loot.ShieldBreakerTest.test(ShieldBreakerTest.java:25) ~[Apotheosis-1.20.1-7.4.6.jar%23348!/:7.4.6]
	at dev.shadowsoffire.apotheosis.adventure.loot.LootCategory.isValid(LootCategory.java:89) ~[Apotheosis-1.20.1-7.4.6.jar%23348!/:7.4.6]
	at dev.shadowsoffire.apotheosis.adventure.loot.LootCategory.forItem(LootCategory.java:182) ~[Apotheosis-1.20.1-7.4.6.jar%23348!/:7.4.6]
	at dev.shadowsoffire.apotheosis.adventure.loot.AffixLootEntry.getType(AffixLootEntry.java:91) ~[Apotheosis-1.20.1-7.4.6.jar%23348!/:7.4.6]
	at dev.shadowsoffire.apotheosis.adventure.loot.AffixLootRegistry.validateItem(AffixLootRegistry.java:30) ~[Apotheosis-1.20.1-7.4.6.jar%23348!/:7.4.6]
	at dev.shadowsoffire.apotheosis.adventure.loot.AffixLootRegistry.validateItem(AffixLootRegistry.java:13) ~[Apotheosis-1.20.1-7.4.6.jar%23348!/:7.4.6]
	at dev.shadowsoffire.placebo.reload.DynamicRegistry.register(DynamicRegistry.java:322) ~[Placebo-1.20.1-8.6.3.jar%23501!/:8.6.3]
	at dev.shadowsoffire.placebo.reload.DynamicRegistry.lambda$apply$0(DynamicRegistry.java:143) ~[Placebo-1.20.1-8.6.3.jar%23501!/:8.6.3]
	at java.util.HashMap.forEach(HashMap.java:1421) ~[?:?]
	at dev.shadowsoffire.placebo.reload.DynamicRegistry.apply(DynamicRegistry.java:136) ~[Placebo-1.20.1-8.6.3.jar%23501!/:8.6.3]
	at dev.shadowsoffire.placebo.reload.DynamicRegistry.m_5787_(DynamicRegistry.java:62) ~[Placebo-1.20.1-8.6.3.jar%23501!/:8.6.3]
	at net.minecraft.server.packs.resources.SimplePreparableReloadListener.m_10789_(SimplePreparableReloadListener.java:13) ~[server-1.20.1-20230612.114412-srg.jar%23571!/:?]
	at java.util.concurrent.CompletableFuture$UniAccept.tryFire(CompletableFuture.java:718) ~[?:?]
	at java.util.concurrent.CompletableFuture$Completion.run(CompletableFuture.java:482) ~[?:?]
	at net.minecraft.server.packs.resources.SimpleReloadInstance.m_143940_(SimpleReloadInstance.java:69) ~[server-1.20.1-20230612.114412-srg.jar%23571!/:?]
	at net.minecraft.Util.m_214652_(Util.java:783) ~[server-1.20.1-20230612.114412-srg.jar%23571!/:?]
	at net.minecraft.Util.m_214679_(Util.java:772) ~[server-1.20.1-20230612.114412-srg.jar%23571!/:?]
	at net.minecraft.server.Main.main(Main.java:166) ~[server-1.20.1-20230612.114412-srg.jar%23571!/:?]
	at jdk.internal.reflect.NativeMethodAccessorImpl.invoke0(Native Method) ~[?:?]
	at jdk.internal.reflect.NativeMethodAccessorImpl.invoke(NativeMethodAccessorImpl.java:77) ~[?:?]
	at jdk.internal.reflect.DelegatingMethodAccessorImpl.invoke(DelegatingMethodAccessorImpl.java:43) ~[?:?]
	at java.lang.reflect.Method.invoke(Method.java:569) ~[?:?]
	at net.minecraftforge.fml.loading.targets.CommonLaunchHandler.runTarget(CommonLaunchHandler.java:111) ~[fmlloader-1.20.1-47.4.0.jar%2369!/:?]
	at net.minecraftforge.fml.loading.targets.CommonLaunchHandler.serverService(CommonLaunchHandler.java:103) ~[fmlloader-1.20.1-47.4.0.jar%2369!/:?]
	at net.minecraftforge.fml.loading.targets.CommonServerLaunchHandler.lambda$makeService$0(CommonServerLaunchHandler.java:27) ~[fmlloader-1.20.1-47.4.0.jar%2369!/:?]
	at cpw.mods.modlauncher.LaunchServiceHandlerDecorator.launch(LaunchServiceHandlerDecorator.java:30) ~[modlauncher-10.0.9.jar%2355!/:?]
	at cpw.mods.modlauncher.LaunchServiceHandler.launch(LaunchServiceHandler.java:53) ~[modlauncher-10.0.9.jar%2355!/:?]
	at cpw.mods.modlauncher.LaunchServiceHandler.launch(LaunchServiceHandler.java:71) ~[modlauncher-10.0.9.jar%2355!/:?]
	at cpw.mods.modlauncher.Launcher.run(Launcher.java:108) ~[modlauncher-10.0.9.jar%2355!/:?]
	at cpw.mods.modlauncher.Launcher.main(Launcher.java:78) ~[modlauncher-10.0.9.jar%2355!/:?]
	at cpw.mods.modlauncher.BootstrapLaunchConsumer.accept(BootstrapLaunchConsumer.java:26) ~[modlauncher-10.0.9.jar%2355!/:?]
	at cpw.mods.modlauncher.BootstrapLaunchConsumer.accept(BootstrapLaunchConsumer.java:23) ~[modlauncher-10.0.9.jar%2355!/:?]
	at cpw.mods.bootstraplauncher.BootstrapLauncher.main(BootstrapLauncher.java:141) ~[bootstraplauncher-1.1.2.jar:?]
[07Apr2025 12:31:04.350] [main/ERROR] [Apotheosis : Adventure/]: Failed to execute ShieldBreakerTest
java.lang.NullPointerException: Cannot invoke "net.minecraft.world.entity.LivingEntity.m_213824_()" because "attacker" is null
	at net.minecraftforge.common.extensions.IForgeItem.canDisableShield(IForgeItem.java:695) ~[forge-1.20.1-47.4.0-universal.jar%23576!/:?]
	at net.minecraftforge.common.extensions.IForgeItemStack.canDisableShield(IForgeItemStack.java:233) ~[forge-1.20.1-47.4.0-universal.jar%23576!/:?]
	at dev.shadowsoffire.apotheosis.adventure.loot.ShieldBreakerTest.test(ShieldBreakerTest.java:48) ~[Apotheosis-1.20.1-7.4.6.jar%23348!/:7.4.6]
	at dev.shadowsoffire.apotheosis.adventure.loot.ShieldBreakerTest.test(ShieldBreakerTest.java:25) ~[Apotheosis-1.20.1-7.4.6.jar%23348!/:7.4.6]
	at dev.shadowsoffire.apotheosis.adventure.loot.LootCategory.isValid(LootCategory.java:89) ~[Apotheosis-1.20.1-7.4.6.jar%23348!/:7.4.6]
	at dev.shadowsoffire.apotheosis.adventure.loot.LootCategory.forItem(LootCategory.java:182) ~[Apotheosis-1.20.1-7.4.6.jar%23348!/:7.4.6]
	at dev.shadowsoffire.apotheosis.adventure.loot.AffixLootEntry.getType(AffixLootEntry.java:91) ~[Apotheosis-1.20.1-7.4.6.jar%23348!/:7.4.6]
	at dev.shadowsoffire.apotheosis.adventure.loot.AffixLootRegistry.validateItem(AffixLootRegistry.java:30) ~[Apotheosis-1.20.1-7.4.6.jar%23348!/:7.4.6]
	at dev.shadowsoffire.apotheosis.adventure.loot.AffixLootRegistry.validateItem(AffixLootRegistry.java:13) ~[Apotheosis-1.20.1-7.4.6.jar%23348!/:7.4.6]
	at dev.shadowsoffire.placebo.reload.DynamicRegistry.register(DynamicRegistry.java:322) ~[Placebo-1.20.1-8.6.3.jar%23501!/:8.6.3]
	at dev.shadowsoffire.placebo.reload.DynamicRegistry.lambda$apply$0(DynamicRegistry.java:143) ~[Placebo-1.20.1-8.6.3.jar%23501!/:8.6.3]
	at java.util.HashMap.forEach(HashMap.java:1421) ~[?:?]
	at dev.shadowsoffire.placebo.reload.DynamicRegistry.apply(DynamicRegistry.java:136) ~[Placebo-1.20.1-8.6.3.jar%23501!/:8.6.3]
	at dev.shadowsoffire.placebo.reload.DynamicRegistry.m_5787_(DynamicRegistry.java:62) ~[Placebo-1.20.1-8.6.3.jar%23501!/:8.6.3]
	at net.minecraft.server.packs.resources.SimplePreparableReloadListener.m_10789_(SimplePreparableReloadListener.java:13) ~[server-1.20.1-20230612.114412-srg.jar%23571!/:?]
	at java.util.concurrent.CompletableFuture$UniAccept.tryFire(CompletableFuture.java:718) ~[?:?]
	at java.util.concurrent.CompletableFuture$Completion.run(CompletableFuture.java:482) ~[?:?]
	at net.minecraft.server.packs.resources.SimpleReloadInstance.m_143940_(SimpleReloadInstance.java:69) ~[server-1.20.1-20230612.114412-srg.jar%23571!/:?]
	at net.minecraft.Util.m_214652_(Util.java:783) ~[server-1.20.1-20230612.114412-srg.jar%23571!/:?]
	at net.minecraft.Util.m_214679_(Util.java:772) ~[server-1.20.1-20230612.114412-srg.jar%23571!/:?]
	at net.minecraft.server.Main.main(Main.java:166) ~[server-1.20.1-20230612.114412-srg.jar%23571!/:?]
	at jdk.internal.reflect.NativeMethodAccessorImpl.invoke0(Native Method) ~[?:?]
	at jdk.internal.reflect.NativeMethodAccessorImpl.invoke(NativeMethodAccessorImpl.java:77) ~[?:?]
	at jdk.internal.reflect.DelegatingMethodAccessorImpl.invoke(DelegatingMethodAccessorImpl.java:43) ~[?:?]
	at java.lang.reflect.Method.invoke(Method.java:569) ~[?:?]
	at net.minecraftforge.fml.loading.targets.CommonLaunchHandler.runTarget(CommonLaunchHandler.java:111) ~[fmlloader-1.20.1-47.4.0.jar%2369!/:?]
	at net.minecraftforge.fml.loading.targets.CommonLaunchHandler.serverService(CommonLaunchHandler.java:103) ~[fmlloader-1.20.1-47.4.0.jar%2369!/:?]
	at net.minecraftforge.fml.loading.targets.CommonServerLaunchHandler.lambda$makeService$0(CommonServerLaunchHandler.java:27) ~[fmlloader-1.20.1-47.4.0.jar%2369!/:?]
	at cpw.mods.modlauncher.LaunchServiceHandlerDecorator.launch(LaunchServiceHandlerDecorator.java:30) ~[modlauncher-10.0.9.jar%2355!/:?]
	at cpw.mods.modlauncher.LaunchServiceHandler.launch(LaunchServiceHandler.java:53) ~[modlauncher-10.0.9.jar%2355!/:?]
	at cpw.mods.modlauncher.LaunchServiceHandler.launch(LaunchServiceHandler.java:71) ~[modlauncher-10.0.9.jar%2355!/:?]
	at cpw.mods.modlauncher.Launcher.run(Launcher.java:108) ~[modlauncher-10.0.9.jar%2355!/:?]
	at cpw.mods.modlauncher.Launcher.main(Launcher.java:78) ~[modlauncher-10.0.9.jar%2355!/:?]
	at cpw.mods.modlauncher.BootstrapLaunchConsumer.accept(BootstrapLaunchConsumer.java:26) ~[modlauncher-10.0.9.jar%2355!/:?]
	at cpw.mods.modlauncher.BootstrapLaunchConsumer.accept(BootstrapLaunchConsumer.java:23) ~[modlauncher-10.0.9.jar%2355!/:?]
	at cpw.mods.bootstraplauncher.BootstrapLauncher.main(BootstrapLauncher.java:141) ~[bootstraplauncher-1.1.2.jar:?]
[07Apr2025 12:31:04.351] [main/ERROR] [Apotheosis : Adventure/]: Failed to execute ShieldBreakerTest
java.lang.NullPointerException: Cannot invoke "net.minecraft.world.entity.LivingEntity.m_213824_()" because "attacker" is null
	at net.minecraftforge.common.extensions.IForgeItem.canDisableShield(IForgeItem.java:695) ~[forge-1.20.1-47.4.0-universal.jar%23576!/:?]
	at net.minecraftforge.common.extensions.IForgeItemStack.canDisableShield(IForgeItemStack.java:233) ~[forge-1.20.1-47.4.0-universal.jar%23576!/:?]
	at dev.shadowsoffire.apotheosis.adventure.loot.ShieldBreakerTest.test(ShieldBreakerTest.java:48) ~[Apotheosis-1.20.1-7.4.6.jar%23348!/:7.4.6]
	at dev.shadowsoffire.apotheosis.adventure.loot.ShieldBreakerTest.test(ShieldBreakerTest.java:25) ~[Apotheosis-1.20.1-7.4.6.jar%23348!/:7.4.6]
	at dev.shadowsoffire.apotheosis.adventure.loot.LootCategory.isValid(LootCategory.java:89) ~[Apotheosis-1.20.1-7.4.6.jar%23348!/:7.4.6]
	at dev.shadowsoffire.apotheosis.adventure.loot.LootCategory.forItem(LootCategory.java:182) ~[Apotheosis-1.20.1-7.4.6.jar%23348!/:7.4.6]
	at dev.shadowsoffire.apotheosis.adventure.loot.AffixLootEntry.getType(AffixLootEntry.java:91) ~[Apotheosis-1.20.1-7.4.6.jar%23348!/:7.4.6]
	at dev.shadowsoffire.apotheosis.adventure.loot.AffixLootRegistry.validateItem(AffixLootRegistry.java:30) ~[Apotheosis-1.20.1-7.4.6.jar%23348!/:7.4.6]
	at dev.shadowsoffire.apotheosis.adventure.loot.AffixLootRegistry.validateItem(AffixLootRegistry.java:13) ~[Apotheosis-1.20.1-7.4.6.jar%23348!/:7.4.6]
	at dev.shadowsoffire.placebo.reload.DynamicRegistry.register(DynamicRegistry.java:322) ~[Placebo-1.20.1-8.6.3.jar%23501!/:8.6.3]
	at dev.shadowsoffire.placebo.reload.DynamicRegistry.lambda$apply$0(DynamicRegistry.java:143) ~[Placebo-1.20.1-8.6.3.jar%23501!/:8.6.3]
	at java.util.HashMap.forEach(HashMap.java:1421) ~[?:?]
	at dev.shadowsoffire.placebo.reload.DynamicRegistry.apply(DynamicRegistry.java:136) ~[Placebo-1.20.1-8.6.3.jar%23501!/:8.6.3]
	at dev.shadowsoffire.placebo.reload.DynamicRegistry.m_5787_(DynamicRegistry.java:62) ~[Placebo-1.20.1-8.6.3.jar%23501!/:8.6.3]
	at net.minecraft.server.packs.resources.SimplePreparableReloadListener.m_10789_(SimplePreparableReloadListener.java:13) ~[server-1.20.1-20230612.114412-srg.jar%23571!/:?]
	at java.util.concurrent.CompletableFuture$UniAccept.tryFire(CompletableFuture.java:718) ~[?:?]
	at java.util.concurrent.CompletableFuture$Completion.run(CompletableFuture.java:482) ~[?:?]
	at net.minecraft.server.packs.resources.SimpleReloadInstance.m_143940_(SimpleReloadInstance.java:69) ~[server-1.20.1-20230612.114412-srg.jar%23571!/:?]
	at net.minecraft.Util.m_214652_(Util.java:783) ~[server-1.20.1-20230612.114412-srg.jar%23571!/:?]
	at net.minecraft.Util.m_214679_(Util.java:772) ~[server-1.20.1-20230612.114412-srg.jar%23571!/:?]
	at net.minecraft.server.Main.main(Main.java:166) ~[server-1.20.1-20230612.114412-srg.jar%23571!/:?]
	at jdk.internal.reflect.NativeMethodAccessorImpl.invoke0(Native Method) ~[?:?]
	at jdk.internal.reflect.NativeMethodAccessorImpl.invoke(NativeMethodAccessorImpl.java:77) ~[?:?]
	at jdk.internal.reflect.DelegatingMethodAccessorImpl.invoke(DelegatingMethodAccessorImpl.java:43) ~[?:?]
	at java.lang.reflect.Method.invoke(Method.java:569) ~[?:?]
	at net.minecraftforge.fml.loading.targets.CommonLaunchHandler.runTarget(CommonLaunchHandler.java:111) ~[fmlloader-1.20.1-47.4.0.jar%2369!/:?]
	at net.minecraftforge.fml.loading.targets.CommonLaunchHandler.serverService(CommonLaunchHandler.java:103) ~[fmlloader-1.20.1-47.4.0.jar%2369!/:?]
	at net.minecraftforge.fml.loading.targets.CommonServerLaunchHandler.lambda$makeService$0(CommonServerLaunchHandler.java:27) ~[fmlloader-1.20.1-47.4.0.jar%2369!/:?]
	at cpw.mods.modlauncher.LaunchServiceHandlerDecorator.launch(LaunchServiceHandlerDecorator.java:30) ~[modlauncher-10.0.9.jar%2355!/:?]
	at cpw.mods.modlauncher.LaunchServiceHandler.launch(LaunchServiceHandler.java:53) ~[modlauncher-10.0.9.jar%2355!/:?]
	at cpw.mods.modlauncher.LaunchServiceHandler.launch(LaunchServiceHandler.java:71) ~[modlauncher-10.0.9.jar%2355!/:?]
	at cpw.mods.modlauncher.Launcher.run(Launcher.java:108) ~[modlauncher-10.0.9.jar%2355!/:?]
	at cpw.mods.modlauncher.Launcher.main(Launcher.java:78) ~[modlauncher-10.0.9.jar%2355!/:?]
	at cpw.mods.modlauncher.BootstrapLaunchConsumer.accept(BootstrapLaunchConsumer.java:26) ~[modlauncher-10.0.9.jar%2355!/:?]
	at cpw.mods.modlauncher.BootstrapLaunchConsumer.accept(BootstrapLaunchConsumer.java:23) ~[modlauncher-10.0.9.jar%2355!/:?]
	at cpw.mods.bootstraplauncher.BootstrapLauncher.main(BootstrapLauncher.java:141) ~[bootstraplauncher-1.1.2.jar:?]
[07Apr2025 12:31:04.352] [main/ERROR] [Apotheosis : Adventure/]: Failed to execute ShieldBreakerTest
java.lang.NullPointerException: Cannot invoke "net.minecraft.world.entity.LivingEntity.m_213824_()" because "attacker" is null
	at net.minecraftforge.common.extensions.IForgeItem.canDisableShield(IForgeItem.java:695) ~[forge-1.20.1-47.4.0-universal.jar%23576!/:?]
	at net.minecraftforge.common.extensions.IForgeItemStack.canDisableShield(IForgeItemStack.java:233) ~[forge-1.20.1-47.4.0-universal.jar%23576!/:?]
	at dev.shadowsoffire.apotheosis.adventure.loot.ShieldBreakerTest.test(ShieldBreakerTest.java:48) ~[Apotheosis-1.20.1-7.4.6.jar%23348!/:7.4.6]
	at dev.shadowsoffire.apotheosis.adventure.loot.ShieldBreakerTest.test(ShieldBreakerTest.java:25) ~[Apotheosis-1.20.1-7.4.6.jar%23348!/:7.4.6]
	at dev.shadowsoffire.apotheosis.adventure.loot.LootCategory.isValid(LootCategory.java:89) ~[Apotheosis-1.20.1-7.4.6.jar%23348!/:7.4.6]
	at dev.shadowsoffire.apotheosis.adventure.loot.LootCategory.forItem(LootCategory.java:182) ~[Apotheosis-1.20.1-7.4.6.jar%23348!/:7.4.6]
	at dev.shadowsoffire.apotheosis.adventure.loot.AffixLootEntry.getType(AffixLootEntry.java:91) ~[Apotheosis-1.20.1-7.4.6.jar%23348!/:7.4.6]
	at dev.shadowsoffire.apotheosis.adventure.loot.AffixLootRegistry.validateItem(AffixLootRegistry.java:30) ~[Apotheosis-1.20.1-7.4.6.jar%23348!/:7.4.6]
	at dev.shadowsoffire.apotheosis.adventure.loot.AffixLootRegistry.validateItem(AffixLootRegistry.java:13) ~[Apotheosis-1.20.1-7.4.6.jar%23348!/:7.4.6]
	at dev.shadowsoffire.placebo.reload.DynamicRegistry.register(DynamicRegistry.java:322) ~[Placebo-1.20.1-8.6.3.jar%23501!/:8.6.3]
	at dev.shadowsoffire.placebo.reload.DynamicRegistry.lambda$apply$0(DynamicRegistry.java:143) ~[Placebo-1.20.1-8.6.3.jar%23501!/:8.6.3]
	at java.util.HashMap.forEach(HashMap.java:1421) ~[?:?]
	at dev.shadowsoffire.placebo.reload.DynamicRegistry.apply(DynamicRegistry.java:136) ~[Placebo-1.20.1-8.6.3.jar%23501!/:8.6.3]
	at dev.shadowsoffire.placebo.reload.DynamicRegistry.m_5787_(DynamicRegistry.java:62) ~[Placebo-1.20.1-8.6.3.jar%23501!/:8.6.3]
	at net.minecraft.server.packs.resources.SimplePreparableReloadListener.m_10789_(SimplePreparableReloadListener.java:13) ~[server-1.20.1-20230612.114412-srg.jar%23571!/:?]
	at java.util.concurrent.CompletableFuture$UniAccept.tryFire(CompletableFuture.java:718) ~[?:?]
	at java.util.concurrent.CompletableFuture$Completion.run(CompletableFuture.java:482) ~[?:?]
	at net.minecraft.server.packs.resources.SimpleReloadInstance.m_143940_(SimpleReloadInstance.java:69) ~[server-1.20.1-20230612.114412-srg.jar%23571!/:?]
	at net.minecraft.Util.m_214652_(Util.java:783) ~[server-1.20.1-20230612.114412-srg.jar%23571!/:?]
	at net.minecraft.Util.m_214679_(Util.java:772) ~[server-1.20.1-20230612.114412-srg.jar%23571!/:?]
	at net.minecraft.server.Main.main(Main.java:166) ~[server-1.20.1-20230612.114412-srg.jar%23571!/:?]
	at jdk.internal.reflect.NativeMethodAccessorImpl.invoke0(Native Method) ~[?:?]
	at jdk.internal.reflect.NativeMethodAccessorImpl.invoke(NativeMethodAccessorImpl.java:77) ~[?:?]
	at jdk.internal.reflect.DelegatingMethodAccessorImpl.invoke(DelegatingMethodAccessorImpl.java:43) ~[?:?]
	at java.lang.reflect.Method.invoke(Method.java:569) ~[?:?]
	at net.minecraftforge.fml.loading.targets.CommonLaunchHandler.runTarget(CommonLaunchHandler.java:111) ~[fmlloader-1.20.1-47.4.0.jar%2369!/:?]
	at net.minecraftforge.fml.loading.targets.CommonLaunchHandler.serverService(CommonLaunchHandler.java:103) ~[fmlloader-1.20.1-47.4.0.jar%2369!/:?]
	at net.minecraftforge.fml.loading.targets.CommonServerLaunchHandler.lambda$makeService$0(CommonServerLaunchHandler.java:27) ~[fmlloader-1.20.1-47.4.0.jar%2369!/:?]
	at cpw.mods.modlauncher.LaunchServiceHandlerDecorator.launch(LaunchServiceHandlerDecorator.java:30) ~[modlauncher-10.0.9.jar%2355!/:?]
	at cpw.mods.modlauncher.LaunchServiceHandler.launch(LaunchServiceHandler.java:53) ~[modlauncher-10.0.9.jar%2355!/:?]
	at cpw.mods.modlauncher.LaunchServiceHandler.launch(LaunchServiceHandler.java:71) ~[modlauncher-10.0.9.jar%2355!/:?]
	at cpw.mods.modlauncher.Launcher.run(Launcher.java:108) ~[modlauncher-10.0.9.jar%2355!/:?]
	at cpw.mods.modlauncher.Launcher.main(Launcher.java:78) ~[modlauncher-10.0.9.jar%2355!/:?]
	at cpw.mods.modlauncher.BootstrapLaunchConsumer.accept(BootstrapLaunchConsumer.java:26) ~[modlauncher-10.0.9.jar%2355!/:?]
	at cpw.mods.modlauncher.BootstrapLaunchConsumer.accept(BootstrapLaunchConsumer.java:23) ~[modlauncher-10.0.9.jar%2355!/:?]
	at cpw.mods.bootstraplauncher.BootstrapLauncher.main(BootstrapLauncher.java:141) ~[bootstraplauncher-1.1.2.jar:?]
[07Apr2025 12:31:04.355] [main/ERROR] [Apotheosis : Adventure/]: Failed to execute ShieldBreakerTest
java.lang.NullPointerException: Cannot invoke "net.minecraft.world.entity.LivingEntity.m_213824_()" because "attacker" is null
	at net.minecraftforge.common.extensions.IForgeItem.canDisableShield(IForgeItem.java:695) ~[forge-1.20.1-47.4.0-universal.jar%23576!/:?]
	at net.minecraftforge.common.extensions.IForgeItemStack.canDisableShield(IForgeItemStack.java:233) ~[forge-1.20.1-47.4.0-universal.jar%23576!/:?]
	at dev.shadowsoffire.apotheosis.adventure.loot.ShieldBreakerTest.test(ShieldBreakerTest.java:48) ~[Apotheosis-1.20.1-7.4.6.jar%23348!/:7.4.6]
	at dev.shadowsoffire.apotheosis.adventure.loot.ShieldBreakerTest.test(ShieldBreakerTest.java:25) ~[Apotheosis-1.20.1-7.4.6.jar%23348!/:7.4.6]
	at dev.shadowsoffire.apotheosis.adventure.loot.LootCategory.isValid(LootCategory.java:89) ~[Apotheosis-1.20.1-7.4.6.jar%23348!/:7.4.6]
	at dev.shadowsoffire.apotheosis.adventure.loot.LootCategory.forItem(LootCategory.java:182) ~[Apotheosis-1.20.1-7.4.6.jar%23348!/:7.4.6]
	at dev.shadowsoffire.apotheosis.adventure.loot.AffixLootEntry.getType(AffixLootEntry.java:91) ~[Apotheosis-1.20.1-7.4.6.jar%23348!/:7.4.6]
	at dev.shadowsoffire.apotheosis.adventure.loot.AffixLootRegistry.validateItem(AffixLootRegistry.java:30) ~[Apotheosis-1.20.1-7.4.6.jar%23348!/:7.4.6]
	at dev.shadowsoffire.apotheosis.adventure.loot.AffixLootRegistry.validateItem(AffixLootRegistry.java:13) ~[Apotheosis-1.20.1-7.4.6.jar%23348!/:7.4.6]
	at dev.shadowsoffire.placebo.reload.DynamicRegistry.register(DynamicRegistry.java:322) ~[Placebo-1.20.1-8.6.3.jar%23501!/:8.6.3]
	at dev.shadowsoffire.placebo.reload.DynamicRegistry.lambda$apply$0(DynamicRegistry.java:143) ~[Placebo-1.20.1-8.6.3.jar%23501!/:8.6.3]
	at java.util.HashMap.forEach(HashMap.java:1421) ~[?:?]
	at dev.shadowsoffire.placebo.reload.DynamicRegistry.apply(DynamicRegistry.java:136) ~[Placebo-1.20.1-8.6.3.jar%23501!/:8.6.3]
	at dev.shadowsoffire.placebo.reload.DynamicRegistry.m_5787_(DynamicRegistry.java:62) ~[Placebo-1.20.1-8.6.3.jar%23501!/:8.6.3]
	at net.minecraft.server.packs.resources.SimplePreparableReloadListener.m_10789_(SimplePreparableReloadListener.java:13) ~[server-1.20.1-20230612.114412-srg.jar%23571!/:?]
	at java.util.concurrent.CompletableFuture$UniAccept.tryFire(CompletableFuture.java:718) ~[?:?]
	at java.util.concurrent.CompletableFuture$Completion.run(CompletableFuture.java:482) ~[?:?]
	at net.minecraft.server.packs.resources.SimpleReloadInstance.m_143940_(SimpleReloadInstance.java:69) ~[server-1.20.1-20230612.114412-srg.jar%23571!/:?]
	at net.minecraft.Util.m_214652_(Util.java:783) ~[server-1.20.1-20230612.114412-srg.jar%23571!/:?]
	at net.minecraft.Util.m_214679_(Util.java:772) ~[server-1.20.1-20230612.114412-srg.jar%23571!/:?]
	at net.minecraft.server.Main.main(Main.java:166) ~[server-1.20.1-20230612.114412-srg.jar%23571!/:?]
	at jdk.internal.reflect.NativeMethodAccessorImpl.invoke0(Native Method) ~[?:?]
	at jdk.internal.reflect.NativeMethodAccessorImpl.invoke(NativeMethodAccessorImpl.java:77) ~[?:?]
	at jdk.internal.reflect.DelegatingMethodAccessorImpl.invoke(DelegatingMethodAccessorImpl.java:43) ~[?:?]
	at java.lang.reflect.Method.invoke(Method.java:569) ~[?:?]
	at net.minecraftforge.fml.loading.targets.CommonLaunchHandler.runTarget(CommonLaunchHandler.java:111) ~[fmlloader-1.20.1-47.4.0.jar%2369!/:?]
	at net.minecraftforge.fml.loading.targets.CommonLaunchHandler.serverService(CommonLaunchHandler.java:103) ~[fmlloader-1.20.1-47.4.0.jar%2369!/:?]
	at net.minecraftforge.fml.loading.targets.CommonServerLaunchHandler.lambda$makeService$0(CommonServerLaunchHandler.java:27) ~[fmlloader-1.20.1-47.4.0.jar%2369!/:?]
	at cpw.mods.modlauncher.LaunchServiceHandlerDecorator.launch(LaunchServiceHandlerDecorator.java:30) ~[modlauncher-10.0.9.jar%2355!/:?]
	at cpw.mods.modlauncher.LaunchServiceHandler.launch(LaunchServiceHandler.java:53) ~[modlauncher-10.0.9.jar%2355!/:?]
	at cpw.mods.modlauncher.LaunchServiceHandler.launch(LaunchServiceHandler.java:71) ~[modlauncher-10.0.9.jar%2355!/:?]
	at cpw.mods.modlauncher.Launcher.run(Launcher.java:108) ~[modlauncher-10.0.9.jar%2355!/:?]
	at cpw.mods.modlauncher.Launcher.main(Launcher.java:78) ~[modlauncher-10.0.9.jar%2355!/:?]
	at cpw.mods.modlauncher.BootstrapLaunchConsumer.accept(BootstrapLaunchConsumer.java:26) ~[modlauncher-10.0.9.jar%2355!/:?]
	at cpw.mods.modlauncher.BootstrapLaunchConsumer.accept(BootstrapLaunchConsumer.java:23) ~[modlauncher-10.0.9.jar%2355!/:?]
	at cpw.mods.bootstraplauncher.BootstrapLauncher.main(BootstrapLauncher.java:141) ~[bootstraplauncher-1.1.2.jar:?]
[07Apr2025 12:31:04.357] [main/ERROR] [Apotheosis : Adventure/]: Failed to execute ShieldBreakerTest
java.lang.NullPointerException: Cannot invoke "net.minecraft.world.entity.LivingEntity.m_213824_()" because "attacker" is null
	at net.minecraftforge.common.extensions.IForgeItem.canDisableShield(IForgeItem.java:695) ~[forge-1.20.1-47.4.0-universal.jar%23576!/:?]
	at net.minecraftforge.common.extensions.IForgeItemStack.canDisableShield(IForgeItemStack.java:233) ~[forge-1.20.1-47.4.0-universal.jar%23576!/:?]
	at dev.shadowsoffire.apotheosis.adventure.loot.ShieldBreakerTest.test(ShieldBreakerTest.java:48) ~[Apotheosis-1.20.1-7.4.6.jar%23348!/:7.4.6]
	at dev.shadowsoffire.apotheosis.adventure.loot.ShieldBreakerTest.test(ShieldBreakerTest.java:25) ~[Apotheosis-1.20.1-7.4.6.jar%23348!/:7.4.6]
	at dev.shadowsoffire.apotheosis.adventure.loot.LootCategory.isValid(LootCategory.java:89) ~[Apotheosis-1.20.1-7.4.6.jar%23348!/:7.4.6]
	at dev.shadowsoffire.apotheosis.adventure.loot.LootCategory.forItem(LootCategory.java:182) ~[Apotheosis-1.20.1-7.4.6.jar%23348!/:7.4.6]
	at dev.shadowsoffire.apotheosis.adventure.loot.AffixLootEntry.getType(AffixLootEntry.java:91) ~[Apotheosis-1.20.1-7.4.6.jar%23348!/:7.4.6]
	at dev.shadowsoffire.apotheosis.adventure.loot.AffixLootRegistry.validateItem(AffixLootRegistry.java:30) ~[Apotheosis-1.20.1-7.4.6.jar%23348!/:7.4.6]
	at dev.shadowsoffire.apotheosis.adventure.loot.AffixLootRegistry.validateItem(AffixLootRegistry.java:13) ~[Apotheosis-1.20.1-7.4.6.jar%23348!/:7.4.6]
	at dev.shadowsoffire.placebo.reload.DynamicRegistry.register(DynamicRegistry.java:322) ~[Placebo-1.20.1-8.6.3.jar%23501!/:8.6.3]
	at dev.shadowsoffire.placebo.reload.DynamicRegistry.lambda$apply$0(DynamicRegistry.java:143) ~[Placebo-1.20.1-8.6.3.jar%23501!/:8.6.3]
	at java.util.HashMap.forEach(HashMap.java:1421) ~[?:?]
	at dev.shadowsoffire.placebo.reload.DynamicRegistry.apply(DynamicRegistry.java:136) ~[Placebo-1.20.1-8.6.3.jar%23501!/:8.6.3]
	at dev.shadowsoffire.placebo.reload.DynamicRegistry.m_5787_(DynamicRegistry.java:62) ~[Placebo-1.20.1-8.6.3.jar%23501!/:8.6.3]
	at net.minecraft.server.packs.resources.SimplePreparableReloadListener.m_10789_(SimplePreparableReloadListener.java:13) ~[server-1.20.1-20230612.114412-srg.jar%23571!/:?]
	at java.util.concurrent.CompletableFuture$UniAccept.tryFire(CompletableFuture.java:718) ~[?:?]
	at java.util.concurrent.CompletableFuture$Completion.run(CompletableFuture.java:482) ~[?:?]
	at net.minecraft.server.packs.resources.SimpleReloadInstance.m_143940_(SimpleReloadInstance.java:69) ~[server-1.20.1-20230612.114412-srg.jar%23571!/:?]
	at net.minecraft.Util.m_214652_(Util.java:783) ~[server-1.20.1-20230612.114412-srg.jar%23571!/:?]
	at net.minecraft.Util.m_214679_(Util.java:772) ~[server-1.20.1-20230612.114412-srg.jar%23571!/:?]
	at net.minecraft.server.Main.main(Main.java:166) ~[server-1.20.1-20230612.114412-srg.jar%23571!/:?]
	at jdk.internal.reflect.NativeMethodAccessorImpl.invoke0(Native Method) ~[?:?]
	at jdk.internal.reflect.NativeMethodAccessorImpl.invoke(NativeMethodAccessorImpl.java:77) ~[?:?]
	at jdk.internal.reflect.DelegatingMethodAccessorImpl.invoke(DelegatingMethodAccessorImpl.java:43) ~[?:?]
	at java.lang.reflect.Method.invoke(Method.java:569) ~[?:?]
	at net.minecraftforge.fml.loading.targets.CommonLaunchHandler.runTarget(CommonLaunchHandler.java:111) ~[fmlloader-1.20.1-47.4.0.jar%2369!/:?]
	at net.minecraftforge.fml.loading.targets.CommonLaunchHandler.serverService(CommonLaunchHandler.java:103) ~[fmlloader-1.20.1-47.4.0.jar%2369!/:?]
	at net.minecraftforge.fml.loading.targets.CommonServerLaunchHandler.lambda$makeService$0(CommonServerLaunchHandler.java:27) ~[fmlloader-1.20.1-47.4.0.jar%2369!/:?]
	at cpw.mods.modlauncher.LaunchServiceHandlerDecorator.launch(LaunchServiceHandlerDecorator.java:30) ~[modlauncher-10.0.9.jar%2355!/:?]
	at cpw.mods.modlauncher.LaunchServiceHandler.launch(LaunchServiceHandler.java:53) ~[modlauncher-10.0.9.jar%2355!/:?]
	at cpw.mods.modlauncher.LaunchServiceHandler.launch(LaunchServiceHandler.java:71) ~[modlauncher-10.0.9.jar%2355!/:?]
	at cpw.mods.modlauncher.Launcher.run(Launcher.java:108) ~[modlauncher-10.0.9.jar%2355!/:?]
	at cpw.mods.modlauncher.Launcher.main(Launcher.java:78) ~[modlauncher-10.0.9.jar%2355!/:?]
	at cpw.mods.modlauncher.BootstrapLaunchConsumer.accept(BootstrapLaunchConsumer.java:26) ~[modlauncher-10.0.9.jar%2355!/:?]
	at cpw.mods.modlauncher.BootstrapLaunchConsumer.accept(BootstrapLaunchConsumer.java:23) ~[modlauncher-10.0.9.jar%2355!/:?]
	at cpw.mods.bootstraplauncher.BootstrapLauncher.main(BootstrapLauncher.java:141) ~[bootstraplauncher-1.1.2.jar:?]
[07Apr2025 12:31:04.358] [main/ERROR] [Apotheosis : Adventure/]: Failed to execute ShieldBreakerTest
java.lang.NullPointerException: Cannot invoke "net.minecraft.world.entity.LivingEntity.m_213824_()" because "attacker" is null
	at net.minecraftforge.common.extensions.IForgeItem.canDisableShield(IForgeItem.java:695) ~[forge-1.20.1-47.4.0-universal.jar%23576!/:?]
	at net.minecraftforge.common.extensions.IForgeItemStack.canDisableShield(IForgeItemStack.java:233) ~[forge-1.20.1-47.4.0-universal.jar%23576!/:?]
	at dev.shadowsoffire.apotheosis.adventure.loot.ShieldBreakerTest.test(ShieldBreakerTest.java:48) ~[Apotheosis-1.20.1-7.4.6.jar%23348!/:7.4.6]
	at dev.shadowsoffire.apotheosis.adventure.loot.ShieldBreakerTest.test(ShieldBreakerTest.java:25) ~[Apotheosis-1.20.1-7.4.6.jar%23348!/:7.4.6]
	at dev.shadowsoffire.apotheosis.adventure.loot.LootCategory.isValid(LootCategory.java:89) ~[Apotheosis-1.20.1-7.4.6.jar%23348!/:7.4.6]
	at dev.shadowsoffire.apotheosis.adventure.loot.LootCategory.forItem(LootCategory.java:182) ~[Apotheosis-1.20.1-7.4.6.jar%23348!/:7.4.6]
	at dev.shadowsoffire.apotheosis.adventure.loot.AffixLootEntry.getType(AffixLootEntry.java:91) ~[Apotheosis-1.20.1-7.4.6.jar%23348!/:7.4.6]
	at dev.shadowsoffire.apotheosis.adventure.loot.AffixLootRegistry.validateItem(AffixLootRegistry.java:30) ~[Apotheosis-1.20.1-7.4.6.jar%23348!/:7.4.6]
	at dev.shadowsoffire.apotheosis.adventure.loot.AffixLootRegistry.validateItem(AffixLootRegistry.java:13) ~[Apotheosis-1.20.1-7.4.6.jar%23348!/:7.4.6]
	at dev.shadowsoffire.placebo.reload.DynamicRegistry.register(DynamicRegistry.java:322) ~[Placebo-1.20.1-8.6.3.jar%23501!/:8.6.3]
	at dev.shadowsoffire.placebo.reload.DynamicRegistry.lambda$apply$0(DynamicRegistry.java:143) ~[Placebo-1.20.1-8.6.3.jar%23501!/:8.6.3]
	at java.util.HashMap.forEach(HashMap.java:1421) ~[?:?]
	at dev.shadowsoffire.placebo.reload.DynamicRegistry.apply(DynamicRegistry.java:136) ~[Placebo-1.20.1-8.6.3.jar%23501!/:8.6.3]
	at dev.shadowsoffire.placebo.reload.DynamicRegistry.m_5787_(DynamicRegistry.java:62) ~[Placebo-1.20.1-8.6.3.jar%23501!/:8.6.3]
	at net.minecraft.server.packs.resources.SimplePreparableReloadListener.m_10789_(SimplePreparableReloadListener.java:13) ~[server-1.20.1-20230612.114412-srg.jar%23571!/:?]
	at java.util.concurrent.CompletableFuture$UniAccept.tryFire(CompletableFuture.java:718) ~[?:?]
	at java.util.concurrent.CompletableFuture$Completion.run(CompletableFuture.java:482) ~[?:?]
	at net.minecraft.server.packs.resources.SimpleReloadInstance.m_143940_(SimpleReloadInstance.java:69) ~[server-1.20.1-20230612.114412-srg.jar%23571!/:?]
	at net.minecraft.Util.m_214652_(Util.java:783) ~[server-1.20.1-20230612.114412-srg.jar%23571!/:?]
	at net.minecraft.Util.m_214679_(Util.java:772) ~[server-1.20.1-20230612.114412-srg.jar%23571!/:?]
	at net.minecraft.server.Main.main(Main.java:166) ~[server-1.20.1-20230612.114412-srg.jar%23571!/:?]
	at jdk.internal.reflect.NativeMethodAccessorImpl.invoke0(Native Method) ~[?:?]
	at jdk.internal.reflect.NativeMethodAccessorImpl.invoke(NativeMethodAccessorImpl.java:77) ~[?:?]
	at jdk.internal.reflect.DelegatingMethodAccessorImpl.invoke(DelegatingMethodAccessorImpl.java:43) ~[?:?]
	at java.lang.reflect.Method.invoke(Method.java:569) ~[?:?]
	at net.minecraftforge.fml.loading.targets.CommonLaunchHandler.runTarget(CommonLaunchHandler.java:111) ~[fmlloader-1.20.1-47.4.0.jar%2369!/:?]
	at net.minecraftforge.fml.loading.targets.CommonLaunchHandler.serverService(CommonLaunchHandler.java:103) ~[fmlloader-1.20.1-47.4.0.jar%2369!/:?]
	at net.minecraftforge.fml.loading.targets.CommonServerLaunchHandler.lambda$makeService$0(CommonServerLaunchHandler.java:27) ~[fmlloader-1.20.1-47.4.0.jar%2369!/:?]
	at cpw.mods.modlauncher.LaunchServiceHandlerDecorator.launch(LaunchServiceHandlerDecorator.java:30) ~[modlauncher-10.0.9.jar%2355!/:?]
	at cpw.mods.modlauncher.LaunchServiceHandler.launch(LaunchServiceHandler.java:53) ~[modlauncher-10.0.9.jar%2355!/:?]
	at cpw.mods.modlauncher.LaunchServiceHandler.launch(LaunchServiceHandler.java:71) ~[modlauncher-10.0.9.jar%2355!/:?]
	at cpw.mods.modlauncher.Launcher.run(Launcher.java:108) ~[modlauncher-10.0.9.jar%2355!/:?]
	at cpw.mods.modlauncher.Launcher.main(Launcher.java:78) ~[modlauncher-10.0.9.jar%2355!/:?]
	at cpw.mods.modlauncher.BootstrapLaunchConsumer.accept(BootstrapLaunchConsumer.java:26) ~[modlauncher-10.0.9.jar%2355!/:?]
	at cpw.mods.modlauncher.BootstrapLaunchConsumer.accept(BootstrapLaunchConsumer.java:23) ~[modlauncher-10.0.9.jar%2355!/:?]
	at cpw.mods.bootstraplauncher.BootstrapLauncher.main(BootstrapLauncher.java:141) ~[bootstraplauncher-1.1.2.jar:?]
[07Apr2025 12:31:04.404] [main/ERROR] [Apotheosis : Adventure/]: Failed to execute ShieldBreakerTest
java.lang.NullPointerException: Cannot invoke "net.minecraft.world.entity.LivingEntity.m_213824_()" because "attacker" is null
	at net.minecraftforge.common.extensions.IForgeItem.canDisableShield(IForgeItem.java:695) ~[forge-1.20.1-47.4.0-universal.jar%23576!/:?]
	at net.minecraftforge.common.extensions.IForgeItemStack.canDisableShield(IForgeItemStack.java:233) ~[forge-1.20.1-47.4.0-universal.jar%23576!/:?]
	at dev.shadowsoffire.apotheosis.adventure.loot.ShieldBreakerTest.test(ShieldBreakerTest.java:48) ~[Apotheosis-1.20.1-7.4.6.jar%23348!/:7.4.6]
	at dev.shadowsoffire.apotheosis.adventure.loot.ShieldBreakerTest.test(ShieldBreakerTest.java:25) ~[Apotheosis-1.20.1-7.4.6.jar%23348!/:7.4.6]
	at dev.shadowsoffire.apotheosis.adventure.loot.LootCategory.isValid(LootCategory.java:89) ~[Apotheosis-1.20.1-7.4.6.jar%23348!/:7.4.6]
	at dev.shadowsoffire.apotheosis.adventure.loot.LootCategory.forItem(LootCategory.java:182) ~[Apotheosis-1.20.1-7.4.6.jar%23348!/:7.4.6]
	at dev.shadowsoffire.apotheosis.adventure.loot.AffixLootEntry.getType(AffixLootEntry.java:91) ~[Apotheosis-1.20.1-7.4.6.jar%23348!/:7.4.6]
	at dev.shadowsoffire.apotheosis.adventure.loot.AffixLootRegistry.validateItem(AffixLootRegistry.java:30) ~[Apotheosis-1.20.1-7.4.6.jar%23348!/:7.4.6]
	at dev.shadowsoffire.apotheosis.adventure.loot.AffixLootRegistry.validateItem(AffixLootRegistry.java:13) ~[Apotheosis-1.20.1-7.4.6.jar%23348!/:7.4.6]
	at dev.shadowsoffire.placebo.reload.DynamicRegistry.register(DynamicRegistry.java:322) ~[Placebo-1.20.1-8.6.3.jar%23501!/:8.6.3]
	at dev.shadowsoffire.placebo.reload.DynamicRegistry.lambda$apply$0(DynamicRegistry.java:143) ~[Placebo-1.20.1-8.6.3.jar%23501!/:8.6.3]
	at java.util.HashMap.forEach(HashMap.java:1421) ~[?:?]
	at dev.shadowsoffire.placebo.reload.DynamicRegistry.apply(DynamicRegistry.java:136) ~[Placebo-1.20.1-8.6.3.jar%23501!/:8.6.3]
	at dev.shadowsoffire.placebo.reload.DynamicRegistry.m_5787_(DynamicRegistry.java:62) ~[Placebo-1.20.1-8.6.3.jar%23501!/:8.6.3]
	at net.minecraft.server.packs.resources.SimplePreparableReloadListener.m_10789_(SimplePreparableReloadListener.java:13) ~[server-1.20.1-20230612.114412-srg.jar%23571!/:?]
	at java.util.concurrent.CompletableFuture$UniAccept.tryFire(CompletableFuture.java:718) ~[?:?]
	at java.util.concurrent.CompletableFuture$Completion.run(CompletableFuture.java:482) ~[?:?]
	at net.minecraft.server.packs.resources.SimpleReloadInstance.m_143940_(SimpleReloadInstance.java:69) ~[server-1.20.1-20230612.114412-srg.jar%23571!/:?]
	at net.minecraft.Util.m_214652_(Util.java:783) ~[server-1.20.1-20230612.114412-srg.jar%23571!/:?]
	at net.minecraft.Util.m_214679_(Util.java:772) ~[server-1.20.1-20230612.114412-srg.jar%23571!/:?]
	at net.minecraft.server.Main.main(Main.java:166) ~[server-1.20.1-20230612.114412-srg.jar%23571!/:?]
	at jdk.internal.reflect.NativeMethodAccessorImpl.invoke0(Native Method) ~[?:?]
	at jdk.internal.reflect.NativeMethodAccessorImpl.invoke(NativeMethodAccessorImpl.java:77) ~[?:?]
	at jdk.internal.reflect.DelegatingMethodAccessorImpl.invoke(DelegatingMethodAccessorImpl.java:43) ~[?:?]
	at java.lang.reflect.Method.invoke(Method.java:569) ~[?:?]
	at net.minecraftforge.fml.loading.targets.CommonLaunchHandler.runTarget(CommonLaunchHandler.java:111) ~[fmlloader-1.20.1-47.4.0.jar%2369!/:?]
	at net.minecraftforge.fml.loading.targets.CommonLaunchHandler.serverService(CommonLaunchHandler.java:103) ~[fmlloader-1.20.1-47.4.0.jar%2369!/:?]
	at net.minecraftforge.fml.loading.targets.CommonServerLaunchHandler.lambda$makeService$0(CommonServerLaunchHandler.java:27) ~[fmlloader-1.20.1-47.4.0.jar%2369!/:?]
	at cpw.mods.modlauncher.LaunchServiceHandlerDecorator.launch(LaunchServiceHandlerDecorator.java:30) ~[modlauncher-10.0.9.jar%2355!/:?]
	at cpw.mods.modlauncher.LaunchServiceHandler.launch(LaunchServiceHandler.java:53) ~[modlauncher-10.0.9.jar%2355!/:?]
	at cpw.mods.modlauncher.LaunchServiceHandler.launch(LaunchServiceHandler.java:71) ~[modlauncher-10.0.9.jar%2355!/:?]
	at cpw.mods.modlauncher.Launcher.run(Launcher.java:108) ~[modlauncher-10.0.9.jar%2355!/:?]
	at cpw.mods.modlauncher.Launcher.main(Launcher.java:78) ~[modlauncher-10.0.9.jar%2355!/:?]
	at cpw.mods.modlauncher.BootstrapLaunchConsumer.accept(BootstrapLaunchConsumer.java:26) ~[modlauncher-10.0.9.jar%2355!/:?]
	at cpw.mods.modlauncher.BootstrapLaunchConsumer.accept(BootstrapLaunchConsumer.java:23) ~[modlauncher-10.0.9.jar%2355!/:?]
	at cpw.mods.bootstraplauncher.BootstrapLauncher.main(BootstrapLauncher.java:141) ~[bootstraplauncher-1.1.2.jar:?]
[07Apr2025 12:31:04.405] [main/ERROR] [Apotheosis : Adventure/]: Failed to execute ShieldBreakerTest
java.lang.NullPointerException: Cannot invoke "net.minecraft.world.entity.LivingEntity.m_213824_()" because "attacker" is null
	at net.minecraftforge.common.extensions.IForgeItem.canDisableShield(IForgeItem.java:695) ~[forge-1.20.1-47.4.0-universal.jar%23576!/:?]
	at net.minecraftforge.common.extensions.IForgeItemStack.canDisableShield(IForgeItemStack.java:233) ~[forge-1.20.1-47.4.0-universal.jar%23576!/:?]
	at dev.shadowsoffire.apotheosis.adventure.loot.ShieldBreakerTest.test(ShieldBreakerTest.java:48) ~[Apotheosis-1.20.1-7.4.6.jar%23348!/:7.4.6]
	at dev.shadowsoffire.apotheosis.adventure.loot.ShieldBreakerTest.test(ShieldBreakerTest.java:25) ~[Apotheosis-1.20.1-7.4.6.jar%23348!/:7.4.6]
	at dev.shadowsoffire.apotheosis.adventure.loot.LootCategory.isValid(LootCategory.java:89) ~[Apotheosis-1.20.1-7.4.6.jar%23348!/:7.4.6]
	at dev.shadowsoffire.apotheosis.adventure.loot.LootCategory.forItem(LootCategory.java:182) ~[Apotheosis-1.20.1-7.4.6.jar%23348!/:7.4.6]
	at dev.shadowsoffire.apotheosis.adventure.loot.AffixLootEntry.getType(AffixLootEntry.java:91) ~[Apotheosis-1.20.1-7.4.6.jar%23348!/:7.4.6]
	at dev.shadowsoffire.apotheosis.adventure.loot.AffixLootRegistry.validateItem(AffixLootRegistry.java:30) ~[Apotheosis-1.20.1-7.4.6.jar%23348!/:7.4.6]
	at dev.shadowsoffire.apotheosis.adventure.loot.AffixLootRegistry.validateItem(AffixLootRegistry.java:13) ~[Apotheosis-1.20.1-7.4.6.jar%23348!/:7.4.6]
	at dev.shadowsoffire.placebo.reload.DynamicRegistry.register(DynamicRegistry.java:322) ~[Placebo-1.20.1-8.6.3.jar%23501!/:8.6.3]
	at dev.shadowsoffire.placebo.reload.DynamicRegistry.lambda$apply$0(DynamicRegistry.java:143) ~[Placebo-1.20.1-8.6.3.jar%23501!/:8.6.3]
	at java.util.HashMap.forEach(HashMap.java:1421) ~[?:?]
	at dev.shadowsoffire.placebo.reload.DynamicRegistry.apply(DynamicRegistry.java:136) ~[Placebo-1.20.1-8.6.3.jar%23501!/:8.6.3]
	at dev.shadowsoffire.placebo.reload.DynamicRegistry.m_5787_(DynamicRegistry.java:62) ~[Placebo-1.20.1-8.6.3.jar%23501!/:8.6.3]
	at net.minecraft.server.packs.resources.SimplePreparableReloadListener.m_10789_(SimplePreparableReloadListener.java:13) ~[server-1.20.1-20230612.114412-srg.jar%23571!/:?]
	at java.util.concurrent.CompletableFuture$UniAccept.tryFire(CompletableFuture.java:718) ~[?:?]
	at java.util.concurrent.CompletableFuture$Completion.run(CompletableFuture.java:482) ~[?:?]
	at net.minecraft.server.packs.resources.SimpleReloadInstance.m_143940_(SimpleReloadInstance.java:69) ~[server-1.20.1-20230612.114412-srg.jar%23571!/:?]
	at net.minecraft.Util.m_214652_(Util.java:783) ~[server-1.20.1-20230612.114412-srg.jar%23571!/:?]
	at net.minecraft.Util.m_214679_(Util.java:772) ~[server-1.20.1-20230612.114412-srg.jar%23571!/:?]
	at net.minecraft.server.Main.main(Main.java:166) ~[server-1.20.1-20230612.114412-srg.jar%23571!/:?]
	at jdk.internal.reflect.NativeMethodAccessorImpl.invoke0(Native Method) ~[?:?]
	at jdk.internal.reflect.NativeMethodAccessorImpl.invoke(NativeMethodAccessorImpl.java:77) ~[?:?]
	at jdk.internal.reflect.DelegatingMethodAccessorImpl.invoke(DelegatingMethodAccessorImpl.java:43) ~[?:?]
	at java.lang.reflect.Method.invoke(Method.java:569) ~[?:?]
	at net.minecraftforge.fml.loading.targets.CommonLaunchHandler.runTarget(CommonLaunchHandler.java:111) ~[fmlloader-1.20.1-47.4.0.jar%2369!/:?]
	at net.minecraftforge.fml.loading.targets.CommonLaunchHandler.serverService(CommonLaunchHandler.java:103) ~[fmlloader-1.20.1-47.4.0.jar%2369!/:?]
	at net.minecraftforge.fml.loading.targets.CommonServerLaunchHandler.lambda$makeService$0(CommonServerLaunchHandler.java:27) ~[fmlloader-1.20.1-47.4.0.jar%2369!/:?]
	at cpw.mods.modlauncher.LaunchServiceHandlerDecorator.launch(LaunchServiceHandlerDecorator.java:30) ~[modlauncher-10.0.9.jar%2355!/:?]
	at cpw.mods.modlauncher.LaunchServiceHandler.launch(LaunchServiceHandler.java:53) ~[modlauncher-10.0.9.jar%2355!/:?]
	at cpw.mods.modlauncher.LaunchServiceHandler.launch(LaunchServiceHandler.java:71) ~[modlauncher-10.0.9.jar%2355!/:?]
	at cpw.mods.modlauncher.Launcher.run(Launcher.java:108) ~[modlauncher-10.0.9.jar%2355!/:?]
	at cpw.mods.modlauncher.Launcher.main(Launcher.java:78) ~[modlauncher-10.0.9.jar%2355!/:?]
	at cpw.mods.modlauncher.BootstrapLaunchConsumer.accept(BootstrapLaunchConsumer.java:26) ~[modlauncher-10.0.9.jar%2355!/:?]
	at cpw.mods.modlauncher.BootstrapLaunchConsumer.accept(BootstrapLaunchConsumer.java:23) ~[modlauncher-10.0.9.jar%2355!/:?]
	at cpw.mods.bootstraplauncher.BootstrapLauncher.main(BootstrapLauncher.java:141) ~[bootstraplauncher-1.1.2.jar:?]
[07Apr2025 12:31:04.406] [main/ERROR] [Apotheosis : Adventure/]: Failed to execute ShieldBreakerTest
java.lang.NullPointerException: Cannot invoke "net.minecraft.world.entity.LivingEntity.m_213824_()" because "attacker" is null
	at net.minecraftforge.common.extensions.IForgeItem.canDisableShield(IForgeItem.java:695) ~[forge-1.20.1-47.4.0-universal.jar%23576!/:?]
	at net.minecraftforge.common.extensions.IForgeItemStack.canDisableShield(IForgeItemStack.java:233) ~[forge-1.20.1-47.4.0-universal.jar%23576!/:?]
	at dev.shadowsoffire.apotheosis.adventure.loot.ShieldBreakerTest.test(ShieldBreakerTest.java:48) ~[Apotheosis-1.20.1-7.4.6.jar%23348!/:7.4.6]
	at dev.shadowsoffire.apotheosis.adventure.loot.ShieldBreakerTest.test(ShieldBreakerTest.java:25) ~[Apotheosis-1.20.1-7.4.6.jar%23348!/:7.4.6]
	at dev.shadowsoffire.apotheosis.adventure.loot.LootCategory.isValid(LootCategory.java:89) ~[Apotheosis-1.20.1-7.4.6.jar%23348!/:7.4.6]
	at dev.shadowsoffire.apotheosis.adventure.loot.LootCategory.forItem(LootCategory.java:182) ~[Apotheosis-1.20.1-7.4.6.jar%23348!/:7.4.6]
	at dev.shadowsoffire.apotheosis.adventure.loot.AffixLootEntry.getType(AffixLootEntry.java:91) ~[Apotheosis-1.20.1-7.4.6.jar%23348!/:7.4.6]
	at dev.shadowsoffire.apotheosis.adventure.loot.AffixLootRegistry.validateItem(AffixLootRegistry.java:30) ~[Apotheosis-1.20.1-7.4.6.jar%23348!/:7.4.6]
	at dev.shadowsoffire.apotheosis.adventure.loot.AffixLootRegistry.validateItem(AffixLootRegistry.java:13) ~[Apotheosis-1.20.1-7.4.6.jar%23348!/:7.4.6]
	at dev.shadowsoffire.placebo.reload.DynamicRegistry.register(DynamicRegistry.java:322) ~[Placebo-1.20.1-8.6.3.jar%23501!/:8.6.3]
	at dev.shadowsoffire.placebo.reload.DynamicRegistry.lambda$apply$0(DynamicRegistry.java:143) ~[Placebo-1.20.1-8.6.3.jar%23501!/:8.6.3]
	at java.util.HashMap.forEach(HashMap.java:1421) ~[?:?]
	at dev.shadowsoffire.placebo.reload.DynamicRegistry.apply(DynamicRegistry.java:136) ~[Placebo-1.20.1-8.6.3.jar%23501!/:8.6.3]
	at dev.shadowsoffire.placebo.reload.DynamicRegistry.m_5787_(DynamicRegistry.java:62) ~[Placebo-1.20.1-8.6.3.jar%23501!/:8.6.3]
	at net.minecraft.server.packs.resources.SimplePreparableReloadListener.m_10789_(SimplePreparableReloadListener.java:13) ~[server-1.20.1-20230612.114412-srg.jar%23571!/:?]
	at java.util.concurrent.CompletableFuture$UniAccept.tryFire(CompletableFuture.java:718) ~[?:?]
	at java.util.concurrent.CompletableFuture$Completion.run(CompletableFuture.java:482) ~[?:?]
	at net.minecraft.server.packs.resources.SimpleReloadInstance.m_143940_(SimpleReloadInstance.java:69) ~[server-1.20.1-20230612.114412-srg.jar%23571!/:?]
	at net.minecraft.Util.m_214652_(Util.java:783) ~[server-1.20.1-20230612.114412-srg.jar%23571!/:?]
	at net.minecraft.Util.m_214679_(Util.java:772) ~[server-1.20.1-20230612.114412-srg.jar%23571!/:?]
	at net.minecraft.server.Main.main(Main.java:166) ~[server-1.20.1-20230612.114412-srg.jar%23571!/:?]
	at jdk.internal.reflect.NativeMethodAccessorImpl.invoke0(Native Method) ~[?:?]
	at jdk.internal.reflect.NativeMethodAccessorImpl.invoke(NativeMethodAccessorImpl.java:77) ~[?:?]
	at jdk.internal.reflect.DelegatingMethodAccessorImpl.invoke(DelegatingMethodAccessorImpl.java:43) ~[?:?]
	at java.lang.reflect.Method.invoke(Method.java:569) ~[?:?]
	at net.minecraftforge.fml.loading.targets.CommonLaunchHandler.runTarget(CommonLaunchHandler.java:111) ~[fmlloader-1.20.1-47.4.0.jar%2369!/:?]
	at net.minecraftforge.fml.loading.targets.CommonLaunchHandler.serverService(CommonLaunchHandler.java:103) ~[fmlloader-1.20.1-47.4.0.jar%2369!/:?]
	at net.minecraftforge.fml.loading.targets.CommonServerLaunchHandler.lambda$makeService$0(CommonServerLaunchHandler.java:27) ~[fmlloader-1.20.1-47.4.0.jar%2369!/:?]
	at cpw.mods.modlauncher.LaunchServiceHandlerDecorator.launch(LaunchServiceHandlerDecorator.java:30) ~[modlauncher-10.0.9.jar%2355!/:?]
	at cpw.mods.modlauncher.LaunchServiceHandler.launch(LaunchServiceHandler.java:53) ~[modlauncher-10.0.9.jar%2355!/:?]
	at cpw.mods.modlauncher.LaunchServiceHandler.launch(LaunchServiceHandler.java:71) ~[modlauncher-10.0.9.jar%2355!/:?]
	at cpw.mods.modlauncher.Launcher.run(Launcher.java:108) ~[modlauncher-10.0.9.jar%2355!/:?]
	at cpw.mods.modlauncher.Launcher.main(Launcher.java:78) ~[modlauncher-10.0.9.jar%2355!/:?]
	at cpw.mods.modlauncher.BootstrapLaunchConsumer.accept(BootstrapLaunchConsumer.java:26) ~[modlauncher-10.0.9.jar%2355!/:?]
	at cpw.mods.modlauncher.BootstrapLaunchConsumer.accept(BootstrapLaunchConsumer.java:23) ~[modlauncher-10.0.9.jar%2355!/:?]
	at cpw.mods.bootstraplauncher.BootstrapLauncher.main(BootstrapLauncher.java:141) ~[bootstraplauncher-1.1.2.jar:?]
[07Apr2025 12:31:04.407] [main/ERROR] [Apotheosis : Adventure/]: Failed to execute ShieldBreakerTest
java.lang.NullPointerException: Cannot invoke "net.minecraft.world.entity.LivingEntity.m_213824_()" because "attacker" is null
	at net.minecraftforge.common.extensions.IForgeItem.canDisableShield(IForgeItem.java:695) ~[forge-1.20.1-47.4.0-universal.jar%23576!/:?]
	at net.minecraftforge.common.extensions.IForgeItemStack.canDisableShield(IForgeItemStack.java:233) ~[forge-1.20.1-47.4.0-universal.jar%23576!/:?]
	at dev.shadowsoffire.apotheosis.adventure.loot.ShieldBreakerTest.test(ShieldBreakerTest.java:48) ~[Apotheosis-1.20.1-7.4.6.jar%23348!/:7.4.6]
	at dev.shadowsoffire.apotheosis.adventure.loot.ShieldBreakerTest.test(ShieldBreakerTest.java:25) ~[Apotheosis-1.20.1-7.4.6.jar%23348!/:7.4.6]
	at dev.shadowsoffire.apotheosis.adventure.loot.LootCategory.isValid(LootCategory.java:89) ~[Apotheosis-1.20.1-7.4.6.jar%23348!/:7.4.6]
	at dev.shadowsoffire.apotheosis.adventure.loot.LootCategory.forItem(LootCategory.java:182) ~[Apotheosis-1.20.1-7.4.6.jar%23348!/:7.4.6]
	at dev.shadowsoffire.apotheosis.adventure.loot.AffixLootEntry.getType(AffixLootEntry.java:91) ~[Apotheosis-1.20.1-7.4.6.jar%23348!/:7.4.6]
	at dev.shadowsoffire.apotheosis.adventure.loot.AffixLootRegistry.validateItem(AffixLootRegistry.java:30) ~[Apotheosis-1.20.1-7.4.6.jar%23348!/:7.4.6]
	at dev.shadowsoffire.apotheosis.adventure.loot.AffixLootRegistry.validateItem(AffixLootRegistry.java:13) ~[Apotheosis-1.20.1-7.4.6.jar%23348!/:7.4.6]
	at dev.shadowsoffire.placebo.reload.DynamicRegistry.register(DynamicRegistry.java:322) ~[Placebo-1.20.1-8.6.3.jar%23501!/:8.6.3]
	at dev.shadowsoffire.placebo.reload.DynamicRegistry.lambda$apply$0(DynamicRegistry.java:143) ~[Placebo-1.20.1-8.6.3.jar%23501!/:8.6.3]
	at java.util.HashMap.forEach(HashMap.java:1421) ~[?:?]
	at dev.shadowsoffire.placebo.reload.DynamicRegistry.apply(DynamicRegistry.java:136) ~[Placebo-1.20.1-8.6.3.jar%23501!/:8.6.3]
	at dev.shadowsoffire.placebo.reload.DynamicRegistry.m_5787_(DynamicRegistry.java:62) ~[Placebo-1.20.1-8.6.3.jar%23501!/:8.6.3]
	at net.minecraft.server.packs.resources.SimplePreparableReloadListener.m_10789_(SimplePreparableReloadListener.java:13) ~[server-1.20.1-20230612.114412-srg.jar%23571!/:?]
	at java.util.concurrent.CompletableFuture$UniAccept.tryFire(CompletableFuture.java:718) ~[?:?]
	at java.util.concurrent.CompletableFuture$Completion.run(CompletableFuture.java:482) ~[?:?]
	at net.minecraft.server.packs.resources.SimpleReloadInstance.m_143940_(SimpleReloadInstance.java:69) ~[server-1.20.1-20230612.114412-srg.jar%23571!/:?]
	at net.minecraft.Util.m_214652_(Util.java:783) ~[server-1.20.1-20230612.114412-srg.jar%23571!/:?]
	at net.minecraft.Util.m_214679_(Util.java:772) ~[server-1.20.1-20230612.114412-srg.jar%23571!/:?]
	at net.minecraft.server.Main.main(Main.java:166) ~[server-1.20.1-20230612.114412-srg.jar%23571!/:?]
	at jdk.internal.reflect.NativeMethodAccessorImpl.invoke0(Native Method) ~[?:?]
	at jdk.internal.reflect.NativeMethodAccessorImpl.invoke(NativeMethodAccessorImpl.java:77) ~[?:?]
	at jdk.internal.reflect.DelegatingMethodAccessorImpl.invoke(DelegatingMethodAccessorImpl.java:43) ~[?:?]
	at java.lang.reflect.Method.invoke(Method.java:569) ~[?:?]
	at net.minecraftforge.fml.loading.targets.CommonLaunchHandler.runTarget(CommonLaunchHandler.java:111) ~[fmlloader-1.20.1-47.4.0.jar%2369!/:?]
	at net.minecraftforge.fml.loading.targets.CommonLaunchHandler.serverService(CommonLaunchHandler.java:103) ~[fmlloader-1.20.1-47.4.0.jar%2369!/:?]
	at net.minecraftforge.fml.loading.targets.CommonServerLaunchHandler.lambda$makeService$0(CommonServerLaunchHandler.java:27) ~[fmlloader-1.20.1-47.4.0.jar%2369!/:?]
	at cpw.mods.modlauncher.LaunchServiceHandlerDecorator.launch(LaunchServiceHandlerDecorator.java:30) ~[modlauncher-10.0.9.jar%2355!/:?]
	at cpw.mods.modlauncher.LaunchServiceHandler.launch(LaunchServiceHandler.java:53) ~[modlauncher-10.0.9.jar%2355!/:?]
	at cpw.mods.modlauncher.LaunchServiceHandler.launch(LaunchServiceHandler.java:71) ~[modlauncher-10.0.9.jar%2355!/:?]
	at cpw.mods.modlauncher.Launcher.run(Launcher.java:108) ~[modlauncher-10.0.9.jar%2355!/:?]
	at cpw.mods.modlauncher.Launcher.main(Launcher.java:78) ~[modlauncher-10.0.9.jar%2355!/:?]
	at cpw.mods.modlauncher.BootstrapLaunchConsumer.accept(BootstrapLaunchConsumer.java:26) ~[modlauncher-10.0.9.jar%2355!/:?]
	at cpw.mods.modlauncher.BootstrapLaunchConsumer.accept(BootstrapLaunchConsumer.java:23) ~[modlauncher-10.0.9.jar%2355!/:?]
	at cpw.mods.bootstraplauncher.BootstrapLauncher.main(BootstrapLauncher.java:141) ~[bootstraplauncher-1.1.2.jar:?]
[07Apr2025 12:31:04.408] [main/ERROR] [Apotheosis : Adventure/]: Failed to execute ShieldBreakerTest
java.lang.NullPointerException: Cannot invoke "net.minecraft.world.entity.LivingEntity.m_213824_()" because "attacker" is null
	at net.minecraftforge.common.extensions.IForgeItem.canDisableShield(IForgeItem.java:695) ~[forge-1.20.1-47.4.0-universal.jar%23576!/:?]
	at net.minecraftforge.common.extensions.IForgeItemStack.canDisableShield(IForgeItemStack.java:233) ~[forge-1.20.1-47.4.0-universal.jar%23576!/:?]
	at dev.shadowsoffire.apotheosis.adventure.loot.ShieldBreakerTest.test(ShieldBreakerTest.java:48) ~[Apotheosis-1.20.1-7.4.6.jar%23348!/:7.4.6]
	at dev.shadowsoffire.apotheosis.adventure.loot.ShieldBreakerTest.test(ShieldBreakerTest.java:25) ~[Apotheosis-1.20.1-7.4.6.jar%23348!/:7.4.6]
	at dev.shadowsoffire.apotheosis.adventure.loot.LootCategory.isValid(LootCategory.java:89) ~[Apotheosis-1.20.1-7.4.6.jar%23348!/:7.4.6]
	at dev.shadowsoffire.apotheosis.adventure.loot.LootCategory.forItem(LootCategory.java:182) ~[Apotheosis-1.20.1-7.4.6.jar%23348!/:7.4.6]
	at dev.shadowsoffire.apotheosis.adventure.loot.AffixLootEntry.getType(AffixLootEntry.java:91) ~[Apotheosis-1.20.1-7.4.6.jar%23348!/:7.4.6]
	at dev.shadowsoffire.apotheosis.adventure.loot.AffixLootRegistry.validateItem(AffixLootRegistry.java:30) ~[Apotheosis-1.20.1-7.4.6.jar%23348!/:7.4.6]
	at dev.shadowsoffire.apotheosis.adventure.loot.AffixLootRegistry.validateItem(AffixLootRegistry.java:13) ~[Apotheosis-1.20.1-7.4.6.jar%23348!/:7.4.6]
	at dev.shadowsoffire.placebo.reload.DynamicRegistry.register(DynamicRegistry.java:322) ~[Placebo-1.20.1-8.6.3.jar%23501!/:8.6.3]
	at dev.shadowsoffire.placebo.reload.DynamicRegistry.lambda$apply$0(DynamicRegistry.java:143) ~[Placebo-1.20.1-8.6.3.jar%23501!/:8.6.3]
	at java.util.HashMap.forEach(HashMap.java:1421) ~[?:?]
	at dev.shadowsoffire.placebo.reload.DynamicRegistry.apply(DynamicRegistry.java:136) ~[Placebo-1.20.1-8.6.3.jar%23501!/:8.6.3]
	at dev.shadowsoffire.placebo.reload.DynamicRegistry.m_5787_(DynamicRegistry.java:62) ~[Placebo-1.20.1-8.6.3.jar%23501!/:8.6.3]
	at net.minecraft.server.packs.resources.SimplePreparableReloadListener.m_10789_(SimplePreparableReloadListener.java:13) ~[server-1.20.1-20230612.114412-srg.jar%23571!/:?]
	at java.util.concurrent.CompletableFuture$UniAccept.tryFire(CompletableFuture.java:718) ~[?:?]
	at java.util.concurrent.CompletableFuture$Completion.run(CompletableFuture.java:482) ~[?:?]
	at net.minecraft.server.packs.resources.SimpleReloadInstance.m_143940_(SimpleReloadInstance.java:69) ~[server-1.20.1-20230612.114412-srg.jar%23571!/:?]
	at net.minecraft.Util.m_214652_(Util.java:783) ~[server-1.20.1-20230612.114412-srg.jar%23571!/:?]
	at net.minecraft.Util.m_214679_(Util.java:772) ~[server-1.20.1-20230612.114412-srg.jar%23571!/:?]
	at net.minecraft.server.Main.main(Main.java:166) ~[server-1.20.1-20230612.114412-srg.jar%23571!/:?]
	at jdk.internal.reflect.NativeMethodAccessorImpl.invoke0(Native Method) ~[?:?]
	at jdk.internal.reflect.NativeMethodAccessorImpl.invoke(NativeMethodAccessorImpl.java:77) ~[?:?]
	at jdk.internal.reflect.DelegatingMethodAccessorImpl.invoke(DelegatingMethodAccessorImpl.java:43) ~[?:?]
	at java.lang.reflect.Method.invoke(Method.java:569) ~[?:?]
	at net.minecraftforge.fml.loading.targets.CommonLaunchHandler.runTarget(CommonLaunchHandler.java:111) ~[fmlloader-1.20.1-47.4.0.jar%2369!/:?]
	at net.minecraftforge.fml.loading.targets.CommonLaunchHandler.serverService(CommonLaunchHandler.java:103) ~[fmlloader-1.20.1-47.4.0.jar%2369!/:?]
	at net.minecraftforge.fml.loading.targets.CommonServerLaunchHandler.lambda$makeService$0(CommonServerLaunchHandler.java:27) ~[fmlloader-1.20.1-47.4.0.jar%2369!/:?]
	at cpw.mods.modlauncher.LaunchServiceHandlerDecorator.launch(LaunchServiceHandlerDecorator.java:30) ~[modlauncher-10.0.9.jar%2355!/:?]
	at cpw.mods.modlauncher.LaunchServiceHandler.launch(LaunchServiceHandler.java:53) ~[modlauncher-10.0.9.jar%2355!/:?]
	at cpw.mods.modlauncher.LaunchServiceHandler.launch(LaunchServiceHandler.java:71) ~[modlauncher-10.0.9.jar%2355!/:?]
	at cpw.mods.modlauncher.Launcher.run(Launcher.java:108) ~[modlauncher-10.0.9.jar%2355!/:?]
	at cpw.mods.modlauncher.Launcher.main(Launcher.java:78) ~[modlauncher-10.0.9.jar%2355!/:?]
	at cpw.mods.modlauncher.BootstrapLaunchConsumer.accept(BootstrapLaunchConsumer.java:26) ~[modlauncher-10.0.9.jar%2355!/:?]
	at cpw.mods.modlauncher.BootstrapLaunchConsumer.accept(BootstrapLaunchConsumer.java:23) ~[modlauncher-10.0.9.jar%2355!/:?]
	at cpw.mods.bootstraplauncher.BootstrapLauncher.main(BootstrapLauncher.java:141) ~[bootstraplauncher-1.1.2.jar:?]
[07Apr2025 12:31:04.409] [main/ERROR] [Apotheosis : Adventure/]: Failed to execute ShieldBreakerTest
java.lang.NullPointerException: Cannot invoke "net.minecraft.world.entity.LivingEntity.m_213824_()" because "attacker" is null
	at net.minecraftforge.common.extensions.IForgeItem.canDisableShield(IForgeItem.java:695) ~[forge-1.20.1-47.4.0-universal.jar%23576!/:?]
	at net.minecraftforge.common.extensions.IForgeItemStack.canDisableShield(IForgeItemStack.java:233) ~[forge-1.20.1-47.4.0-universal.jar%23576!/:?]
	at dev.shadowsoffire.apotheosis.adventure.loot.ShieldBreakerTest.test(ShieldBreakerTest.java:48) ~[Apotheosis-1.20.1-7.4.6.jar%23348!/:7.4.6]
	at dev.shadowsoffire.apotheosis.adventure.loot.ShieldBreakerTest.test(ShieldBreakerTest.java:25) ~[Apotheosis-1.20.1-7.4.6.jar%23348!/:7.4.6]
	at dev.shadowsoffire.apotheosis.adventure.loot.LootCategory.isValid(LootCategory.java:89) ~[Apotheosis-1.20.1-7.4.6.jar%23348!/:7.4.6]
	at dev.shadowsoffire.apotheosis.adventure.loot.LootCategory.forItem(LootCategory.java:182) ~[Apotheosis-1.20.1-7.4.6.jar%23348!/:7.4.6]
	at dev.shadowsoffire.apotheosis.adventure.loot.AffixLootEntry.getType(AffixLootEntry.java:91) ~[Apotheosis-1.20.1-7.4.6.jar%23348!/:7.4.6]
	at dev.shadowsoffire.apotheosis.adventure.loot.AffixLootRegistry.validateItem(AffixLootRegistry.java:30) ~[Apotheosis-1.20.1-7.4.6.jar%23348!/:7.4.6]
	at dev.shadowsoffire.apotheosis.adventure.loot.AffixLootRegistry.validateItem(AffixLootRegistry.java:13) ~[Apotheosis-1.20.1-7.4.6.jar%23348!/:7.4.6]
	at dev.shadowsoffire.placebo.reload.DynamicRegistry.register(DynamicRegistry.java:322) ~[Placebo-1.20.1-8.6.3.jar%23501!/:8.6.3]
	at dev.shadowsoffire.placebo.reload.DynamicRegistry.lambda$apply$0(DynamicRegistry.java:143) ~[Placebo-1.20.1-8.6.3.jar%23501!/:8.6.3]
	at java.util.HashMap.forEach(HashMap.java:1421) ~[?:?]
	at dev.shadowsoffire.placebo.reload.DynamicRegistry.apply(DynamicRegistry.java:136) ~[Placebo-1.20.1-8.6.3.jar%23501!/:8.6.3]
	at dev.shadowsoffire.placebo.reload.DynamicRegistry.m_5787_(DynamicRegistry.java:62) ~[Placebo-1.20.1-8.6.3.jar%23501!/:8.6.3]
	at net.minecraft.server.packs.resources.SimplePreparableReloadListener.m_10789_(SimplePreparableReloadListener.java:13) ~[server-1.20.1-20230612.114412-srg.jar%23571!/:?]
	at java.util.concurrent.CompletableFuture$UniAccept.tryFire(CompletableFuture.java:718) ~[?:?]
	at java.util.concurrent.CompletableFuture$Completion.run(CompletableFuture.java:482) ~[?:?]
	at net.minecraft.server.packs.resources.SimpleReloadInstance.m_143940_(SimpleReloadInstance.java:69) ~[server-1.20.1-20230612.114412-srg.jar%23571!/:?]
	at net.minecraft.Util.m_214652_(Util.java:783) ~[server-1.20.1-20230612.114412-srg.jar%23571!/:?]
	at net.minecraft.Util.m_214679_(Util.java:772) ~[server-1.20.1-20230612.114412-srg.jar%23571!/:?]
	at net.minecraft.server.Main.main(Main.java:166) ~[server-1.20.1-20230612.114412-srg.jar%23571!/:?]
	at jdk.internal.reflect.NativeMethodAccessorImpl.invoke0(Native Method) ~[?:?]
	at jdk.internal.reflect.NativeMethodAccessorImpl.invoke(NativeMethodAccessorImpl.java:77) ~[?:?]
	at jdk.internal.reflect.DelegatingMethodAccessorImpl.invoke(DelegatingMethodAccessorImpl.java:43) ~[?:?]
	at java.lang.reflect.Method.invoke(Method.java:569) ~[?:?]
	at net.minecraftforge.fml.loading.targets.CommonLaunchHandler.runTarget(CommonLaunchHandler.java:111) ~[fmlloader-1.20.1-47.4.0.jar%2369!/:?]
	at net.minecraftforge.fml.loading.targets.CommonLaunchHandler.serverService(CommonLaunchHandler.java:103) ~[fmlloader-1.20.1-47.4.0.jar%2369!/:?]
	at net.minecraftforge.fml.loading.targets.CommonServerLaunchHandler.lambda$makeService$0(CommonServerLaunchHandler.java:27) ~[fmlloader-1.20.1-47.4.0.jar%2369!/:?]
	at cpw.mods.modlauncher.LaunchServiceHandlerDecorator.launch(LaunchServiceHandlerDecorator.java:30) ~[modlauncher-10.0.9.jar%2355!/:?]
	at cpw.mods.modlauncher.LaunchServiceHandler.launch(LaunchServiceHandler.java:53) ~[modlauncher-10.0.9.jar%2355!/:?]
	at cpw.mods.modlauncher.LaunchServiceHandler.launch(LaunchServiceHandler.java:71) ~[modlauncher-10.0.9.jar%2355!/:?]
	at cpw.mods.modlauncher.Launcher.run(Launcher.java:108) ~[modlauncher-10.0.9.jar%2355!/:?]
	at cpw.mods.modlauncher.Launcher.main(Launcher.java:78) ~[modlauncher-10.0.9.jar%2355!/:?]
	at cpw.mods.modlauncher.BootstrapLaunchConsumer.accept(BootstrapLaunchConsumer.java:26) ~[modlauncher-10.0.9.jar%2355!/:?]
	at cpw.mods.modlauncher.BootstrapLaunchConsumer.accept(BootstrapLaunchConsumer.java:23) ~[modlauncher-10.0.9.jar%2355!/:?]
	at cpw.mods.bootstraplauncher.BootstrapLauncher.main(BootstrapLauncher.java:141) ~[bootstraplauncher-1.1.2.jar:?]
[07Apr2025 12:31:04.411] [main/ERROR] [Apotheosis : Adventure/]: Failed to execute ShieldBreakerTest
java.lang.NullPointerException: Cannot invoke "net.minecraft.world.entity.LivingEntity.m_213824_()" because "attacker" is null
	at net.minecraftforge.common.extensions.IForgeItem.canDisableShield(IForgeItem.java:695) ~[forge-1.20.1-47.4.0-universal.jar%23576!/:?]
	at net.minecraftforge.common.extensions.IForgeItemStack.canDisableShield(IForgeItemStack.java:233) ~[forge-1.20.1-47.4.0-universal.jar%23576!/:?]
	at dev.shadowsoffire.apotheosis.adventure.loot.ShieldBreakerTest.test(ShieldBreakerTest.java:48) ~[Apotheosis-1.20.1-7.4.6.jar%23348!/:7.4.6]
	at dev.shadowsoffire.apotheosis.adventure.loot.ShieldBreakerTest.test(ShieldBreakerTest.java:25) ~[Apotheosis-1.20.1-7.4.6.jar%23348!/:7.4.6]
	at dev.shadowsoffire.apotheosis.adventure.loot.LootCategory.isValid(LootCategory.java:89) ~[Apotheosis-1.20.1-7.4.6.jar%23348!/:7.4.6]
	at dev.shadowsoffire.apotheosis.adventure.loot.LootCategory.forItem(LootCategory.java:182) ~[Apotheosis-1.20.1-7.4.6.jar%23348!/:7.4.6]
	at dev.shadowsoffire.apotheosis.adventure.loot.AffixLootEntry.getType(AffixLootEntry.java:91) ~[Apotheosis-1.20.1-7.4.6.jar%23348!/:7.4.6]
	at dev.shadowsoffire.apotheosis.adventure.loot.AffixLootRegistry.validateItem(AffixLootRegistry.java:30) ~[Apotheosis-1.20.1-7.4.6.jar%23348!/:7.4.6]
	at dev.shadowsoffire.apotheosis.adventure.loot.AffixLootRegistry.validateItem(AffixLootRegistry.java:13) ~[Apotheosis-1.20.1-7.4.6.jar%23348!/:7.4.6]
	at dev.shadowsoffire.placebo.reload.DynamicRegistry.register(DynamicRegistry.java:322) ~[Placebo-1.20.1-8.6.3.jar%23501!/:8.6.3]
	at dev.shadowsoffire.placebo.reload.DynamicRegistry.lambda$apply$0(DynamicRegistry.java:143) ~[Placebo-1.20.1-8.6.3.jar%23501!/:8.6.3]
	at java.util.HashMap.forEach(HashMap.java:1421) ~[?:?]
	at dev.shadowsoffire.placebo.reload.DynamicRegistry.apply(DynamicRegistry.java:136) ~[Placebo-1.20.1-8.6.3.jar%23501!/:8.6.3]
	at dev.shadowsoffire.placebo.reload.DynamicRegistry.m_5787_(DynamicRegistry.java:62) ~[Placebo-1.20.1-8.6.3.jar%23501!/:8.6.3]
	at net.minecraft.server.packs.resources.SimplePreparableReloadListener.m_10789_(SimplePreparableReloadListener.java:13) ~[server-1.20.1-20230612.114412-srg.jar%23571!/:?]
	at java.util.concurrent.CompletableFuture$UniAccept.tryFire(CompletableFuture.java:718) ~[?:?]
	at java.util.concurrent.CompletableFuture$Completion.run(CompletableFuture.java:482) ~[?:?]
	at net.minecraft.server.packs.resources.SimpleReloadInstance.m_143940_(SimpleReloadInstance.java:69) ~[server-1.20.1-20230612.114412-srg.jar%23571!/:?]
	at net.minecraft.Util.m_214652_(Util.java:783) ~[server-1.20.1-20230612.114412-srg.jar%23571!/:?]
	at net.minecraft.Util.m_214679_(Util.java:772) ~[server-1.20.1-20230612.114412-srg.jar%23571!/:?]
	at net.minecraft.server.Main.main(Main.java:166) ~[server-1.20.1-20230612.114412-srg.jar%23571!/:?]
	at jdk.internal.reflect.NativeMethodAccessorImpl.invoke0(Native Method) ~[?:?]
	at jdk.internal.reflect.NativeMethodAccessorImpl.invoke(NativeMethodAccessorImpl.java:77) ~[?:?]
	at jdk.internal.reflect.DelegatingMethodAccessorImpl.invoke(DelegatingMethodAccessorImpl.java:43) ~[?:?]
	at java.lang.reflect.Method.invoke(Method.java:569) ~[?:?]
	at net.minecraftforge.fml.loading.targets.CommonLaunchHandler.runTarget(CommonLaunchHandler.java:111) ~[fmlloader-1.20.1-47.4.0.jar%2369!/:?]
	at net.minecraftforge.fml.loading.targets.CommonLaunchHandler.serverService(CommonLaunchHandler.java:103) ~[fmlloader-1.20.1-47.4.0.jar%2369!/:?]
	at net.minecraftforge.fml.loading.targets.CommonServerLaunchHandler.lambda$makeService$0(CommonServerLaunchHandler.java:27) ~[fmlloader-1.20.1-47.4.0.jar%2369!/:?]
	at cpw.mods.modlauncher.LaunchServiceHandlerDecorator.launch(LaunchServiceHandlerDecorator.java:30) ~[modlauncher-10.0.9.jar%2355!/:?]
	at cpw.mods.modlauncher.LaunchServiceHandler.launch(LaunchServiceHandler.java:53) ~[modlauncher-10.0.9.jar%2355!/:?]
	at cpw.mods.modlauncher.LaunchServiceHandler.launch(LaunchServiceHandler.java:71) ~[modlauncher-10.0.9.jar%2355!/:?]
	at cpw.mods.modlauncher.Launcher.run(Launcher.java:108) ~[modlauncher-10.0.9.jar%2355!/:?]
	at cpw.mods.modlauncher.Launcher.main(Launcher.java:78) ~[modlauncher-10.0.9.jar%2355!/:?]
	at cpw.mods.modlauncher.BootstrapLaunchConsumer.accept(BootstrapLaunchConsumer.java:26) ~[modlauncher-10.0.9.jar%2355!/:?]
	at cpw.mods.modlauncher.BootstrapLaunchConsumer.accept(BootstrapLaunchConsumer.java:23) ~[modlauncher-10.0.9.jar%2355!/:?]
	at cpw.mods.bootstraplauncher.BootstrapLauncher.main(BootstrapLauncher.java:141) ~[bootstraplauncher-1.1.2.jar:?]
[07Apr2025 12:31:04.412] [main/ERROR] [Apotheosis : Adventure/]: Failed to execute ShieldBreakerTest
java.lang.NullPointerException: Cannot invoke "net.minecraft.world.entity.LivingEntity.m_213824_()" because "attacker" is null
	at net.minecraftforge.common.extensions.IForgeItem.canDisableShield(IForgeItem.java:695) ~[forge-1.20.1-47.4.0-universal.jar%23576!/:?]
	at net.minecraftforge.common.extensions.IForgeItemStack.canDisableShield(IForgeItemStack.java:233) ~[forge-1.20.1-47.4.0-universal.jar%23576!/:?]
	at dev.shadowsoffire.apotheosis.adventure.loot.ShieldBreakerTest.test(ShieldBreakerTest.java:48) ~[Apotheosis-1.20.1-7.4.6.jar%23348!/:7.4.6]
	at dev.shadowsoffire.apotheosis.adventure.loot.ShieldBreakerTest.test(ShieldBreakerTest.java:25) ~[Apotheosis-1.20.1-7.4.6.jar%23348!/:7.4.6]
	at dev.shadowsoffire.apotheosis.adventure.loot.LootCategory.isValid(LootCategory.java:89) ~[Apotheosis-1.20.1-7.4.6.jar%23348!/:7.4.6]
	at dev.shadowsoffire.apotheosis.adventure.loot.LootCategory.forItem(LootCategory.java:182) ~[Apotheosis-1.20.1-7.4.6.jar%23348!/:7.4.6]
	at dev.shadowsoffire.apotheosis.adventure.loot.AffixLootEntry.getType(AffixLootEntry.java:91) ~[Apotheosis-1.20.1-7.4.6.jar%23348!/:7.4.6]
	at dev.shadowsoffire.apotheosis.adventure.loot.AffixLootRegistry.validateItem(AffixLootRegistry.java:30) ~[Apotheosis-1.20.1-7.4.6.jar%23348!/:7.4.6]
	at dev.shadowsoffire.apotheosis.adventure.loot.AffixLootRegistry.validateItem(AffixLootRegistry.java:13) ~[Apotheosis-1.20.1-7.4.6.jar%23348!/:7.4.6]
	at dev.shadowsoffire.placebo.reload.DynamicRegistry.register(DynamicRegistry.java:322) ~[Placebo-1.20.1-8.6.3.jar%23501!/:8.6.3]
	at dev.shadowsoffire.placebo.reload.DynamicRegistry.lambda$apply$0(DynamicRegistry.java:143) ~[Placebo-1.20.1-8.6.3.jar%23501!/:8.6.3]
	at java.util.HashMap.forEach(HashMap.java:1421) ~[?:?]
	at dev.shadowsoffire.placebo.reload.DynamicRegistry.apply(DynamicRegistry.java:136) ~[Placebo-1.20.1-8.6.3.jar%23501!/:8.6.3]
	at dev.shadowsoffire.placebo.reload.DynamicRegistry.m_5787_(DynamicRegistry.java:62) ~[Placebo-1.20.1-8.6.3.jar%23501!/:8.6.3]
	at net.minecraft.server.packs.resources.SimplePreparableReloadListener.m_10789_(SimplePreparableReloadListener.java:13) ~[server-1.20.1-20230612.114412-srg.jar%23571!/:?]
	at java.util.concurrent.CompletableFuture$UniAccept.tryFire(CompletableFuture.java:718) ~[?:?]
	at java.util.concurrent.CompletableFuture$Completion.run(CompletableFuture.java:482) ~[?:?]
	at net.minecraft.server.packs.resources.SimpleReloadInstance.m_143940_(SimpleReloadInstance.java:69) ~[server-1.20.1-20230612.114412-srg.jar%23571!/:?]
	at net.minecraft.Util.m_214652_(Util.java:783) ~[server-1.20.1-20230612.114412-srg.jar%23571!/:?]
	at net.minecraft.Util.m_214679_(Util.java:772) ~[server-1.20.1-20230612.114412-srg.jar%23571!/:?]
	at net.minecraft.server.Main.main(Main.java:166) ~[server-1.20.1-20230612.114412-srg.jar%23571!/:?]
	at jdk.internal.reflect.NativeMethodAccessorImpl.invoke0(Native Method) ~[?:?]
	at jdk.internal.reflect.NativeMethodAccessorImpl.invoke(NativeMethodAccessorImpl.java:77) ~[?:?]
	at jdk.internal.reflect.DelegatingMethodAccessorImpl.invoke(DelegatingMethodAccessorImpl.java:43) ~[?:?]
	at java.lang.reflect.Method.invoke(Method.java:569) ~[?:?]
	at net.minecraftforge.fml.loading.targets.CommonLaunchHandler.runTarget(CommonLaunchHandler.java:111) ~[fmlloader-1.20.1-47.4.0.jar%2369!/:?]
	at net.minecraftforge.fml.loading.targets.CommonLaunchHandler.serverService(CommonLaunchHandler.java:103) ~[fmlloader-1.20.1-47.4.0.jar%2369!/:?]
	at net.minecraftforge.fml.loading.targets.CommonServerLaunchHandler.lambda$makeService$0(CommonServerLaunchHandler.java:27) ~[fmlloader-1.20.1-47.4.0.jar%2369!/:?]
	at cpw.mods.modlauncher.LaunchServiceHandlerDecorator.launch(LaunchServiceHandlerDecorator.java:30) ~[modlauncher-10.0.9.jar%2355!/:?]
	at cpw.mods.modlauncher.LaunchServiceHandler.launch(LaunchServiceHandler.java:53) ~[modlauncher-10.0.9.jar%2355!/:?]
	at cpw.mods.modlauncher.LaunchServiceHandler.launch(LaunchServiceHandler.java:71) ~[modlauncher-10.0.9.jar%2355!/:?]
	at cpw.mods.modlauncher.Launcher.run(Launcher.java:108) ~[modlauncher-10.0.9.jar%2355!/:?]
	at cpw.mods.modlauncher.Launcher.main(Launcher.java:78) ~[modlauncher-10.0.9.jar%2355!/:?]
	at cpw.mods.modlauncher.BootstrapLaunchConsumer.accept(BootstrapLaunchConsumer.java:26) ~[modlauncher-10.0.9.jar%2355!/:?]
	at cpw.mods.modlauncher.BootstrapLaunchConsumer.accept(BootstrapLaunchConsumer.java:23) ~[modlauncher-10.0.9.jar%2355!/:?]
	at cpw.mods.bootstraplauncher.BootstrapLauncher.main(BootstrapLauncher.java:141) ~[bootstraplauncher-1.1.2.jar:?]
[07Apr2025 12:31:04.413] [main/ERROR] [Apotheosis : Adventure/]: Failed to execute ShieldBreakerTest
java.lang.NullPointerException: Cannot invoke "net.minecraft.world.entity.LivingEntity.m_213824_()" because "attacker" is null
	at net.minecraftforge.common.extensions.IForgeItem.canDisableShield(IForgeItem.java:695) ~[forge-1.20.1-47.4.0-universal.jar%23576!/:?]
	at net.minecraftforge.common.extensions.IForgeItemStack.canDisableShield(IForgeItemStack.java:233) ~[forge-1.20.1-47.4.0-universal.jar%23576!/:?]
	at dev.shadowsoffire.apotheosis.adventure.loot.ShieldBreakerTest.test(ShieldBreakerTest.java:48) ~[Apotheosis-1.20.1-7.4.6.jar%23348!/:7.4.6]
	at dev.shadowsoffire.apotheosis.adventure.loot.ShieldBreakerTest.test(ShieldBreakerTest.java:25) ~[Apotheosis-1.20.1-7.4.6.jar%23348!/:7.4.6]
	at dev.shadowsoffire.apotheosis.adventure.loot.LootCategory.isValid(LootCategory.java:89) ~[Apotheosis-1.20.1-7.4.6.jar%23348!/:7.4.6]
	at dev.shadowsoffire.apotheosis.adventure.loot.LootCategory.forItem(LootCategory.java:182) ~[Apotheosis-1.20.1-7.4.6.jar%23348!/:7.4.6]
	at dev.shadowsoffire.apotheosis.adventure.loot.AffixLootEntry.getType(AffixLootEntry.java:91) ~[Apotheosis-1.20.1-7.4.6.jar%23348!/:7.4.6]
	at dev.shadowsoffire.apotheosis.adventure.loot.AffixLootRegistry.validateItem(AffixLootRegistry.java:30) ~[Apotheosis-1.20.1-7.4.6.jar%23348!/:7.4.6]
	at dev.shadowsoffire.apotheosis.adventure.loot.AffixLootRegistry.validateItem(AffixLootRegistry.java:13) ~[Apotheosis-1.20.1-7.4.6.jar%23348!/:7.4.6]
	at dev.shadowsoffire.placebo.reload.DynamicRegistry.register(DynamicRegistry.java:322) ~[Placebo-1.20.1-8.6.3.jar%23501!/:8.6.3]
	at dev.shadowsoffire.placebo.reload.DynamicRegistry.lambda$apply$0(DynamicRegistry.java:143) ~[Placebo-1.20.1-8.6.3.jar%23501!/:8.6.3]
	at java.util.HashMap.forEach(HashMap.java:1421) ~[?:?]
	at dev.shadowsoffire.placebo.reload.DynamicRegistry.apply(DynamicRegistry.java:136) ~[Placebo-1.20.1-8.6.3.jar%23501!/:8.6.3]
	at dev.shadowsoffire.placebo.reload.DynamicRegistry.m_5787_(DynamicRegistry.java:62) ~[Placebo-1.20.1-8.6.3.jar%23501!/:8.6.3]
	at net.minecraft.server.packs.resources.SimplePreparableReloadListener.m_10789_(SimplePreparableReloadListener.java:13) ~[server-1.20.1-20230612.114412-srg.jar%23571!/:?]
	at java.util.concurrent.CompletableFuture$UniAccept.tryFire(CompletableFuture.java:718) ~[?:?]
	at java.util.concurrent.CompletableFuture$Completion.run(CompletableFuture.java:482) ~[?:?]
	at net.minecraft.server.packs.resources.SimpleReloadInstance.m_143940_(SimpleReloadInstance.java:69) ~[server-1.20.1-20230612.114412-srg.jar%23571!/:?]
	at net.minecraft.Util.m_214652_(Util.java:783) ~[server-1.20.1-20230612.114412-srg.jar%23571!/:?]
	at net.minecraft.Util.m_214679_(Util.java:772) ~[server-1.20.1-20230612.114412-srg.jar%23571!/:?]
	at net.minecraft.server.Main.main(Main.java:166) ~[server-1.20.1-20230612.114412-srg.jar%23571!/:?]
	at jdk.internal.reflect.NativeMethodAccessorImpl.invoke0(Native Method) ~[?:?]
	at jdk.internal.reflect.NativeMethodAccessorImpl.invoke(NativeMethodAccessorImpl.java:77) ~[?:?]
	at jdk.internal.reflect.DelegatingMethodAccessorImpl.invoke(DelegatingMethodAccessorImpl.java:43) ~[?:?]
	at java.lang.reflect.Method.invoke(Method.java:569) ~[?:?]
	at net.minecraftforge.fml.loading.targets.CommonLaunchHandler.runTarget(CommonLaunchHandler.java:111) ~[fmlloader-1.20.1-47.4.0.jar%2369!/:?]
	at net.minecraftforge.fml.loading.targets.CommonLaunchHandler.serverService(CommonLaunchHandler.java:103) ~[fmlloader-1.20.1-47.4.0.jar%2369!/:?]
	at net.minecraftforge.fml.loading.targets.CommonServerLaunchHandler.lambda$makeService$0(CommonServerLaunchHandler.java:27) ~[fmlloader-1.20.1-47.4.0.jar%2369!/:?]
	at cpw.mods.modlauncher.LaunchServiceHandlerDecorator.launch(LaunchServiceHandlerDecorator.java:30) ~[modlauncher-10.0.9.jar%2355!/:?]
	at cpw.mods.modlauncher.LaunchServiceHandler.launch(LaunchServiceHandler.java:53) ~[modlauncher-10.0.9.jar%2355!/:?]
	at cpw.mods.modlauncher.LaunchServiceHandler.launch(LaunchServiceHandler.java:71) ~[modlauncher-10.0.9.jar%2355!/:?]
	at cpw.mods.modlauncher.Launcher.run(Launcher.java:108) ~[modlauncher-10.0.9.jar%2355!/:?]
	at cpw.mods.modlauncher.Launcher.main(Launcher.java:78) ~[modlauncher-10.0.9.jar%2355!/:?]
	at cpw.mods.modlauncher.BootstrapLaunchConsumer.accept(BootstrapLaunchConsumer.java:26) ~[modlauncher-10.0.9.jar%2355!/:?]
	at cpw.mods.modlauncher.BootstrapLaunchConsumer.accept(BootstrapLaunchConsumer.java:23) ~[modlauncher-10.0.9.jar%2355!/:?]
	at cpw.mods.bootstraplauncher.BootstrapLauncher.main(BootstrapLauncher.java:141) ~[bootstraplauncher-1.1.2.jar:?]
[07Apr2025 12:31:04.414] [main/ERROR] [Apotheosis : Adventure/]: Failed to execute ShieldBreakerTest
java.lang.NullPointerException: Cannot invoke "net.minecraft.world.entity.LivingEntity.m_213824_()" because "attacker" is null
	at net.minecraftforge.common.extensions.IForgeItem.canDisableShield(IForgeItem.java:695) ~[forge-1.20.1-47.4.0-universal.jar%23576!/:?]
	at net.minecraftforge.common.extensions.IForgeItemStack.canDisableShield(IForgeItemStack.java:233) ~[forge-1.20.1-47.4.0-universal.jar%23576!/:?]
	at dev.shadowsoffire.apotheosis.adventure.loot.ShieldBreakerTest.test(ShieldBreakerTest.java:48) ~[Apotheosis-1.20.1-7.4.6.jar%23348!/:7.4.6]
	at dev.shadowsoffire.apotheosis.adventure.loot.ShieldBreakerTest.test(ShieldBreakerTest.java:25) ~[Apotheosis-1.20.1-7.4.6.jar%23348!/:7.4.6]
	at dev.shadowsoffire.apotheosis.adventure.loot.LootCategory.isValid(LootCategory.java:89) ~[Apotheosis-1.20.1-7.4.6.jar%23348!/:7.4.6]
	at dev.shadowsoffire.apotheosis.adventure.loot.LootCategory.forItem(LootCategory.java:182) ~[Apotheosis-1.20.1-7.4.6.jar%23348!/:7.4.6]
	at dev.shadowsoffire.apotheosis.adventure.loot.AffixLootEntry.getType(AffixLootEntry.java:91) ~[Apotheosis-1.20.1-7.4.6.jar%23348!/:7.4.6]
	at dev.shadowsoffire.apotheosis.adventure.loot.AffixLootRegistry.validateItem(AffixLootRegistry.java:30) ~[Apotheosis-1.20.1-7.4.6.jar%23348!/:7.4.6]
	at dev.shadowsoffire.apotheosis.adventure.loot.AffixLootRegistry.validateItem(AffixLootRegistry.java:13) ~[Apotheosis-1.20.1-7.4.6.jar%23348!/:7.4.6]
	at dev.shadowsoffire.placebo.reload.DynamicRegistry.register(DynamicRegistry.java:322) ~[Placebo-1.20.1-8.6.3.jar%23501!/:8.6.3]
	at dev.shadowsoffire.placebo.reload.DynamicRegistry.lambda$apply$0(DynamicRegistry.java:143) ~[Placebo-1.20.1-8.6.3.jar%23501!/:8.6.3]
	at java.util.HashMap.forEach(HashMap.java:1421) ~[?:?]
	at dev.shadowsoffire.placebo.reload.DynamicRegistry.apply(DynamicRegistry.java:136) ~[Placebo-1.20.1-8.6.3.jar%23501!/:8.6.3]
	at dev.shadowsoffire.placebo.reload.DynamicRegistry.m_5787_(DynamicRegistry.java:62) ~[Placebo-1.20.1-8.6.3.jar%23501!/:8.6.3]
	at net.minecraft.server.packs.resources.SimplePreparableReloadListener.m_10789_(SimplePreparableReloadListener.java:13) ~[server-1.20.1-20230612.114412-srg.jar%23571!/:?]
	at java.util.concurrent.CompletableFuture$UniAccept.tryFire(CompletableFuture.java:718) ~[?:?]
	at java.util.concurrent.CompletableFuture$Completion.run(CompletableFuture.java:482) ~[?:?]
	at net.minecraft.server.packs.resources.SimpleReloadInstance.m_143940_(SimpleReloadInstance.java:69) ~[server-1.20.1-20230612.114412-srg.jar%23571!/:?]
	at net.minecraft.Util.m_214652_(Util.java:783) ~[server-1.20.1-20230612.114412-srg.jar%23571!/:?]
	at net.minecraft.Util.m_214679_(Util.java:772) ~[server-1.20.1-20230612.114412-srg.jar%23571!/:?]
	at net.minecraft.server.Main.main(Main.java:166) ~[server-1.20.1-20230612.114412-srg.jar%23571!/:?]
	at jdk.internal.reflect.NativeMethodAccessorImpl.invoke0(Native Method) ~[?:?]
	at jdk.internal.reflect.NativeMethodAccessorImpl.invoke(NativeMethodAccessorImpl.java:77) ~[?:?]
	at jdk.internal.reflect.DelegatingMethodAccessorImpl.invoke(DelegatingMethodAccessorImpl.java:43) ~[?:?]
	at java.lang.reflect.Method.invoke(Method.java:569) ~[?:?]
	at net.minecraftforge.fml.loading.targets.CommonLaunchHandler.runTarget(CommonLaunchHandler.java:111) ~[fmlloader-1.20.1-47.4.0.jar%2369!/:?]
	at net.minecraftforge.fml.loading.targets.CommonLaunchHandler.serverService(CommonLaunchHandler.java:103) ~[fmlloader-1.20.1-47.4.0.jar%2369!/:?]
	at net.minecraftforge.fml.loading.targets.CommonServerLaunchHandler.lambda$makeService$0(CommonServerLaunchHandler.java:27) ~[fmlloader-1.20.1-47.4.0.jar%2369!/:?]
	at cpw.mods.modlauncher.LaunchServiceHandlerDecorator.launch(LaunchServiceHandlerDecorator.java:30) ~[modlauncher-10.0.9.jar%2355!/:?]
	at cpw.mods.modlauncher.LaunchServiceHandler.launch(LaunchServiceHandler.java:53) ~[modlauncher-10.0.9.jar%2355!/:?]
	at cpw.mods.modlauncher.LaunchServiceHandler.launch(LaunchServiceHandler.java:71) ~[modlauncher-10.0.9.jar%2355!/:?]
	at cpw.mods.modlauncher.Launcher.run(Launcher.java:108) ~[modlauncher-10.0.9.jar%2355!/:?]
	at cpw.mods.modlauncher.Launcher.main(Launcher.java:78) ~[modlauncher-10.0.9.jar%2355!/:?]
	at cpw.mods.modlauncher.BootstrapLaunchConsumer.accept(BootstrapLaunchConsumer.java:26) ~[modlauncher-10.0.9.jar%2355!/:?]
	at cpw.mods.modlauncher.BootstrapLaunchConsumer.accept(BootstrapLaunchConsumer.java:23) ~[modlauncher-10.0.9.jar%2355!/:?]
	at cpw.mods.bootstraplauncher.BootstrapLauncher.main(BootstrapLauncher.java:141) ~[bootstraplauncher-1.1.2.jar:?]
[07Apr2025 12:31:04.416] [main/ERROR] [Apotheosis : Adventure/]: Failed to execute ShieldBreakerTest
java.lang.NullPointerException: Cannot invoke "net.minecraft.world.entity.LivingEntity.m_213824_()" because "attacker" is null
	at net.minecraftforge.common.extensions.IForgeItem.canDisableShield(IForgeItem.java:695) ~[forge-1.20.1-47.4.0-universal.jar%23576!/:?]
	at net.minecraftforge.common.extensions.IForgeItemStack.canDisableShield(IForgeItemStack.java:233) ~[forge-1.20.1-47.4.0-universal.jar%23576!/:?]
	at dev.shadowsoffire.apotheosis.adventure.loot.ShieldBreakerTest.test(ShieldBreakerTest.java:48) ~[Apotheosis-1.20.1-7.4.6.jar%23348!/:7.4.6]
	at dev.shadowsoffire.apotheosis.adventure.loot.ShieldBreakerTest.test(ShieldBreakerTest.java:25) ~[Apotheosis-1.20.1-7.4.6.jar%23348!/:7.4.6]
	at dev.shadowsoffire.apotheosis.adventure.loot.LootCategory.isValid(LootCategory.java:89) ~[Apotheosis-1.20.1-7.4.6.jar%23348!/:7.4.6]
	at dev.shadowsoffire.apotheosis.adventure.loot.LootCategory.forItem(LootCategory.java:182) ~[Apotheosis-1.20.1-7.4.6.jar%23348!/:7.4.6]
	at dev.shadowsoffire.apotheosis.adventure.loot.AffixLootEntry.getType(AffixLootEntry.java:91) ~[Apotheosis-1.20.1-7.4.6.jar%23348!/:7.4.6]
	at dev.shadowsoffire.apotheosis.adventure.loot.AffixLootRegistry.validateItem(AffixLootRegistry.java:30) ~[Apotheosis-1.20.1-7.4.6.jar%23348!/:7.4.6]
	at dev.shadowsoffire.apotheosis.adventure.loot.AffixLootRegistry.validateItem(AffixLootRegistry.java:13) ~[Apotheosis-1.20.1-7.4.6.jar%23348!/:7.4.6]
	at dev.shadowsoffire.placebo.reload.DynamicRegistry.register(DynamicRegistry.java:322) ~[Placebo-1.20.1-8.6.3.jar%23501!/:8.6.3]
	at dev.shadowsoffire.placebo.reload.DynamicRegistry.lambda$apply$0(DynamicRegistry.java:143) ~[Placebo-1.20.1-8.6.3.jar%23501!/:8.6.3]
	at java.util.HashMap.forEach(HashMap.java:1421) ~[?:?]
	at dev.shadowsoffire.placebo.reload.DynamicRegistry.apply(DynamicRegistry.java:136) ~[Placebo-1.20.1-8.6.3.jar%23501!/:8.6.3]
	at dev.shadowsoffire.placebo.reload.DynamicRegistry.m_5787_(DynamicRegistry.java:62) ~[Placebo-1.20.1-8.6.3.jar%23501!/:8.6.3]
	at net.minecraft.server.packs.resources.SimplePreparableReloadListener.m_10789_(SimplePreparableReloadListener.java:13) ~[server-1.20.1-20230612.114412-srg.jar%23571!/:?]
	at java.util.concurrent.CompletableFuture$UniAccept.tryFire(CompletableFuture.java:718) ~[?:?]
	at java.util.concurrent.CompletableFuture$Completion.run(CompletableFuture.java:482) ~[?:?]
	at net.minecraft.server.packs.resources.SimpleReloadInstance.m_143940_(SimpleReloadInstance.java:69) ~[server-1.20.1-20230612.114412-srg.jar%23571!/:?]
	at net.minecraft.Util.m_214652_(Util.java:783) ~[server-1.20.1-20230612.114412-srg.jar%23571!/:?]
	at net.minecraft.Util.m_214679_(Util.java:772) ~[server-1.20.1-20230612.114412-srg.jar%23571!/:?]
	at net.minecraft.server.Main.main(Main.java:166) ~[server-1.20.1-20230612.114412-srg.jar%23571!/:?]
	at jdk.internal.reflect.NativeMethodAccessorImpl.invoke0(Native Method) ~[?:?]
	at jdk.internal.reflect.NativeMethodAccessorImpl.invoke(NativeMethodAccessorImpl.java:77) ~[?:?]
	at jdk.internal.reflect.DelegatingMethodAccessorImpl.invoke(DelegatingMethodAccessorImpl.java:43) ~[?:?]
	at java.lang.reflect.Method.invoke(Method.java:569) ~[?:?]
	at net.minecraftforge.fml.loading.targets.CommonLaunchHandler.runTarget(CommonLaunchHandler.java:111) ~[fmlloader-1.20.1-47.4.0.jar%2369!/:?]
	at net.minecraftforge.fml.loading.targets.CommonLaunchHandler.serverService(CommonLaunchHandler.java:103) ~[fmlloader-1.20.1-47.4.0.jar%2369!/:?]
	at net.minecraftforge.fml.loading.targets.CommonServerLaunchHandler.lambda$makeService$0(CommonServerLaunchHandler.java:27) ~[fmlloader-1.20.1-47.4.0.jar%2369!/:?]
	at cpw.mods.modlauncher.LaunchServiceHandlerDecorator.launch(LaunchServiceHandlerDecorator.java:30) ~[modlauncher-10.0.9.jar%2355!/:?]
	at cpw.mods.modlauncher.LaunchServiceHandler.launch(LaunchServiceHandler.java:53) ~[modlauncher-10.0.9.jar%2355!/:?]
	at cpw.mods.modlauncher.LaunchServiceHandler.launch(LaunchServiceHandler.java:71) ~[modlauncher-10.0.9.jar%2355!/:?]
	at cpw.mods.modlauncher.Launcher.run(Launcher.java:108) ~[modlauncher-10.0.9.jar%2355!/:?]
	at cpw.mods.modlauncher.Launcher.main(Launcher.java:78) ~[modlauncher-10.0.9.jar%2355!/:?]
	at cpw.mods.modlauncher.BootstrapLaunchConsumer.accept(BootstrapLaunchConsumer.java:26) ~[modlauncher-10.0.9.jar%2355!/:?]
	at cpw.mods.modlauncher.BootstrapLaunchConsumer.accept(BootstrapLaunchConsumer.java:23) ~[modlauncher-10.0.9.jar%2355!/:?]
	at cpw.mods.bootstraplauncher.BootstrapLauncher.main(BootstrapLauncher.java:141) ~[bootstraplauncher-1.1.2.jar:?]
[07Apr2025 12:31:04.417] [main/ERROR] [Apotheosis : Adventure/]: Failed to execute ShieldBreakerTest
java.lang.NullPointerException: Cannot invoke "net.minecraft.world.entity.LivingEntity.m_213824_()" because "attacker" is null
	at net.minecraftforge.common.extensions.IForgeItem.canDisableShield(IForgeItem.java:695) ~[forge-1.20.1-47.4.0-universal.jar%23576!/:?]
	at net.minecraftforge.common.extensions.IForgeItemStack.canDisableShield(IForgeItemStack.java:233) ~[forge-1.20.1-47.4.0-universal.jar%23576!/:?]
	at dev.shadowsoffire.apotheosis.adventure.loot.ShieldBreakerTest.test(ShieldBreakerTest.java:48) ~[Apotheosis-1.20.1-7.4.6.jar%23348!/:7.4.6]
	at dev.shadowsoffire.apotheosis.adventure.loot.ShieldBreakerTest.test(ShieldBreakerTest.java:25) ~[Apotheosis-1.20.1-7.4.6.jar%23348!/:7.4.6]
	at dev.shadowsoffire.apotheosis.adventure.loot.LootCategory.isValid(LootCategory.java:89) ~[Apotheosis-1.20.1-7.4.6.jar%23348!/:7.4.6]
	at dev.shadowsoffire.apotheosis.adventure.loot.LootCategory.forItem(LootCategory.java:182) ~[Apotheosis-1.20.1-7.4.6.jar%23348!/:7.4.6]
	at dev.shadowsoffire.apotheosis.adventure.loot.AffixLootEntry.getType(AffixLootEntry.java:91) ~[Apotheosis-1.20.1-7.4.6.jar%23348!/:7.4.6]
	at dev.shadowsoffire.apotheosis.adventure.loot.AffixLootRegistry.validateItem(AffixLootRegistry.java:30) ~[Apotheosis-1.20.1-7.4.6.jar%23348!/:7.4.6]
	at dev.shadowsoffire.apotheosis.adventure.loot.AffixLootRegistry.validateItem(AffixLootRegistry.java:13) ~[Apotheosis-1.20.1-7.4.6.jar%23348!/:7.4.6]
	at dev.shadowsoffire.placebo.reload.DynamicRegistry.register(DynamicRegistry.java:322) ~[Placebo-1.20.1-8.6.3.jar%23501!/:8.6.3]
	at dev.shadowsoffire.placebo.reload.DynamicRegistry.lambda$apply$0(DynamicRegistry.java:143) ~[Placebo-1.20.1-8.6.3.jar%23501!/:8.6.3]
	at java.util.HashMap.forEach(HashMap.java:1421) ~[?:?]
	at dev.shadowsoffire.placebo.reload.DynamicRegistry.apply(DynamicRegistry.java:136) ~[Placebo-1.20.1-8.6.3.jar%23501!/:8.6.3]
	at dev.shadowsoffire.placebo.reload.DynamicRegistry.m_5787_(DynamicRegistry.java:62) ~[Placebo-1.20.1-8.6.3.jar%23501!/:8.6.3]
	at net.minecraft.server.packs.resources.SimplePreparableReloadListener.m_10789_(SimplePreparableReloadListener.java:13) ~[server-1.20.1-20230612.114412-srg.jar%23571!/:?]
	at java.util.concurrent.CompletableFuture$UniAccept.tryFire(CompletableFuture.java:718) ~[?:?]
	at java.util.concurrent.CompletableFuture$Completion.run(CompletableFuture.java:482) ~[?:?]
	at net.minecraft.server.packs.resources.SimpleReloadInstance.m_143940_(SimpleReloadInstance.java:69) ~[server-1.20.1-20230612.114412-srg.jar%23571!/:?]
	at net.minecraft.Util.m_214652_(Util.java:783) ~[server-1.20.1-20230612.114412-srg.jar%23571!/:?]
	at net.minecraft.Util.m_214679_(Util.java:772) ~[server-1.20.1-20230612.114412-srg.jar%23571!/:?]
	at net.minecraft.server.Main.main(Main.java:166) ~[server-1.20.1-20230612.114412-srg.jar%23571!/:?]
	at jdk.internal.reflect.NativeMethodAccessorImpl.invoke0(Native Method) ~[?:?]
	at jdk.internal.reflect.NativeMethodAccessorImpl.invoke(NativeMethodAccessorImpl.java:77) ~[?:?]
	at jdk.internal.reflect.DelegatingMethodAccessorImpl.invoke(DelegatingMethodAccessorImpl.java:43) ~[?:?]
	at java.lang.reflect.Method.invoke(Method.java:569) ~[?:?]
	at net.minecraftforge.fml.loading.targets.CommonLaunchHandler.runTarget(CommonLaunchHandler.java:111) ~[fmlloader-1.20.1-47.4.0.jar%2369!/:?]
	at net.minecraftforge.fml.loading.targets.CommonLaunchHandler.serverService(CommonLaunchHandler.java:103) ~[fmlloader-1.20.1-47.4.0.jar%2369!/:?]
	at net.minecraftforge.fml.loading.targets.CommonServerLaunchHandler.lambda$makeService$0(CommonServerLaunchHandler.java:27) ~[fmlloader-1.20.1-47.4.0.jar%2369!/:?]
	at cpw.mods.modlauncher.LaunchServiceHandlerDecorator.launch(LaunchServiceHandlerDecorator.java:30) ~[modlauncher-10.0.9.jar%2355!/:?]
	at cpw.mods.modlauncher.LaunchServiceHandler.launch(LaunchServiceHandler.java:53) ~[modlauncher-10.0.9.jar%2355!/:?]
	at cpw.mods.modlauncher.LaunchServiceHandler.launch(LaunchServiceHandler.java:71) ~[modlauncher-10.0.9.jar%2355!/:?]
	at cpw.mods.modlauncher.Launcher.run(Launcher.java:108) ~[modlauncher-10.0.9.jar%2355!/:?]
	at cpw.mods.modlauncher.Launcher.main(Launcher.java:78) ~[modlauncher-10.0.9.jar%2355!/:?]
	at cpw.mods.modlauncher.BootstrapLaunchConsumer.accept(BootstrapLaunchConsumer.java:26) ~[modlauncher-10.0.9.jar%2355!/:?]
	at cpw.mods.modlauncher.BootstrapLaunchConsumer.accept(BootstrapLaunchConsumer.java:23) ~[modlauncher-10.0.9.jar%2355!/:?]
	at cpw.mods.bootstraplauncher.BootstrapLauncher.main(BootstrapLauncher.java:141) ~[bootstraplauncher-1.1.2.jar:?]
[07Apr2025 12:31:04.466] [main/ERROR] [Apotheosis : Adventure/]: Failed to execute ShieldBreakerTest
java.lang.NullPointerException: Cannot invoke "net.minecraft.world.entity.LivingEntity.m_213824_()" because "attacker" is null
	at net.minecraftforge.common.extensions.IForgeItem.canDisableShield(IForgeItem.java:695) ~[forge-1.20.1-47.4.0-universal.jar%23576!/:?]
	at net.minecraftforge.common.extensions.IForgeItemStack.canDisableShield(IForgeItemStack.java:233) ~[forge-1.20.1-47.4.0-universal.jar%23576!/:?]
	at dev.shadowsoffire.apotheosis.adventure.loot.ShieldBreakerTest.test(ShieldBreakerTest.java:48) ~[Apotheosis-1.20.1-7.4.6.jar%23348!/:7.4.6]
	at dev.shadowsoffire.apotheosis.adventure.loot.ShieldBreakerTest.test(ShieldBreakerTest.java:25) ~[Apotheosis-1.20.1-7.4.6.jar%23348!/:7.4.6]
	at dev.shadowsoffire.apotheosis.adventure.loot.LootCategory.isValid(LootCategory.java:89) ~[Apotheosis-1.20.1-7.4.6.jar%23348!/:7.4.6]
	at dev.shadowsoffire.apotheosis.adventure.loot.LootCategory.forItem(LootCategory.java:182) ~[Apotheosis-1.20.1-7.4.6.jar%23348!/:7.4.6]
	at dev.shadowsoffire.apotheosis.adventure.loot.AffixLootEntry.getType(AffixLootEntry.java:91) ~[Apotheosis-1.20.1-7.4.6.jar%23348!/:7.4.6]
	at dev.shadowsoffire.apotheosis.adventure.loot.AffixLootRegistry.validateItem(AffixLootRegistry.java:30) ~[Apotheosis-1.20.1-7.4.6.jar%23348!/:7.4.6]
	at dev.shadowsoffire.apotheosis.adventure.loot.AffixLootRegistry.validateItem(AffixLootRegistry.java:13) ~[Apotheosis-1.20.1-7.4.6.jar%23348!/:7.4.6]
	at dev.shadowsoffire.placebo.reload.DynamicRegistry.register(DynamicRegistry.java:322) ~[Placebo-1.20.1-8.6.3.jar%23501!/:8.6.3]
	at dev.shadowsoffire.placebo.reload.DynamicRegistry.lambda$apply$0(DynamicRegistry.java:143) ~[Placebo-1.20.1-8.6.3.jar%23501!/:8.6.3]
	at java.util.HashMap.forEach(HashMap.java:1421) ~[?:?]
	at dev.shadowsoffire.placebo.reload.DynamicRegistry.apply(DynamicRegistry.java:136) ~[Placebo-1.20.1-8.6.3.jar%23501!/:8.6.3]
	at dev.shadowsoffire.placebo.reload.DynamicRegistry.m_5787_(DynamicRegistry.java:62) ~[Placebo-1.20.1-8.6.3.jar%23501!/:8.6.3]
	at net.minecraft.server.packs.resources.SimplePreparableReloadListener.m_10789_(SimplePreparableReloadListener.java:13) ~[server-1.20.1-20230612.114412-srg.jar%23571!/:?]
	at java.util.concurrent.CompletableFuture$UniAccept.tryFire(CompletableFuture.java:718) ~[?:?]
	at java.util.concurrent.CompletableFuture$Completion.run(CompletableFuture.java:482) ~[?:?]
	at net.minecraft.server.packs.resources.SimpleReloadInstance.m_143940_(SimpleReloadInstance.java:69) ~[server-1.20.1-20230612.114412-srg.jar%23571!/:?]
	at net.minecraft.Util.m_214652_(Util.java:783) ~[server-1.20.1-20230612.114412-srg.jar%23571!/:?]
	at net.minecraft.Util.m_214679_(Util.java:772) ~[server-1.20.1-20230612.114412-srg.jar%23571!/:?]
	at net.minecraft.server.Main.main(Main.java:166) ~[server-1.20.1-20230612.114412-srg.jar%23571!/:?]
	at jdk.internal.reflect.NativeMethodAccessorImpl.invoke0(Native Method) ~[?:?]
	at jdk.internal.reflect.NativeMethodAccessorImpl.invoke(NativeMethodAccessorImpl.java:77) ~[?:?]
	at jdk.internal.reflect.DelegatingMethodAccessorImpl.invoke(DelegatingMethodAccessorImpl.java:43) ~[?:?]
	at java.lang.reflect.Method.invoke(Method.java:569) ~[?:?]
	at net.minecraftforge.fml.loading.targets.CommonLaunchHandler.runTarget(CommonLaunchHandler.java:111) ~[fmlloader-1.20.1-47.4.0.jar%2369!/:?]
	at net.minecraftforge.fml.loading.targets.CommonLaunchHandler.serverService(CommonLaunchHandler.java:103) ~[fmlloader-1.20.1-47.4.0.jar%2369!/:?]
	at net.minecraftforge.fml.loading.targets.CommonServerLaunchHandler.lambda$makeService$0(CommonServerLaunchHandler.java:27) ~[fmlloader-1.20.1-47.4.0.jar%2369!/:?]
	at cpw.mods.modlauncher.LaunchServiceHandlerDecorator.launch(LaunchServiceHandlerDecorator.java:30) ~[modlauncher-10.0.9.jar%2355!/:?]
	at cpw.mods.modlauncher.LaunchServiceHandler.launch(LaunchServiceHandler.java:53) ~[modlauncher-10.0.9.jar%2355!/:?]
	at cpw.mods.modlauncher.LaunchServiceHandler.launch(LaunchServiceHandler.java:71) ~[modlauncher-10.0.9.jar%2355!/:?]
	at cpw.mods.modlauncher.Launcher.run(Launcher.java:108) ~[modlauncher-10.0.9.jar%2355!/:?]
	at cpw.mods.modlauncher.Launcher.main(Launcher.java:78) ~[modlauncher-10.0.9.jar%2355!/:?]
	at cpw.mods.modlauncher.BootstrapLaunchConsumer.accept(BootstrapLaunchConsumer.java:26) ~[modlauncher-10.0.9.jar%2355!/:?]
	at cpw.mods.modlauncher.BootstrapLaunchConsumer.accept(BootstrapLaunchConsumer.java:23) ~[modlauncher-10.0.9.jar%2355!/:?]
	at cpw.mods.bootstraplauncher.BootstrapLauncher.main(BootstrapLauncher.java:141) ~[bootstraplauncher-1.1.2.jar:?]
[07Apr2025 12:31:04.467] [main/ERROR] [Apotheosis : Adventure/]: Failed to execute ShieldBreakerTest
java.lang.NullPointerException: Cannot invoke "net.minecraft.world.entity.LivingEntity.m_213824_()" because "attacker" is null
	at net.minecraftforge.common.extensions.IForgeItem.canDisableShield(IForgeItem.java:695) ~[forge-1.20.1-47.4.0-universal.jar%23576!/:?]
	at net.minecraftforge.common.extensions.IForgeItemStack.canDisableShield(IForgeItemStack.java:233) ~[forge-1.20.1-47.4.0-universal.jar%23576!/:?]
	at dev.shadowsoffire.apotheosis.adventure.loot.ShieldBreakerTest.test(ShieldBreakerTest.java:48) ~[Apotheosis-1.20.1-7.4.6.jar%23348!/:7.4.6]
	at dev.shadowsoffire.apotheosis.adventure.loot.ShieldBreakerTest.test(ShieldBreakerTest.java:25) ~[Apotheosis-1.20.1-7.4.6.jar%23348!/:7.4.6]
	at dev.shadowsoffire.apotheosis.adventure.loot.LootCategory.isValid(LootCategory.java:89) ~[Apotheosis-1.20.1-7.4.6.jar%23348!/:7.4.6]
	at dev.shadowsoffire.apotheosis.adventure.loot.LootCategory.forItem(LootCategory.java:182) ~[Apotheosis-1.20.1-7.4.6.jar%23348!/:7.4.6]
	at dev.shadowsoffire.apotheosis.adventure.loot.AffixLootEntry.getType(AffixLootEntry.java:91) ~[Apotheosis-1.20.1-7.4.6.jar%23348!/:7.4.6]
	at dev.shadowsoffire.apotheosis.adventure.loot.AffixLootRegistry.validateItem(AffixLootRegistry.java:30) ~[Apotheosis-1.20.1-7.4.6.jar%23348!/:7.4.6]
	at dev.shadowsoffire.apotheosis.adventure.loot.AffixLootRegistry.validateItem(AffixLootRegistry.java:13) ~[Apotheosis-1.20.1-7.4.6.jar%23348!/:7.4.6]
	at dev.shadowsoffire.placebo.reload.DynamicRegistry.register(DynamicRegistry.java:322) ~[Placebo-1.20.1-8.6.3.jar%23501!/:8.6.3]
	at dev.shadowsoffire.placebo.reload.DynamicRegistry.lambda$apply$0(DynamicRegistry.java:143) ~[Placebo-1.20.1-8.6.3.jar%23501!/:8.6.3]
	at java.util.HashMap.forEach(HashMap.java:1421) ~[?:?]
	at dev.shadowsoffire.placebo.reload.DynamicRegistry.apply(DynamicRegistry.java:136) ~[Placebo-1.20.1-8.6.3.jar%23501!/:8.6.3]
	at dev.shadowsoffire.placebo.reload.DynamicRegistry.m_5787_(DynamicRegistry.java:62) ~[Placebo-1.20.1-8.6.3.jar%23501!/:8.6.3]
	at net.minecraft.server.packs.resources.SimplePreparableReloadListener.m_10789_(SimplePreparableReloadListener.java:13) ~[server-1.20.1-20230612.114412-srg.jar%23571!/:?]
	at java.util.concurrent.CompletableFuture$UniAccept.tryFire(CompletableFuture.java:718) ~[?:?]
	at java.util.concurrent.CompletableFuture$Completion.run(CompletableFuture.java:482) ~[?:?]
	at net.minecraft.server.packs.resources.SimpleReloadInstance.m_143940_(SimpleReloadInstance.java:69) ~[server-1.20.1-20230612.114412-srg.jar%23571!/:?]
	at net.minecraft.Util.m_214652_(Util.java:783) ~[server-1.20.1-20230612.114412-srg.jar%23571!/:?]
	at net.minecraft.Util.m_214679_(Util.java:772) ~[server-1.20.1-20230612.114412-srg.jar%23571!/:?]
	at net.minecraft.server.Main.main(Main.java:166) ~[server-1.20.1-20230612.114412-srg.jar%23571!/:?]
	at jdk.internal.reflect.NativeMethodAccessorImpl.invoke0(Native Method) ~[?:?]
	at jdk.internal.reflect.NativeMethodAccessorImpl.invoke(NativeMethodAccessorImpl.java:77) ~[?:?]
	at jdk.internal.reflect.DelegatingMethodAccessorImpl.invoke(DelegatingMethodAccessorImpl.java:43) ~[?:?]
	at java.lang.reflect.Method.invoke(Method.java:569) ~[?:?]
	at net.minecraftforge.fml.loading.targets.CommonLaunchHandler.runTarget(CommonLaunchHandler.java:111) ~[fmlloader-1.20.1-47.4.0.jar%2369!/:?]
	at net.minecraftforge.fml.loading.targets.CommonLaunchHandler.serverService(CommonLaunchHandler.java:103) ~[fmlloader-1.20.1-47.4.0.jar%2369!/:?]
	at net.minecraftforge.fml.loading.targets.CommonServerLaunchHandler.lambda$makeService$0(CommonServerLaunchHandler.java:27) ~[fmlloader-1.20.1-47.4.0.jar%2369!/:?]
	at cpw.mods.modlauncher.LaunchServiceHandlerDecorator.launch(LaunchServiceHandlerDecorator.java:30) ~[modlauncher-10.0.9.jar%2355!/:?]
	at cpw.mods.modlauncher.LaunchServiceHandler.launch(LaunchServiceHandler.java:53) ~[modlauncher-10.0.9.jar%2355!/:?]
	at cpw.mods.modlauncher.LaunchServiceHandler.launch(LaunchServiceHandler.java:71) ~[modlauncher-10.0.9.jar%2355!/:?]
	at cpw.mods.modlauncher.Launcher.run(Launcher.java:108) ~[modlauncher-10.0.9.jar%2355!/:?]
	at cpw.mods.modlauncher.Launcher.main(Launcher.java:78) ~[modlauncher-10.0.9.jar%2355!/:?]
	at cpw.mods.modlauncher.BootstrapLaunchConsumer.accept(BootstrapLaunchConsumer.java:26) ~[modlauncher-10.0.9.jar%2355!/:?]
	at cpw.mods.modlauncher.BootstrapLaunchConsumer.accept(BootstrapLaunchConsumer.java:23) ~[modlauncher-10.0.9.jar%2355!/:?]
	at cpw.mods.bootstraplauncher.BootstrapLauncher.main(BootstrapLauncher.java:141) ~[bootstraplauncher-1.1.2.jar:?]
[07Apr2025 12:31:04.468] [main/ERROR] [Apotheosis : Adventure/]: Failed to execute ShieldBreakerTest
java.lang.NullPointerException: Cannot invoke "net.minecraft.world.entity.LivingEntity.m_213824_()" because "attacker" is null
	at net.minecraftforge.common.extensions.IForgeItem.canDisableShield(IForgeItem.java:695) ~[forge-1.20.1-47.4.0-universal.jar%23576!/:?]
	at net.minecraftforge.common.extensions.IForgeItemStack.canDisableShield(IForgeItemStack.java:233) ~[forge-1.20.1-47.4.0-universal.jar%23576!/:?]
	at dev.shadowsoffire.apotheosis.adventure.loot.ShieldBreakerTest.test(ShieldBreakerTest.java:48) ~[Apotheosis-1.20.1-7.4.6.jar%23348!/:7.4.6]
	at dev.shadowsoffire.apotheosis.adventure.loot.ShieldBreakerTest.test(ShieldBreakerTest.java:25) ~[Apotheosis-1.20.1-7.4.6.jar%23348!/:7.4.6]
	at dev.shadowsoffire.apotheosis.adventure.loot.LootCategory.isValid(LootCategory.java:89) ~[Apotheosis-1.20.1-7.4.6.jar%23348!/:7.4.6]
	at dev.shadowsoffire.apotheosis.adventure.loot.LootCategory.forItem(LootCategory.java:182) ~[Apotheosis-1.20.1-7.4.6.jar%23348!/:7.4.6]
	at dev.shadowsoffire.apotheosis.adventure.loot.AffixLootEntry.getType(AffixLootEntry.java:91) ~[Apotheosis-1.20.1-7.4.6.jar%23348!/:7.4.6]
	at dev.shadowsoffire.apotheosis.adventure.loot.AffixLootRegistry.validateItem(AffixLootRegistry.java:30) ~[Apotheosis-1.20.1-7.4.6.jar%23348!/:7.4.6]
	at dev.shadowsoffire.apotheosis.adventure.loot.AffixLootRegistry.validateItem(AffixLootRegistry.java:13) ~[Apotheosis-1.20.1-7.4.6.jar%23348!/:7.4.6]
	at dev.shadowsoffire.placebo.reload.DynamicRegistry.register(DynamicRegistry.java:322) ~[Placebo-1.20.1-8.6.3.jar%23501!/:8.6.3]
	at dev.shadowsoffire.placebo.reload.DynamicRegistry.lambda$apply$0(DynamicRegistry.java:143) ~[Placebo-1.20.1-8.6.3.jar%23501!/:8.6.3]
	at java.util.HashMap.forEach(HashMap.java:1421) ~[?:?]
	at dev.shadowsoffire.placebo.reload.DynamicRegistry.apply(DynamicRegistry.java:136) ~[Placebo-1.20.1-8.6.3.jar%23501!/:8.6.3]
	at dev.shadowsoffire.placebo.reload.DynamicRegistry.m_5787_(DynamicRegistry.java:62) ~[Placebo-1.20.1-8.6.3.jar%23501!/:8.6.3]
	at net.minecraft.server.packs.resources.SimplePreparableReloadListener.m_10789_(SimplePreparableReloadListener.java:13) ~[server-1.20.1-20230612.114412-srg.jar%23571!/:?]
	at java.util.concurrent.CompletableFuture$UniAccept.tryFire(CompletableFuture.java:718) ~[?:?]
	at java.util.concurrent.CompletableFuture$Completion.run(CompletableFuture.java:482) ~[?:?]
	at net.minecraft.server.packs.resources.SimpleReloadInstance.m_143940_(SimpleReloadInstance.java:69) ~[server-1.20.1-20230612.114412-srg.jar%23571!/:?]
	at net.minecraft.Util.m_214652_(Util.java:783) ~[server-1.20.1-20230612.114412-srg.jar%23571!/:?]
	at net.minecraft.Util.m_214679_(Util.java:772) ~[server-1.20.1-20230612.114412-srg.jar%23571!/:?]
	at net.minecraft.server.Main.main(Main.java:166) ~[server-1.20.1-20230612.114412-srg.jar%23571!/:?]
	at jdk.internal.reflect.NativeMethodAccessorImpl.invoke0(Native Method) ~[?:?]
	at jdk.internal.reflect.NativeMethodAccessorImpl.invoke(NativeMethodAccessorImpl.java:77) ~[?:?]
	at jdk.internal.reflect.DelegatingMethodAccessorImpl.invoke(DelegatingMethodAccessorImpl.java:43) ~[?:?]
	at java.lang.reflect.Method.invoke(Method.java:569) ~[?:?]
	at net.minecraftforge.fml.loading.targets.CommonLaunchHandler.runTarget(CommonLaunchHandler.java:111) ~[fmlloader-1.20.1-47.4.0.jar%2369!/:?]
	at net.minecraftforge.fml.loading.targets.CommonLaunchHandler.serverService(CommonLaunchHandler.java:103) ~[fmlloader-1.20.1-47.4.0.jar%2369!/:?]
	at net.minecraftforge.fml.loading.targets.CommonServerLaunchHandler.lambda$makeService$0(CommonServerLaunchHandler.java:27) ~[fmlloader-1.20.1-47.4.0.jar%2369!/:?]
	at cpw.mods.modlauncher.LaunchServiceHandlerDecorator.launch(LaunchServiceHandlerDecorator.java:30) ~[modlauncher-10.0.9.jar%2355!/:?]
	at cpw.mods.modlauncher.LaunchServiceHandler.launch(LaunchServiceHandler.java:53) ~[modlauncher-10.0.9.jar%2355!/:?]
	at cpw.mods.modlauncher.LaunchServiceHandler.launch(LaunchServiceHandler.java:71) ~[modlauncher-10.0.9.jar%2355!/:?]
	at cpw.mods.modlauncher.Launcher.run(Launcher.java:108) ~[modlauncher-10.0.9.jar%2355!/:?]
	at cpw.mods.modlauncher.Launcher.main(Launcher.java:78) ~[modlauncher-10.0.9.jar%2355!/:?]
	at cpw.mods.modlauncher.BootstrapLaunchConsumer.accept(BootstrapLaunchConsumer.java:26) ~[modlauncher-10.0.9.jar%2355!/:?]
	at cpw.mods.modlauncher.BootstrapLaunchConsumer.accept(BootstrapLaunchConsumer.java:23) ~[modlauncher-10.0.9.jar%2355!/:?]
	at cpw.mods.bootstraplauncher.BootstrapLauncher.main(BootstrapLauncher.java:141) ~[bootstraplauncher-1.1.2.jar:?]
[07Apr2025 12:31:04.469] [main/ERROR] [Apotheosis : Adventure/]: Failed to execute ShieldBreakerTest
java.lang.NullPointerException: Cannot invoke "net.minecraft.world.entity.LivingEntity.m_213824_()" because "attacker" is null
	at net.minecraftforge.common.extensions.IForgeItem.canDisableShield(IForgeItem.java:695) ~[forge-1.20.1-47.4.0-universal.jar%23576!/:?]
	at net.minecraftforge.common.extensions.IForgeItemStack.canDisableShield(IForgeItemStack.java:233) ~[forge-1.20.1-47.4.0-universal.jar%23576!/:?]
	at dev.shadowsoffire.apotheosis.adventure.loot.ShieldBreakerTest.test(ShieldBreakerTest.java:48) ~[Apotheosis-1.20.1-7.4.6.jar%23348!/:7.4.6]
	at dev.shadowsoffire.apotheosis.adventure.loot.ShieldBreakerTest.test(ShieldBreakerTest.java:25) ~[Apotheosis-1.20.1-7.4.6.jar%23348!/:7.4.6]
	at dev.shadowsoffire.apotheosis.adventure.loot.LootCategory.isValid(LootCategory.java:89) ~[Apotheosis-1.20.1-7.4.6.jar%23348!/:7.4.6]
	at dev.shadowsoffire.apotheosis.adventure.loot.LootCategory.forItem(LootCategory.java:182) ~[Apotheosis-1.20.1-7.4.6.jar%23348!/:7.4.6]
	at dev.shadowsoffire.apotheosis.adventure.loot.AffixLootEntry.getType(AffixLootEntry.java:91) ~[Apotheosis-1.20.1-7.4.6.jar%23348!/:7.4.6]
	at dev.shadowsoffire.apotheosis.adventure.loot.AffixLootRegistry.validateItem(AffixLootRegistry.java:30) ~[Apotheosis-1.20.1-7.4.6.jar%23348!/:7.4.6]
	at dev.shadowsoffire.apotheosis.adventure.loot.AffixLootRegistry.validateItem(AffixLootRegistry.java:13) ~[Apotheosis-1.20.1-7.4.6.jar%23348!/:7.4.6]
	at dev.shadowsoffire.placebo.reload.DynamicRegistry.register(DynamicRegistry.java:322) ~[Placebo-1.20.1-8.6.3.jar%23501!/:8.6.3]
	at dev.shadowsoffire.placebo.reload.DynamicRegistry.lambda$apply$0(DynamicRegistry.java:143) ~[Placebo-1.20.1-8.6.3.jar%23501!/:8.6.3]
	at java.util.HashMap.forEach(HashMap.java:1421) ~[?:?]
	at dev.shadowsoffire.placebo.reload.DynamicRegistry.apply(DynamicRegistry.java:136) ~[Placebo-1.20.1-8.6.3.jar%23501!/:8.6.3]
	at dev.shadowsoffire.placebo.reload.DynamicRegistry.m_5787_(DynamicRegistry.java:62) ~[Placebo-1.20.1-8.6.3.jar%23501!/:8.6.3]
	at net.minecraft.server.packs.resources.SimplePreparableReloadListener.m_10789_(SimplePreparableReloadListener.java:13) ~[server-1.20.1-20230612.114412-srg.jar%23571!/:?]
	at java.util.concurrent.CompletableFuture$UniAccept.tryFire(CompletableFuture.java:718) ~[?:?]
	at java.util.concurrent.CompletableFuture$Completion.run(CompletableFuture.java:482) ~[?:?]
	at net.minecraft.server.packs.resources.SimpleReloadInstance.m_143940_(SimpleReloadInstance.java:69) ~[server-1.20.1-20230612.114412-srg.jar%23571!/:?]
	at net.minecraft.Util.m_214652_(Util.java:783) ~[server-1.20.1-20230612.114412-srg.jar%23571!/:?]
	at net.minecraft.Util.m_214679_(Util.java:772) ~[server-1.20.1-20230612.114412-srg.jar%23571!/:?]
	at net.minecraft.server.Main.main(Main.java:166) ~[server-1.20.1-20230612.114412-srg.jar%23571!/:?]
	at jdk.internal.reflect.NativeMethodAccessorImpl.invoke0(Native Method) ~[?:?]
	at jdk.internal.reflect.NativeMethodAccessorImpl.invoke(NativeMethodAccessorImpl.java:77) ~[?:?]
	at jdk.internal.reflect.DelegatingMethodAccessorImpl.invoke(DelegatingMethodAccessorImpl.java:43) ~[?:?]
	at java.lang.reflect.Method.invoke(Method.java:569) ~[?:?]
	at net.minecraftforge.fml.loading.targets.CommonLaunchHandler.runTarget(CommonLaunchHandler.java:111) ~[fmlloader-1.20.1-47.4.0.jar%2369!/:?]
	at net.minecraftforge.fml.loading.targets.CommonLaunchHandler.serverService(CommonLaunchHandler.java:103) ~[fmlloader-1.20.1-47.4.0.jar%2369!/:?]
	at net.minecraftforge.fml.loading.targets.CommonServerLaunchHandler.lambda$makeService$0(CommonServerLaunchHandler.java:27) ~[fmlloader-1.20.1-47.4.0.jar%2369!/:?]
	at cpw.mods.modlauncher.LaunchServiceHandlerDecorator.launch(LaunchServiceHandlerDecorator.java:30) ~[modlauncher-10.0.9.jar%2355!/:?]
	at cpw.mods.modlauncher.LaunchServiceHandler.launch(LaunchServiceHandler.java:53) ~[modlauncher-10.0.9.jar%2355!/:?]
	at cpw.mods.modlauncher.LaunchServiceHandler.launch(LaunchServiceHandler.java:71) ~[modlauncher-10.0.9.jar%2355!/:?]
	at cpw.mods.modlauncher.Launcher.run(Launcher.java:108) ~[modlauncher-10.0.9.jar%2355!/:?]
	at cpw.mods.modlauncher.Launcher.main(Launcher.java:78) ~[modlauncher-10.0.9.jar%2355!/:?]
	at cpw.mods.modlauncher.BootstrapLaunchConsumer.accept(BootstrapLaunchConsumer.java:26) ~[modlauncher-10.0.9.jar%2355!/:?]
	at cpw.mods.modlauncher.BootstrapLaunchConsumer.accept(BootstrapLaunchConsumer.java:23) ~[modlauncher-10.0.9.jar%2355!/:?]
	at cpw.mods.bootstraplauncher.BootstrapLauncher.main(BootstrapLauncher.java:141) ~[bootstraplauncher-1.1.2.jar:?]
[07Apr2025 12:31:04.470] [main/ERROR] [Apotheosis : Adventure/]: Failed to execute ShieldBreakerTest
java.lang.NullPointerException: Cannot invoke "net.minecraft.world.entity.LivingEntity.m_213824_()" because "attacker" is null
	at net.minecraftforge.common.extensions.IForgeItem.canDisableShield(IForgeItem.java:695) ~[forge-1.20.1-47.4.0-universal.jar%23576!/:?]
	at net.minecraftforge.common.extensions.IForgeItemStack.canDisableShield(IForgeItemStack.java:233) ~[forge-1.20.1-47.4.0-universal.jar%23576!/:?]
	at dev.shadowsoffire.apotheosis.adventure.loot.ShieldBreakerTest.test(ShieldBreakerTest.java:48) ~[Apotheosis-1.20.1-7.4.6.jar%23348!/:7.4.6]
	at dev.shadowsoffire.apotheosis.adventure.loot.ShieldBreakerTest.test(ShieldBreakerTest.java:25) ~[Apotheosis-1.20.1-7.4.6.jar%23348!/:7.4.6]
	at dev.shadowsoffire.apotheosis.adventure.loot.LootCategory.isValid(LootCategory.java:89) ~[Apotheosis-1.20.1-7.4.6.jar%23348!/:7.4.6]
	at dev.shadowsoffire.apotheosis.adventure.loot.LootCategory.forItem(LootCategory.java:182) ~[Apotheosis-1.20.1-7.4.6.jar%23348!/:7.4.6]
	at dev.shadowsoffire.apotheosis.adventure.loot.AffixLootEntry.getType(AffixLootEntry.java:91) ~[Apotheosis-1.20.1-7.4.6.jar%23348!/:7.4.6]
	at dev.shadowsoffire.apotheosis.adventure.loot.AffixLootRegistry.validateItem(AffixLootRegistry.java:30) ~[Apotheosis-1.20.1-7.4.6.jar%23348!/:7.4.6]
	at dev.shadowsoffire.apotheosis.adventure.loot.AffixLootRegistry.validateItem(AffixLootRegistry.java:13) ~[Apotheosis-1.20.1-7.4.6.jar%23348!/:7.4.6]
	at dev.shadowsoffire.placebo.reload.DynamicRegistry.register(DynamicRegistry.java:322) ~[Placebo-1.20.1-8.6.3.jar%23501!/:8.6.3]
	at dev.shadowsoffire.placebo.reload.DynamicRegistry.lambda$apply$0(DynamicRegistry.java:143) ~[Placebo-1.20.1-8.6.3.jar%23501!/:8.6.3]
	at java.util.HashMap.forEach(HashMap.java:1421) ~[?:?]
	at dev.shadowsoffire.placebo.reload.DynamicRegistry.apply(DynamicRegistry.java:136) ~[Placebo-1.20.1-8.6.3.jar%23501!/:8.6.3]
	at dev.shadowsoffire.placebo.reload.DynamicRegistry.m_5787_(DynamicRegistry.java:62) ~[Placebo-1.20.1-8.6.3.jar%23501!/:8.6.3]
	at net.minecraft.server.packs.resources.SimplePreparableReloadListener.m_10789_(SimplePreparableReloadListener.java:13) ~[server-1.20.1-20230612.114412-srg.jar%23571!/:?]
	at java.util.concurrent.CompletableFuture$UniAccept.tryFire(CompletableFuture.java:718) ~[?:?]
	at java.util.concurrent.CompletableFuture$Completion.run(CompletableFuture.java:482) ~[?:?]
	at net.minecraft.server.packs.resources.SimpleReloadInstance.m_143940_(SimpleReloadInstance.java:69) ~[server-1.20.1-20230612.114412-srg.jar%23571!/:?]
	at net.minecraft.Util.m_214652_(Util.java:783) ~[server-1.20.1-20230612.114412-srg.jar%23571!/:?]
	at net.minecraft.Util.m_214679_(Util.java:772) ~[server-1.20.1-20230612.114412-srg.jar%23571!/:?]
	at net.minecraft.server.Main.main(Main.java:166) ~[server-1.20.1-20230612.114412-srg.jar%23571!/:?]
	at jdk.internal.reflect.NativeMethodAccessorImpl.invoke0(Native Method) ~[?:?]
	at jdk.internal.reflect.NativeMethodAccessorImpl.invoke(NativeMethodAccessorImpl.java:77) ~[?:?]
	at jdk.internal.reflect.DelegatingMethodAccessorImpl.invoke(DelegatingMethodAccessorImpl.java:43) ~[?:?]
	at java.lang.reflect.Method.invoke(Method.java:569) ~[?:?]
	at net.minecraftforge.fml.loading.targets.CommonLaunchHandler.runTarget(CommonLaunchHandler.java:111) ~[fmlloader-1.20.1-47.4.0.jar%2369!/:?]
	at net.minecraftforge.fml.loading.targets.CommonLaunchHandler.serverService(CommonLaunchHandler.java:103) ~[fmlloader-1.20.1-47.4.0.jar%2369!/:?]
	at net.minecraftforge.fml.loading.targets.CommonServerLaunchHandler.lambda$makeService$0(CommonServerLaunchHandler.java:27) ~[fmlloader-1.20.1-47.4.0.jar%2369!/:?]
	at cpw.mods.modlauncher.LaunchServiceHandlerDecorator.launch(LaunchServiceHandlerDecorator.java:30) ~[modlauncher-10.0.9.jar%2355!/:?]
	at cpw.mods.modlauncher.LaunchServiceHandler.launch(LaunchServiceHandler.java:53) ~[modlauncher-10.0.9.jar%2355!/:?]
	at cpw.mods.modlauncher.LaunchServiceHandler.launch(LaunchServiceHandler.java:71) ~[modlauncher-10.0.9.jar%2355!/:?]
	at cpw.mods.modlauncher.Launcher.run(Launcher.java:108) ~[modlauncher-10.0.9.jar%2355!/:?]
	at cpw.mods.modlauncher.Launcher.main(Launcher.java:78) ~[modlauncher-10.0.9.jar%2355!/:?]
	at cpw.mods.modlauncher.BootstrapLaunchConsumer.accept(BootstrapLaunchConsumer.java:26) ~[modlauncher-10.0.9.jar%2355!/:?]
	at cpw.mods.modlauncher.BootstrapLaunchConsumer.accept(BootstrapLaunchConsumer.java:23) ~[modlauncher-10.0.9.jar%2355!/:?]
	at cpw.mods.bootstraplauncher.BootstrapLauncher.main(BootstrapLauncher.java:141) ~[bootstraplauncher-1.1.2.jar:?]
[07Apr2025 12:31:04.471] [main/ERROR] [Apotheosis : Adventure/]: Failed to execute ShieldBreakerTest
java.lang.NullPointerException: Cannot invoke "net.minecraft.world.entity.LivingEntity.m_213824_()" because "attacker" is null
	at net.minecraftforge.common.extensions.IForgeItem.canDisableShield(IForgeItem.java:695) ~[forge-1.20.1-47.4.0-universal.jar%23576!/:?]
	at net.minecraftforge.common.extensions.IForgeItemStack.canDisableShield(IForgeItemStack.java:233) ~[forge-1.20.1-47.4.0-universal.jar%23576!/:?]
	at dev.shadowsoffire.apotheosis.adventure.loot.ShieldBreakerTest.test(ShieldBreakerTest.java:48) ~[Apotheosis-1.20.1-7.4.6.jar%23348!/:7.4.6]
	at dev.shadowsoffire.apotheosis.adventure.loot.ShieldBreakerTest.test(ShieldBreakerTest.java:25) ~[Apotheosis-1.20.1-7.4.6.jar%23348!/:7.4.6]
	at dev.shadowsoffire.apotheosis.adventure.loot.LootCategory.isValid(LootCategory.java:89) ~[Apotheosis-1.20.1-7.4.6.jar%23348!/:7.4.6]
	at dev.shadowsoffire.apotheosis.adventure.loot.LootCategory.forItem(LootCategory.java:182) ~[Apotheosis-1.20.1-7.4.6.jar%23348!/:7.4.6]
	at dev.shadowsoffire.apotheosis.adventure.loot.AffixLootEntry.getType(AffixLootEntry.java:91) ~[Apotheosis-1.20.1-7.4.6.jar%23348!/:7.4.6]
	at dev.shadowsoffire.apotheosis.adventure.loot.AffixLootRegistry.validateItem(AffixLootRegistry.java:30) ~[Apotheosis-1.20.1-7.4.6.jar%23348!/:7.4.6]
	at dev.shadowsoffire.apotheosis.adventure.loot.AffixLootRegistry.validateItem(AffixLootRegistry.java:13) ~[Apotheosis-1.20.1-7.4.6.jar%23348!/:7.4.6]
	at dev.shadowsoffire.placebo.reload.DynamicRegistry.register(DynamicRegistry.java:322) ~[Placebo-1.20.1-8.6.3.jar%23501!/:8.6.3]
	at dev.shadowsoffire.placebo.reload.DynamicRegistry.lambda$apply$0(DynamicRegistry.java:143) ~[Placebo-1.20.1-8.6.3.jar%23501!/:8.6.3]
	at java.util.HashMap.forEach(HashMap.java:1421) ~[?:?]
	at dev.shadowsoffire.placebo.reload.DynamicRegistry.apply(DynamicRegistry.java:136) ~[Placebo-1.20.1-8.6.3.jar%23501!/:8.6.3]
	at dev.shadowsoffire.placebo.reload.DynamicRegistry.m_5787_(DynamicRegistry.java:62) ~[Placebo-1.20.1-8.6.3.jar%23501!/:8.6.3]
	at net.minecraft.server.packs.resources.SimplePreparableReloadListener.m_10789_(SimplePreparableReloadListener.java:13) ~[server-1.20.1-20230612.114412-srg.jar%23571!/:?]
	at java.util.concurrent.CompletableFuture$UniAccept.tryFire(CompletableFuture.java:718) ~[?:?]
	at java.util.concurrent.CompletableFuture$Completion.run(CompletableFuture.java:482) ~[?:?]
	at net.minecraft.server.packs.resources.SimpleReloadInstance.m_143940_(SimpleReloadInstance.java:69) ~[server-1.20.1-20230612.114412-srg.jar%23571!/:?]
	at net.minecraft.Util.m_214652_(Util.java:783) ~[server-1.20.1-20230612.114412-srg.jar%23571!/:?]
	at net.minecraft.Util.m_214679_(Util.java:772) ~[server-1.20.1-20230612.114412-srg.jar%23571!/:?]
	at net.minecraft.server.Main.main(Main.java:166) ~[server-1.20.1-20230612.114412-srg.jar%23571!/:?]
	at jdk.internal.reflect.NativeMethodAccessorImpl.invoke0(Native Method) ~[?:?]
	at jdk.internal.reflect.NativeMethodAccessorImpl.invoke(NativeMethodAccessorImpl.java:77) ~[?:?]
	at jdk.internal.reflect.DelegatingMethodAccessorImpl.invoke(DelegatingMethodAccessorImpl.java:43) ~[?:?]
	at java.lang.reflect.Method.invoke(Method.java:569) ~[?:?]
	at net.minecraftforge.fml.loading.targets.CommonLaunchHandler.runTarget(CommonLaunchHandler.java:111) ~[fmlloader-1.20.1-47.4.0.jar%2369!/:?]
	at net.minecraftforge.fml.loading.targets.CommonLaunchHandler.serverService(CommonLaunchHandler.java:103) ~[fmlloader-1.20.1-47.4.0.jar%2369!/:?]
	at net.minecraftforge.fml.loading.targets.CommonServerLaunchHandler.lambda$makeService$0(CommonServerLaunchHandler.java:27) ~[fmlloader-1.20.1-47.4.0.jar%2369!/:?]
	at cpw.mods.modlauncher.LaunchServiceHandlerDecorator.launch(LaunchServiceHandlerDecorator.java:30) ~[modlauncher-10.0.9.jar%2355!/:?]
	at cpw.mods.modlauncher.LaunchServiceHandler.launch(LaunchServiceHandler.java:53) ~[modlauncher-10.0.9.jar%2355!/:?]
	at cpw.mods.modlauncher.LaunchServiceHandler.launch(LaunchServiceHandler.java:71) ~[modlauncher-10.0.9.jar%2355!/:?]
	at cpw.mods.modlauncher.Launcher.run(Launcher.java:108) ~[modlauncher-10.0.9.jar%2355!/:?]
	at cpw.mods.modlauncher.Launcher.main(Launcher.java:78) ~[modlauncher-10.0.9.jar%2355!/:?]
	at cpw.mods.modlauncher.BootstrapLaunchConsumer.accept(BootstrapLaunchConsumer.java:26) ~[modlauncher-10.0.9.jar%2355!/:?]
	at cpw.mods.modlauncher.BootstrapLaunchConsumer.accept(BootstrapLaunchConsumer.java:23) ~[modlauncher-10.0.9.jar%2355!/:?]
	at cpw.mods.bootstraplauncher.BootstrapLauncher.main(BootstrapLauncher.java:141) ~[bootstraplauncher-1.1.2.jar:?]
[07Apr2025 12:31:04.473] [main/ERROR] [Apotheosis : Adventure/]: Failed to execute ShieldBreakerTest
java.lang.NullPointerException: Cannot invoke "net.minecraft.world.entity.LivingEntity.m_213824_()" because "attacker" is null
	at net.minecraftforge.common.extensions.IForgeItem.canDisableShield(IForgeItem.java:695) ~[forge-1.20.1-47.4.0-universal.jar%23576!/:?]
	at net.minecraftforge.common.extensions.IForgeItemStack.canDisableShield(IForgeItemStack.java:233) ~[forge-1.20.1-47.4.0-universal.jar%23576!/:?]
	at dev.shadowsoffire.apotheosis.adventure.loot.ShieldBreakerTest.test(ShieldBreakerTest.java:48) ~[Apotheosis-1.20.1-7.4.6.jar%23348!/:7.4.6]
	at dev.shadowsoffire.apotheosis.adventure.loot.ShieldBreakerTest.test(ShieldBreakerTest.java:25) ~[Apotheosis-1.20.1-7.4.6.jar%23348!/:7.4.6]
	at dev.shadowsoffire.apotheosis.adventure.loot.LootCategory.isValid(LootCategory.java:89) ~[Apotheosis-1.20.1-7.4.6.jar%23348!/:7.4.6]
	at dev.shadowsoffire.apotheosis.adventure.loot.LootCategory.forItem(LootCategory.java:182) ~[Apotheosis-1.20.1-7.4.6.jar%23348!/:7.4.6]
	at dev.shadowsoffire.apotheosis.adventure.loot.AffixLootEntry.getType(AffixLootEntry.java:91) ~[Apotheosis-1.20.1-7.4.6.jar%23348!/:7.4.6]
	at dev.shadowsoffire.apotheosis.adventure.loot.AffixLootRegistry.validateItem(AffixLootRegistry.java:30) ~[Apotheosis-1.20.1-7.4.6.jar%23348!/:7.4.6]
	at dev.shadowsoffire.apotheosis.adventure.loot.AffixLootRegistry.validateItem(AffixLootRegistry.java:13) ~[Apotheosis-1.20.1-7.4.6.jar%23348!/:7.4.6]
	at dev.shadowsoffire.placebo.reload.DynamicRegistry.register(DynamicRegistry.java:322) ~[Placebo-1.20.1-8.6.3.jar%23501!/:8.6.3]
	at dev.shadowsoffire.placebo.reload.DynamicRegistry.lambda$apply$0(DynamicRegistry.java:143) ~[Placebo-1.20.1-8.6.3.jar%23501!/:8.6.3]
	at java.util.HashMap.forEach(HashMap.java:1421) ~[?:?]
	at dev.shadowsoffire.placebo.reload.DynamicRegistry.apply(DynamicRegistry.java:136) ~[Placebo-1.20.1-8.6.3.jar%23501!/:8.6.3]
	at dev.shadowsoffire.placebo.reload.DynamicRegistry.m_5787_(DynamicRegistry.java:62) ~[Placebo-1.20.1-8.6.3.jar%23501!/:8.6.3]
	at net.minecraft.server.packs.resources.SimplePreparableReloadListener.m_10789_(SimplePreparableReloadListener.java:13) ~[server-1.20.1-20230612.114412-srg.jar%23571!/:?]
	at java.util.concurrent.CompletableFuture$UniAccept.tryFire(CompletableFuture.java:718) ~[?:?]
	at java.util.concurrent.CompletableFuture$Completion.run(CompletableFuture.java:482) ~[?:?]
	at net.minecraft.server.packs.resources.SimpleReloadInstance.m_143940_(SimpleReloadInstance.java:69) ~[server-1.20.1-20230612.114412-srg.jar%23571!/:?]
	at net.minecraft.Util.m_214652_(Util.java:783) ~[server-1.20.1-20230612.114412-srg.jar%23571!/:?]
	at net.minecraft.Util.m_214679_(Util.java:772) ~[server-1.20.1-20230612.114412-srg.jar%23571!/:?]
	at net.minecraft.server.Main.main(Main.java:166) ~[server-1.20.1-20230612.114412-srg.jar%23571!/:?]
	at jdk.internal.reflect.NativeMethodAccessorImpl.invoke0(Native Method) ~[?:?]
	at jdk.internal.reflect.NativeMethodAccessorImpl.invoke(NativeMethodAccessorImpl.java:77) ~[?:?]
	at jdk.internal.reflect.DelegatingMethodAccessorImpl.invoke(DelegatingMethodAccessorImpl.java:43) ~[?:?]
	at java.lang.reflect.Method.invoke(Method.java:569) ~[?:?]
	at net.minecraftforge.fml.loading.targets.CommonLaunchHandler.runTarget(CommonLaunchHandler.java:111) ~[fmlloader-1.20.1-47.4.0.jar%2369!/:?]
	at net.minecraftforge.fml.loading.targets.CommonLaunchHandler.serverService(CommonLaunchHandler.java:103) ~[fmlloader-1.20.1-47.4.0.jar%2369!/:?]
	at net.minecraftforge.fml.loading.targets.CommonServerLaunchHandler.lambda$makeService$0(CommonServerLaunchHandler.java:27) ~[fmlloader-1.20.1-47.4.0.jar%2369!/:?]
	at cpw.mods.modlauncher.LaunchServiceHandlerDecorator.launch(LaunchServiceHandlerDecorator.java:30) ~[modlauncher-10.0.9.jar%2355!/:?]
	at cpw.mods.modlauncher.LaunchServiceHandler.launch(LaunchServiceHandler.java:53) ~[modlauncher-10.0.9.jar%2355!/:?]
	at cpw.mods.modlauncher.LaunchServiceHandler.launch(LaunchServiceHandler.java:71) ~[modlauncher-10.0.9.jar%2355!/:?]
	at cpw.mods.modlauncher.Launcher.run(Launcher.java:108) ~[modlauncher-10.0.9.jar%2355!/:?]
	at cpw.mods.modlauncher.Launcher.main(Launcher.java:78) ~[modlauncher-10.0.9.jar%2355!/:?]
	at cpw.mods.modlauncher.BootstrapLaunchConsumer.accept(BootstrapLaunchConsumer.java:26) ~[modlauncher-10.0.9.jar%2355!/:?]
	at cpw.mods.modlauncher.BootstrapLaunchConsumer.accept(BootstrapLaunchConsumer.java:23) ~[modlauncher-10.0.9.jar%2355!/:?]
	at cpw.mods.bootstraplauncher.BootstrapLauncher.main(BootstrapLauncher.java:141) ~[bootstraplauncher-1.1.2.jar:?]
[07Apr2025 12:31:04.475] [main/ERROR] [Apotheosis : Adventure/]: Failed to execute ShieldBreakerTest
java.lang.NullPointerException: Cannot invoke "net.minecraft.world.entity.LivingEntity.m_213824_()" because "attacker" is null
	at net.minecraftforge.common.extensions.IForgeItem.canDisableShield(IForgeItem.java:695) ~[forge-1.20.1-47.4.0-universal.jar%23576!/:?]
	at net.minecraftforge.common.extensions.IForgeItemStack.canDisableShield(IForgeItemStack.java:233) ~[forge-1.20.1-47.4.0-universal.jar%23576!/:?]
	at dev.shadowsoffire.apotheosis.adventure.loot.ShieldBreakerTest.test(ShieldBreakerTest.java:48) ~[Apotheosis-1.20.1-7.4.6.jar%23348!/:7.4.6]
	at dev.shadowsoffire.apotheosis.adventure.loot.ShieldBreakerTest.test(ShieldBreakerTest.java:25) ~[Apotheosis-1.20.1-7.4.6.jar%23348!/:7.4.6]
	at dev.shadowsoffire.apotheosis.adventure.loot.LootCategory.isValid(LootCategory.java:89) ~[Apotheosis-1.20.1-7.4.6.jar%23348!/:7.4.6]
	at dev.shadowsoffire.apotheosis.adventure.loot.LootCategory.forItem(LootCategory.java:182) ~[Apotheosis-1.20.1-7.4.6.jar%23348!/:7.4.6]
	at dev.shadowsoffire.apotheosis.adventure.loot.AffixLootEntry.getType(AffixLootEntry.java:91) ~[Apotheosis-1.20.1-7.4.6.jar%23348!/:7.4.6]
	at dev.shadowsoffire.apotheosis.adventure.loot.AffixLootRegistry.validateItem(AffixLootRegistry.java:30) ~[Apotheosis-1.20.1-7.4.6.jar%23348!/:7.4.6]
	at dev.shadowsoffire.apotheosis.adventure.loot.AffixLootRegistry.validateItem(AffixLootRegistry.java:13) ~[Apotheosis-1.20.1-7.4.6.jar%23348!/:7.4.6]
	at dev.shadowsoffire.placebo.reload.DynamicRegistry.register(DynamicRegistry.java:322) ~[Placebo-1.20.1-8.6.3.jar%23501!/:8.6.3]
	at dev.shadowsoffire.placebo.reload.DynamicRegistry.lambda$apply$0(DynamicRegistry.java:143) ~[Placebo-1.20.1-8.6.3.jar%23501!/:8.6.3]
	at java.util.HashMap.forEach(HashMap.java:1421) ~[?:?]
	at dev.shadowsoffire.placebo.reload.DynamicRegistry.apply(DynamicRegistry.java:136) ~[Placebo-1.20.1-8.6.3.jar%23501!/:8.6.3]
	at dev.shadowsoffire.placebo.reload.DynamicRegistry.m_5787_(DynamicRegistry.java:62) ~[Placebo-1.20.1-8.6.3.jar%23501!/:8.6.3]
	at net.minecraft.server.packs.resources.SimplePreparableReloadListener.m_10789_(SimplePreparableReloadListener.java:13) ~[server-1.20.1-20230612.114412-srg.jar%23571!/:?]
	at java.util.concurrent.CompletableFuture$UniAccept.tryFire(CompletableFuture.java:718) ~[?:?]
	at java.util.concurrent.CompletableFuture$Completion.run(CompletableFuture.java:482) ~[?:?]
	at net.minecraft.server.packs.resources.SimpleReloadInstance.m_143940_(SimpleReloadInstance.java:69) ~[server-1.20.1-20230612.114412-srg.jar%23571!/:?]
	at net.minecraft.Util.m_214652_(Util.java:783) ~[server-1.20.1-20230612.114412-srg.jar%23571!/:?]
	at net.minecraft.Util.m_214679_(Util.java:772) ~[server-1.20.1-20230612.114412-srg.jar%23571!/:?]
	at net.minecraft.server.Main.main(Main.java:166) ~[server-1.20.1-20230612.114412-srg.jar%23571!/:?]
	at jdk.internal.reflect.NativeMethodAccessorImpl.invoke0(Native Method) ~[?:?]
	at jdk.internal.reflect.NativeMethodAccessorImpl.invoke(NativeMethodAccessorImpl.java:77) ~[?:?]
	at jdk.internal.reflect.DelegatingMethodAccessorImpl.invoke(DelegatingMethodAccessorImpl.java:43) ~[?:?]
	at java.lang.reflect.Method.invoke(Method.java:569) ~[?:?]
	at net.minecraftforge.fml.loading.targets.CommonLaunchHandler.runTarget(CommonLaunchHandler.java:111) ~[fmlloader-1.20.1-47.4.0.jar%2369!/:?]
	at net.minecraftforge.fml.loading.targets.CommonLaunchHandler.serverService(CommonLaunchHandler.java:103) ~[fmlloader-1.20.1-47.4.0.jar%2369!/:?]
	at net.minecraftforge.fml.loading.targets.CommonServerLaunchHandler.lambda$makeService$0(CommonServerLaunchHandler.java:27) ~[fmlloader-1.20.1-47.4.0.jar%2369!/:?]
	at cpw.mods.modlauncher.LaunchServiceHandlerDecorator.launch(LaunchServiceHandlerDecorator.java:30) ~[modlauncher-10.0.9.jar%2355!/:?]
	at cpw.mods.modlauncher.LaunchServiceHandler.launch(LaunchServiceHandler.java:53) ~[modlauncher-10.0.9.jar%2355!/:?]
	at cpw.mods.modlauncher.LaunchServiceHandler.launch(LaunchServiceHandler.java:71) ~[modlauncher-10.0.9.jar%2355!/:?]
	at cpw.mods.modlauncher.Launcher.run(Launcher.java:108) ~[modlauncher-10.0.9.jar%2355!/:?]
	at cpw.mods.modlauncher.Launcher.main(Launcher.java:78) ~[modlauncher-10.0.9.jar%2355!/:?]
	at cpw.mods.modlauncher.BootstrapLaunchConsumer.accept(BootstrapLaunchConsumer.java:26) ~[modlauncher-10.0.9.jar%2355!/:?]
	at cpw.mods.modlauncher.BootstrapLaunchConsumer.accept(BootstrapLaunchConsumer.java:23) ~[modlauncher-10.0.9.jar%2355!/:?]
	at cpw.mods.bootstraplauncher.BootstrapLauncher.main(BootstrapLauncher.java:141) ~[bootstraplauncher-1.1.2.jar:?]
[07Apr2025 12:31:04.476] [main/ERROR] [Apotheosis : Adventure/]: Failed to execute ShieldBreakerTest
java.lang.NullPointerException: Cannot invoke "net.minecraft.world.entity.LivingEntity.m_213824_()" because "attacker" is null
	at net.minecraftforge.common.extensions.IForgeItem.canDisableShield(IForgeItem.java:695) ~[forge-1.20.1-47.4.0-universal.jar%23576!/:?]
	at net.minecraftforge.common.extensions.IForgeItemStack.canDisableShield(IForgeItemStack.java:233) ~[forge-1.20.1-47.4.0-universal.jar%23576!/:?]
	at dev.shadowsoffire.apotheosis.adventure.loot.ShieldBreakerTest.test(ShieldBreakerTest.java:48) ~[Apotheosis-1.20.1-7.4.6.jar%23348!/:7.4.6]
	at dev.shadowsoffire.apotheosis.adventure.loot.ShieldBreakerTest.test(ShieldBreakerTest.java:25) ~[Apotheosis-1.20.1-7.4.6.jar%23348!/:7.4.6]
	at dev.shadowsoffire.apotheosis.adventure.loot.LootCategory.isValid(LootCategory.java:89) ~[Apotheosis-1.20.1-7.4.6.jar%23348!/:7.4.6]
	at dev.shadowsoffire.apotheosis.adventure.loot.LootCategory.forItem(LootCategory.java:182) ~[Apotheosis-1.20.1-7.4.6.jar%23348!/:7.4.6]
	at dev.shadowsoffire.apotheosis.adventure.loot.AffixLootEntry.getType(AffixLootEntry.java:91) ~[Apotheosis-1.20.1-7.4.6.jar%23348!/:7.4.6]
	at dev.shadowsoffire.apotheosis.adventure.loot.AffixLootRegistry.validateItem(AffixLootRegistry.java:30) ~[Apotheosis-1.20.1-7.4.6.jar%23348!/:7.4.6]
	at dev.shadowsoffire.apotheosis.adventure.loot.AffixLootRegistry.validateItem(AffixLootRegistry.java:13) ~[Apotheosis-1.20.1-7.4.6.jar%23348!/:7.4.6]
	at dev.shadowsoffire.placebo.reload.DynamicRegistry.register(DynamicRegistry.java:322) ~[Placebo-1.20.1-8.6.3.jar%23501!/:8.6.3]
	at dev.shadowsoffire.placebo.reload.DynamicRegistry.lambda$apply$0(DynamicRegistry.java:143) ~[Placebo-1.20.1-8.6.3.jar%23501!/:8.6.3]
	at java.util.HashMap.forEach(HashMap.java:1421) ~[?:?]
	at dev.shadowsoffire.placebo.reload.DynamicRegistry.apply(DynamicRegistry.java:136) ~[Placebo-1.20.1-8.6.3.jar%23501!/:8.6.3]
	at dev.shadowsoffire.placebo.reload.DynamicRegistry.m_5787_(DynamicRegistry.java:62) ~[Placebo-1.20.1-8.6.3.jar%23501!/:8.6.3]
	at net.minecraft.server.packs.resources.SimplePreparableReloadListener.m_10789_(SimplePreparableReloadListener.java:13) ~[server-1.20.1-20230612.114412-srg.jar%23571!/:?]
	at java.util.concurrent.CompletableFuture$UniAccept.tryFire(CompletableFuture.java:718) ~[?:?]
	at java.util.concurrent.CompletableFuture$Completion.run(CompletableFuture.java:482) ~[?:?]
	at net.minecraft.server.packs.resources.SimpleReloadInstance.m_143940_(SimpleReloadInstance.java:69) ~[server-1.20.1-20230612.114412-srg.jar%23571!/:?]
	at net.minecraft.Util.m_214652_(Util.java:783) ~[server-1.20.1-20230612.114412-srg.jar%23571!/:?]
	at net.minecraft.Util.m_214679_(Util.java:772) ~[server-1.20.1-20230612.114412-srg.jar%23571!/:?]
	at net.minecraft.server.Main.main(Main.java:166) ~[server-1.20.1-20230612.114412-srg.jar%23571!/:?]
	at jdk.internal.reflect.NativeMethodAccessorImpl.invoke0(Native Method) ~[?:?]
	at jdk.internal.reflect.NativeMethodAccessorImpl.invoke(NativeMethodAccessorImpl.java:77) ~[?:?]
	at jdk.internal.reflect.DelegatingMethodAccessorImpl.invoke(DelegatingMethodAccessorImpl.java:43) ~[?:?]
	at java.lang.reflect.Method.invoke(Method.java:569) ~[?:?]
	at net.minecraftforge.fml.loading.targets.CommonLaunchHandler.runTarget(CommonLaunchHandler.java:111) ~[fmlloader-1.20.1-47.4.0.jar%2369!/:?]
	at net.minecraftforge.fml.loading.targets.CommonLaunchHandler.serverService(CommonLaunchHandler.java:103) ~[fmlloader-1.20.1-47.4.0.jar%2369!/:?]
	at net.minecraftforge.fml.loading.targets.CommonServerLaunchHandler.lambda$makeService$0(CommonServerLaunchHandler.java:27) ~[fmlloader-1.20.1-47.4.0.jar%2369!/:?]
	at cpw.mods.modlauncher.LaunchServiceHandlerDecorator.launch(LaunchServiceHandlerDecorator.java:30) ~[modlauncher-10.0.9.jar%2355!/:?]
	at cpw.mods.modlauncher.LaunchServiceHandler.launch(LaunchServiceHandler.java:53) ~[modlauncher-10.0.9.jar%2355!/:?]
	at cpw.mods.modlauncher.LaunchServiceHandler.launch(LaunchServiceHandler.java:71) ~[modlauncher-10.0.9.jar%2355!/:?]
	at cpw.mods.modlauncher.Launcher.run(Launcher.java:108) ~[modlauncher-10.0.9.jar%2355!/:?]
	at cpw.mods.modlauncher.Launcher.main(Launcher.java:78) ~[modlauncher-10.0.9.jar%2355!/:?]
	at cpw.mods.modlauncher.BootstrapLaunchConsumer.accept(BootstrapLaunchConsumer.java:26) ~[modlauncher-10.0.9.jar%2355!/:?]
	at cpw.mods.modlauncher.BootstrapLaunchConsumer.accept(BootstrapLaunchConsumer.java:23) ~[modlauncher-10.0.9.jar%2355!/:?]
	at cpw.mods.bootstraplauncher.BootstrapLauncher.main(BootstrapLauncher.java:141) ~[bootstraplauncher-1.1.2.jar:?]
[07Apr2025 12:31:04.476] [main/ERROR] [Apotheosis : Adventure/]: Failed to execute ShieldBreakerTest
java.lang.NullPointerException: Cannot invoke "net.minecraft.world.entity.LivingEntity.m_213824_()" because "attacker" is null
	at net.minecraftforge.common.extensions.IForgeItem.canDisableShield(IForgeItem.java:695) ~[forge-1.20.1-47.4.0-universal.jar%23576!/:?]
	at net.minecraftforge.common.extensions.IForgeItemStack.canDisableShield(IForgeItemStack.java:233) ~[forge-1.20.1-47.4.0-universal.jar%23576!/:?]
	at dev.shadowsoffire.apotheosis.adventure.loot.ShieldBreakerTest.test(ShieldBreakerTest.java:48) ~[Apotheosis-1.20.1-7.4.6.jar%23348!/:7.4.6]
	at dev.shadowsoffire.apotheosis.adventure.loot.ShieldBreakerTest.test(ShieldBreakerTest.java:25) ~[Apotheosis-1.20.1-7.4.6.jar%23348!/:7.4.6]
	at dev.shadowsoffire.apotheosis.adventure.loot.LootCategory.isValid(LootCategory.java:89) ~[Apotheosis-1.20.1-7.4.6.jar%23348!/:7.4.6]
	at dev.shadowsoffire.apotheosis.adventure.loot.LootCategory.forItem(LootCategory.java:182) ~[Apotheosis-1.20.1-7.4.6.jar%23348!/:7.4.6]
	at dev.shadowsoffire.apotheosis.adventure.loot.AffixLootEntry.getType(AffixLootEntry.java:91) ~[Apotheosis-1.20.1-7.4.6.jar%23348!/:7.4.6]
	at dev.shadowsoffire.apotheosis.adventure.loot.AffixLootRegistry.validateItem(AffixLootRegistry.java:30) ~[Apotheosis-1.20.1-7.4.6.jar%23348!/:7.4.6]
	at dev.shadowsoffire.apotheosis.adventure.loot.AffixLootRegistry.validateItem(AffixLootRegistry.java:13) ~[Apotheosis-1.20.1-7.4.6.jar%23348!/:7.4.6]
	at dev.shadowsoffire.placebo.reload.DynamicRegistry.register(DynamicRegistry.java:322) ~[Placebo-1.20.1-8.6.3.jar%23501!/:8.6.3]
	at dev.shadowsoffire.placebo.reload.DynamicRegistry.lambda$apply$0(DynamicRegistry.java:143) ~[Placebo-1.20.1-8.6.3.jar%23501!/:8.6.3]
	at java.util.HashMap.forEach(HashMap.java:1421) ~[?:?]
	at dev.shadowsoffire.placebo.reload.DynamicRegistry.apply(DynamicRegistry.java:136) ~[Placebo-1.20.1-8.6.3.jar%23501!/:8.6.3]
	at dev.shadowsoffire.placebo.reload.DynamicRegistry.m_5787_(DynamicRegistry.java:62) ~[Placebo-1.20.1-8.6.3.jar%23501!/:8.6.3]
	at net.minecraft.server.packs.resources.SimplePreparableReloadListener.m_10789_(SimplePreparableReloadListener.java:13) ~[server-1.20.1-20230612.114412-srg.jar%23571!/:?]
	at java.util.concurrent.CompletableFuture$UniAccept.tryFire(CompletableFuture.java:718) ~[?:?]
	at java.util.concurrent.CompletableFuture$Completion.run(CompletableFuture.java:482) ~[?:?]
	at net.minecraft.server.packs.resources.SimpleReloadInstance.m_143940_(SimpleReloadInstance.java:69) ~[server-1.20.1-20230612.114412-srg.jar%23571!/:?]
	at net.minecraft.Util.m_214652_(Util.java:783) ~[server-1.20.1-20230612.114412-srg.jar%23571!/:?]
	at net.minecraft.Util.m_214679_(Util.java:772) ~[server-1.20.1-20230612.114412-srg.jar%23571!/:?]
	at net.minecraft.server.Main.main(Main.java:166) ~[server-1.20.1-20230612.114412-srg.jar%23571!/:?]
	at jdk.internal.reflect.NativeMethodAccessorImpl.invoke0(Native Method) ~[?:?]
	at jdk.internal.reflect.NativeMethodAccessorImpl.invoke(NativeMethodAccessorImpl.java:77) ~[?:?]
	at jdk.internal.reflect.DelegatingMethodAccessorImpl.invoke(DelegatingMethodAccessorImpl.java:43) ~[?:?]
	at java.lang.reflect.Method.invoke(Method.java:569) ~[?:?]
	at net.minecraftforge.fml.loading.targets.CommonLaunchHandler.runTarget(CommonLaunchHandler.java:111) ~[fmlloader-1.20.1-47.4.0.jar%2369!/:?]
	at net.minecraftforge.fml.loading.targets.CommonLaunchHandler.serverService(CommonLaunchHandler.java:103) ~[fmlloader-1.20.1-47.4.0.jar%2369!/:?]
	at net.minecraftforge.fml.loading.targets.CommonServerLaunchHandler.lambda$makeService$0(CommonServerLaunchHandler.java:27) ~[fmlloader-1.20.1-47.4.0.jar%2369!/:?]
	at cpw.mods.modlauncher.LaunchServiceHandlerDecorator.launch(LaunchServiceHandlerDecorator.java:30) ~[modlauncher-10.0.9.jar%2355!/:?]
	at cpw.mods.modlauncher.LaunchServiceHandler.launch(LaunchServiceHandler.java:53) ~[modlauncher-10.0.9.jar%2355!/:?]
	at cpw.mods.modlauncher.LaunchServiceHandler.launch(LaunchServiceHandler.java:71) ~[modlauncher-10.0.9.jar%2355!/:?]
	at cpw.mods.modlauncher.Launcher.run(Launcher.java:108) ~[modlauncher-10.0.9.jar%2355!/:?]
	at cpw.mods.modlauncher.Launcher.main(Launcher.java:78) ~[modlauncher-10.0.9.jar%2355!/:?]
	at cpw.mods.modlauncher.BootstrapLaunchConsumer.accept(BootstrapLaunchConsumer.java:26) ~[modlauncher-10.0.9.jar%2355!/:?]
	at cpw.mods.modlauncher.BootstrapLaunchConsumer.accept(BootstrapLaunchConsumer.java:23) ~[modlauncher-10.0.9.jar%2355!/:?]
	at cpw.mods.bootstraplauncher.BootstrapLauncher.main(BootstrapLauncher.java:141) ~[bootstraplauncher-1.1.2.jar:?]
[07Apr2025 12:31:04.477] [main/ERROR] [Apotheosis : Adventure/]: Failed to execute ShieldBreakerTest
java.lang.NullPointerException: Cannot invoke "net.minecraft.world.entity.LivingEntity.m_213824_()" because "attacker" is null
	at net.minecraftforge.common.extensions.IForgeItem.canDisableShield(IForgeItem.java:695) ~[forge-1.20.1-47.4.0-universal.jar%23576!/:?]
	at net.minecraftforge.common.extensions.IForgeItemStack.canDisableShield(IForgeItemStack.java:233) ~[forge-1.20.1-47.4.0-universal.jar%23576!/:?]
	at dev.shadowsoffire.apotheosis.adventure.loot.ShieldBreakerTest.test(ShieldBreakerTest.java:48) ~[Apotheosis-1.20.1-7.4.6.jar%23348!/:7.4.6]
	at dev.shadowsoffire.apotheosis.adventure.loot.ShieldBreakerTest.test(ShieldBreakerTest.java:25) ~[Apotheosis-1.20.1-7.4.6.jar%23348!/:7.4.6]
	at dev.shadowsoffire.apotheosis.adventure.loot.LootCategory.isValid(LootCategory.java:89) ~[Apotheosis-1.20.1-7.4.6.jar%23348!/:7.4.6]
	at dev.shadowsoffire.apotheosis.adventure.loot.LootCategory.forItem(LootCategory.java:182) ~[Apotheosis-1.20.1-7.4.6.jar%23348!/:7.4.6]
	at dev.shadowsoffire.apotheosis.adventure.loot.AffixLootEntry.getType(AffixLootEntry.java:91) ~[Apotheosis-1.20.1-7.4.6.jar%23348!/:7.4.6]
	at dev.shadowsoffire.apotheosis.adventure.loot.AffixLootRegistry.validateItem(AffixLootRegistry.java:30) ~[Apotheosis-1.20.1-7.4.6.jar%23348!/:7.4.6]
	at dev.shadowsoffire.apotheosis.adventure.loot.AffixLootRegistry.validateItem(AffixLootRegistry.java:13) ~[Apotheosis-1.20.1-7.4.6.jar%23348!/:7.4.6]
	at dev.shadowsoffire.placebo.reload.DynamicRegistry.register(DynamicRegistry.java:322) ~[Placebo-1.20.1-8.6.3.jar%23501!/:8.6.3]
	at dev.shadowsoffire.placebo.reload.DynamicRegistry.lambda$apply$0(DynamicRegistry.java:143) ~[Placebo-1.20.1-8.6.3.jar%23501!/:8.6.3]
	at java.util.HashMap.forEach(HashMap.java:1421) ~[?:?]
	at dev.shadowsoffire.placebo.reload.DynamicRegistry.apply(DynamicRegistry.java:136) ~[Placebo-1.20.1-8.6.3.jar%23501!/:8.6.3]
	at dev.shadowsoffire.placebo.reload.DynamicRegistry.m_5787_(DynamicRegistry.java:62) ~[Placebo-1.20.1-8.6.3.jar%23501!/:8.6.3]
	at net.minecraft.server.packs.resources.SimplePreparableReloadListener.m_10789_(SimplePreparableReloadListener.java:13) ~[server-1.20.1-20230612.114412-srg.jar%23571!/:?]
	at java.util.concurrent.CompletableFuture$UniAccept.tryFire(CompletableFuture.java:718) ~[?:?]
	at java.util.concurrent.CompletableFuture$Completion.run(CompletableFuture.java:482) ~[?:?]
	at net.minecraft.server.packs.resources.SimpleReloadInstance.m_143940_(SimpleReloadInstance.java:69) ~[server-1.20.1-20230612.114412-srg.jar%23571!/:?]
	at net.minecraft.Util.m_214652_(Util.java:783) ~[server-1.20.1-20230612.114412-srg.jar%23571!/:?]
	at net.minecraft.Util.m_214679_(Util.java:772) ~[server-1.20.1-20230612.114412-srg.jar%23571!/:?]
	at net.minecraft.server.Main.main(Main.java:166) ~[server-1.20.1-20230612.114412-srg.jar%23571!/:?]
	at jdk.internal.reflect.NativeMethodAccessorImpl.invoke0(Native Method) ~[?:?]
	at jdk.internal.reflect.NativeMethodAccessorImpl.invoke(NativeMethodAccessorImpl.java:77) ~[?:?]
	at jdk.internal.reflect.DelegatingMethodAccessorImpl.invoke(DelegatingMethodAccessorImpl.java:43) ~[?:?]
	at java.lang.reflect.Method.invoke(Method.java:569) ~[?:?]
	at net.minecraftforge.fml.loading.targets.CommonLaunchHandler.runTarget(CommonLaunchHandler.java:111) ~[fmlloader-1.20.1-47.4.0.jar%2369!/:?]
	at net.minecraftforge.fml.loading.targets.CommonLaunchHandler.serverService(CommonLaunchHandler.java:103) ~[fmlloader-1.20.1-47.4.0.jar%2369!/:?]
	at net.minecraftforge.fml.loading.targets.CommonServerLaunchHandler.lambda$makeService$0(CommonServerLaunchHandler.java:27) ~[fmlloader-1.20.1-47.4.0.jar%2369!/:?]
	at cpw.mods.modlauncher.LaunchServiceHandlerDecorator.launch(LaunchServiceHandlerDecorator.java:30) ~[modlauncher-10.0.9.jar%2355!/:?]
	at cpw.mods.modlauncher.LaunchServiceHandler.launch(LaunchServiceHandler.java:53) ~[modlauncher-10.0.9.jar%2355!/:?]
	at cpw.mods.modlauncher.LaunchServiceHandler.launch(LaunchServiceHandler.java:71) ~[modlauncher-10.0.9.jar%2355!/:?]
	at cpw.mods.modlauncher.Launcher.run(Launcher.java:108) ~[modlauncher-10.0.9.jar%2355!/:?]
	at cpw.mods.modlauncher.Launcher.main(Launcher.java:78) ~[modlauncher-10.0.9.jar%2355!/:?]
	at cpw.mods.modlauncher.BootstrapLaunchConsumer.accept(BootstrapLaunchConsumer.java:26) ~[modlauncher-10.0.9.jar%2355!/:?]
	at cpw.mods.modlauncher.BootstrapLaunchConsumer.accept(BootstrapLaunchConsumer.java:23) ~[modlauncher-10.0.9.jar%2355!/:?]
	at cpw.mods.bootstraplauncher.BootstrapLauncher.main(BootstrapLauncher.java:141) ~[bootstraplauncher-1.1.2.jar:?]
[07Apr2025 12:31:04.480] [main/ERROR] [Apotheosis : Adventure/]: Failed to execute ShieldBreakerTest
java.lang.NullPointerException: Cannot invoke "net.minecraft.world.entity.LivingEntity.m_213824_()" because "attacker" is null
	at net.minecraftforge.common.extensions.IForgeItem.canDisableShield(IForgeItem.java:695) ~[forge-1.20.1-47.4.0-universal.jar%23576!/:?]
	at net.minecraftforge.common.extensions.IForgeItemStack.canDisableShield(IForgeItemStack.java:233) ~[forge-1.20.1-47.4.0-universal.jar%23576!/:?]
	at dev.shadowsoffire.apotheosis.adventure.loot.ShieldBreakerTest.test(ShieldBreakerTest.java:48) ~[Apotheosis-1.20.1-7.4.6.jar%23348!/:7.4.6]
	at dev.shadowsoffire.apotheosis.adventure.loot.ShieldBreakerTest.test(ShieldBreakerTest.java:25) ~[Apotheosis-1.20.1-7.4.6.jar%23348!/:7.4.6]
	at dev.shadowsoffire.apotheosis.adventure.loot.LootCategory.isValid(LootCategory.java:89) ~[Apotheosis-1.20.1-7.4.6.jar%23348!/:7.4.6]
	at dev.shadowsoffire.apotheosis.adventure.loot.LootCategory.forItem(LootCategory.java:182) ~[Apotheosis-1.20.1-7.4.6.jar%23348!/:7.4.6]
	at dev.shadowsoffire.apotheosis.adventure.loot.AffixLootEntry.getType(AffixLootEntry.java:91) ~[Apotheosis-1.20.1-7.4.6.jar%23348!/:7.4.6]
	at dev.shadowsoffire.apotheosis.adventure.loot.AffixLootRegistry.validateItem(AffixLootRegistry.java:30) ~[Apotheosis-1.20.1-7.4.6.jar%23348!/:7.4.6]
	at dev.shadowsoffire.apotheosis.adventure.loot.AffixLootRegistry.validateItem(AffixLootRegistry.java:13) ~[Apotheosis-1.20.1-7.4.6.jar%23348!/:7.4.6]
	at dev.shadowsoffire.placebo.reload.DynamicRegistry.register(DynamicRegistry.java:322) ~[Placebo-1.20.1-8.6.3.jar%23501!/:8.6.3]
	at dev.shadowsoffire.placebo.reload.DynamicRegistry.lambda$apply$0(DynamicRegistry.java:143) ~[Placebo-1.20.1-8.6.3.jar%23501!/:8.6.3]
	at java.util.HashMap.forEach(HashMap.java:1421) ~[?:?]
	at dev.shadowsoffire.placebo.reload.DynamicRegistry.apply(DynamicRegistry.java:136) ~[Placebo-1.20.1-8.6.3.jar%23501!/:8.6.3]
	at dev.shadowsoffire.placebo.reload.DynamicRegistry.m_5787_(DynamicRegistry.java:62) ~[Placebo-1.20.1-8.6.3.jar%23501!/:8.6.3]
	at net.minecraft.server.packs.resources.SimplePreparableReloadListener.m_10789_(SimplePreparableReloadListener.java:13) ~[server-1.20.1-20230612.114412-srg.jar%23571!/:?]
	at java.util.concurrent.CompletableFuture$UniAccept.tryFire(CompletableFuture.java:718) ~[?:?]
	at java.util.concurrent.CompletableFuture$Completion.run(CompletableFuture.java:482) ~[?:?]
	at net.minecraft.server.packs.resources.SimpleReloadInstance.m_143940_(SimpleReloadInstance.java:69) ~[server-1.20.1-20230612.114412-srg.jar%23571!/:?]
	at net.minecraft.Util.m_214652_(Util.java:783) ~[server-1.20.1-20230612.114412-srg.jar%23571!/:?]
	at net.minecraft.Util.m_214679_(Util.java:772) ~[server-1.20.1-20230612.114412-srg.jar%23571!/:?]
	at net.minecraft.server.Main.main(Main.java:166) ~[server-1.20.1-20230612.114412-srg.jar%23571!/:?]
	at jdk.internal.reflect.NativeMethodAccessorImpl.invoke0(Native Method) ~[?:?]
	at jdk.internal.reflect.NativeMethodAccessorImpl.invoke(NativeMethodAccessorImpl.java:77) ~[?:?]
	at jdk.internal.reflect.DelegatingMethodAccessorImpl.invoke(DelegatingMethodAccessorImpl.java:43) ~[?:?]
	at java.lang.reflect.Method.invoke(Method.java:569) ~[?:?]
	at net.minecraftforge.fml.loading.targets.CommonLaunchHandler.runTarget(CommonLaunchHandler.java:111) ~[fmlloader-1.20.1-47.4.0.jar%2369!/:?]
	at net.minecraftforge.fml.loading.targets.CommonLaunchHandler.serverService(CommonLaunchHandler.java:103) ~[fmlloader-1.20.1-47.4.0.jar%2369!/:?]
	at net.minecraftforge.fml.loading.targets.CommonServerLaunchHandler.lambda$makeService$0(CommonServerLaunchHandler.java:27) ~[fmlloader-1.20.1-47.4.0.jar%2369!/:?]
	at cpw.mods.modlauncher.LaunchServiceHandlerDecorator.launch(LaunchServiceHandlerDecorator.java:30) ~[modlauncher-10.0.9.jar%2355!/:?]
	at cpw.mods.modlauncher.LaunchServiceHandler.launch(LaunchServiceHandler.java:53) ~[modlauncher-10.0.9.jar%2355!/:?]
	at cpw.mods.modlauncher.LaunchServiceHandler.launch(LaunchServiceHandler.java:71) ~[modlauncher-10.0.9.jar%2355!/:?]
	at cpw.mods.modlauncher.Launcher.run(Launcher.java:108) ~[modlauncher-10.0.9.jar%2355!/:?]
	at cpw.mods.modlauncher.Launcher.main(Launcher.java:78) ~[modlauncher-10.0.9.jar%2355!/:?]
	at cpw.mods.modlauncher.BootstrapLaunchConsumer.accept(BootstrapLaunchConsumer.java:26) ~[modlauncher-10.0.9.jar%2355!/:?]
	at cpw.mods.modlauncher.BootstrapLaunchConsumer.accept(BootstrapLaunchConsumer.java:23) ~[modlauncher-10.0.9.jar%2355!/:?]
	at cpw.mods.bootstraplauncher.BootstrapLauncher.main(BootstrapLauncher.java:141) ~[bootstraplauncher-1.1.2.jar:?]
[07Apr2025 12:31:04.529] [main/ERROR] [Apotheosis : Adventure/]: Failed to execute ShieldBreakerTest
java.lang.NullPointerException: Cannot invoke "net.minecraft.world.entity.LivingEntity.m_213824_()" because "attacker" is null
	at net.minecraftforge.common.extensions.IForgeItem.canDisableShield(IForgeItem.java:695) ~[forge-1.20.1-47.4.0-universal.jar%23576!/:?]
	at net.minecraftforge.common.extensions.IForgeItemStack.canDisableShield(IForgeItemStack.java:233) ~[forge-1.20.1-47.4.0-universal.jar%23576!/:?]
	at dev.shadowsoffire.apotheosis.adventure.loot.ShieldBreakerTest.test(ShieldBreakerTest.java:48) ~[Apotheosis-1.20.1-7.4.6.jar%23348!/:7.4.6]
	at dev.shadowsoffire.apotheosis.adventure.loot.ShieldBreakerTest.test(ShieldBreakerTest.java:25) ~[Apotheosis-1.20.1-7.4.6.jar%23348!/:7.4.6]
	at dev.shadowsoffire.apotheosis.adventure.loot.LootCategory.isValid(LootCategory.java:89) ~[Apotheosis-1.20.1-7.4.6.jar%23348!/:7.4.6]
	at dev.shadowsoffire.apotheosis.adventure.loot.LootCategory.forItem(LootCategory.java:182) ~[Apotheosis-1.20.1-7.4.6.jar%23348!/:7.4.6]
	at dev.shadowsoffire.apotheosis.adventure.loot.AffixLootEntry.getType(AffixLootEntry.java:91) ~[Apotheosis-1.20.1-7.4.6.jar%23348!/:7.4.6]
	at dev.shadowsoffire.apotheosis.adventure.loot.AffixLootRegistry.validateItem(AffixLootRegistry.java:30) ~[Apotheosis-1.20.1-7.4.6.jar%23348!/:7.4.6]
	at dev.shadowsoffire.apotheosis.adventure.loot.AffixLootRegistry.validateItem(AffixLootRegistry.java:13) ~[Apotheosis-1.20.1-7.4.6.jar%23348!/:7.4.6]
	at dev.shadowsoffire.placebo.reload.DynamicRegistry.register(DynamicRegistry.java:322) ~[Placebo-1.20.1-8.6.3.jar%23501!/:8.6.3]
	at dev.shadowsoffire.placebo.reload.DynamicRegistry.lambda$apply$0(DynamicRegistry.java:143) ~[Placebo-1.20.1-8.6.3.jar%23501!/:8.6.3]
	at java.util.HashMap.forEach(HashMap.java:1421) ~[?:?]
	at dev.shadowsoffire.placebo.reload.DynamicRegistry.apply(DynamicRegistry.java:136) ~[Placebo-1.20.1-8.6.3.jar%23501!/:8.6.3]
	at dev.shadowsoffire.placebo.reload.DynamicRegistry.m_5787_(DynamicRegistry.java:62) ~[Placebo-1.20.1-8.6.3.jar%23501!/:8.6.3]
	at net.minecraft.server.packs.resources.SimplePreparableReloadListener.m_10789_(SimplePreparableReloadListener.java:13) ~[server-1.20.1-20230612.114412-srg.jar%23571!/:?]
	at java.util.concurrent.CompletableFuture$UniAccept.tryFire(CompletableFuture.java:718) ~[?:?]
	at java.util.concurrent.CompletableFuture$Completion.run(CompletableFuture.java:482) ~[?:?]
	at net.minecraft.server.packs.resources.SimpleReloadInstance.m_143940_(SimpleReloadInstance.java:69) ~[server-1.20.1-20230612.114412-srg.jar%23571!/:?]
	at net.minecraft.Util.m_214652_(Util.java:783) ~[server-1.20.1-20230612.114412-srg.jar%23571!/:?]
	at net.minecraft.Util.m_214679_(Util.java:772) ~[server-1.20.1-20230612.114412-srg.jar%23571!/:?]
	at net.minecraft.server.Main.main(Main.java:166) ~[server-1.20.1-20230612.114412-srg.jar%23571!/:?]
	at jdk.internal.reflect.NativeMethodAccessorImpl.invoke0(Native Method) ~[?:?]
	at jdk.internal.reflect.NativeMethodAccessorImpl.invoke(NativeMethodAccessorImpl.java:77) ~[?:?]
	at jdk.internal.reflect.DelegatingMethodAccessorImpl.invoke(DelegatingMethodAccessorImpl.java:43) ~[?:?]
	at java.lang.reflect.Method.invoke(Method.java:569) ~[?:?]
	at net.minecraftforge.fml.loading.targets.CommonLaunchHandler.runTarget(CommonLaunchHandler.java:111) ~[fmlloader-1.20.1-47.4.0.jar%2369!/:?]
	at net.minecraftforge.fml.loading.targets.CommonLaunchHandler.serverService(CommonLaunchHandler.java:103) ~[fmlloader-1.20.1-47.4.0.jar%2369!/:?]
	at net.minecraftforge.fml.loading.targets.CommonServerLaunchHandler.lambda$makeService$0(CommonServerLaunchHandler.java:27) ~[fmlloader-1.20.1-47.4.0.jar%2369!/:?]
	at cpw.mods.modlauncher.LaunchServiceHandlerDecorator.launch(LaunchServiceHandlerDecorator.java:30) ~[modlauncher-10.0.9.jar%2355!/:?]
	at cpw.mods.modlauncher.LaunchServiceHandler.launch(LaunchServiceHandler.java:53) ~[modlauncher-10.0.9.jar%2355!/:?]
	at cpw.mods.modlauncher.LaunchServiceHandler.launch(LaunchServiceHandler.java:71) ~[modlauncher-10.0.9.jar%2355!/:?]
	at cpw.mods.modlauncher.Launcher.run(Launcher.java:108) ~[modlauncher-10.0.9.jar%2355!/:?]
	at cpw.mods.modlauncher.Launcher.main(Launcher.java:78) ~[modlauncher-10.0.9.jar%2355!/:?]
	at cpw.mods.modlauncher.BootstrapLaunchConsumer.accept(BootstrapLaunchConsumer.java:26) ~[modlauncher-10.0.9.jar%2355!/:?]
	at cpw.mods.modlauncher.BootstrapLaunchConsumer.accept(BootstrapLaunchConsumer.java:23) ~[modlauncher-10.0.9.jar%2355!/:?]
	at cpw.mods.bootstraplauncher.BootstrapLauncher.main(BootstrapLauncher.java:141) ~[bootstraplauncher-1.1.2.jar:?]
[07Apr2025 12:31:04.530] [main/ERROR] [Apotheosis : Adventure/]: Failed to execute ShieldBreakerTest
java.lang.NullPointerException: Cannot invoke "net.minecraft.world.entity.LivingEntity.m_213824_()" because "attacker" is null
	at net.minecraftforge.common.extensions.IForgeItem.canDisableShield(IForgeItem.java:695) ~[forge-1.20.1-47.4.0-universal.jar%23576!/:?]
	at net.minecraftforge.common.extensions.IForgeItemStack.canDisableShield(IForgeItemStack.java:233) ~[forge-1.20.1-47.4.0-universal.jar%23576!/:?]
	at dev.shadowsoffire.apotheosis.adventure.loot.ShieldBreakerTest.test(ShieldBreakerTest.java:48) ~[Apotheosis-1.20.1-7.4.6.jar%23348!/:7.4.6]
	at dev.shadowsoffire.apotheosis.adventure.loot.ShieldBreakerTest.test(ShieldBreakerTest.java:25) ~[Apotheosis-1.20.1-7.4.6.jar%23348!/:7.4.6]
	at dev.shadowsoffire.apotheosis.adventure.loot.LootCategory.isValid(LootCategory.java:89) ~[Apotheosis-1.20.1-7.4.6.jar%23348!/:7.4.6]
	at dev.shadowsoffire.apotheosis.adventure.loot.LootCategory.forItem(LootCategory.java:182) ~[Apotheosis-1.20.1-7.4.6.jar%23348!/:7.4.6]
	at dev.shadowsoffire.apotheosis.adventure.loot.AffixLootEntry.getType(AffixLootEntry.java:91) ~[Apotheosis-1.20.1-7.4.6.jar%23348!/:7.4.6]
	at dev.shadowsoffire.apotheosis.adventure.loot.AffixLootRegistry.validateItem(AffixLootRegistry.java:30) ~[Apotheosis-1.20.1-7.4.6.jar%23348!/:7.4.6]
	at dev.shadowsoffire.apotheosis.adventure.loot.AffixLootRegistry.validateItem(AffixLootRegistry.java:13) ~[Apotheosis-1.20.1-7.4.6.jar%23348!/:7.4.6]
	at dev.shadowsoffire.placebo.reload.DynamicRegistry.register(DynamicRegistry.java:322) ~[Placebo-1.20.1-8.6.3.jar%23501!/:8.6.3]
	at dev.shadowsoffire.placebo.reload.DynamicRegistry.lambda$apply$0(DynamicRegistry.java:143) ~[Placebo-1.20.1-8.6.3.jar%23501!/:8.6.3]
	at java.util.HashMap.forEach(HashMap.java:1421) ~[?:?]
	at dev.shadowsoffire.placebo.reload.DynamicRegistry.apply(DynamicRegistry.java:136) ~[Placebo-1.20.1-8.6.3.jar%23501!/:8.6.3]
	at dev.shadowsoffire.placebo.reload.DynamicRegistry.m_5787_(DynamicRegistry.java:62) ~[Placebo-1.20.1-8.6.3.jar%23501!/:8.6.3]
	at net.minecraft.server.packs.resources.SimplePreparableReloadListener.m_10789_(SimplePreparableReloadListener.java:13) ~[server-1.20.1-20230612.114412-srg.jar%23571!/:?]
	at java.util.concurrent.CompletableFuture$UniAccept.tryFire(CompletableFuture.java:718) ~[?:?]
	at java.util.concurrent.CompletableFuture$Completion.run(CompletableFuture.java:482) ~[?:?]
	at net.minecraft.server.packs.resources.SimpleReloadInstance.m_143940_(SimpleReloadInstance.java:69) ~[server-1.20.1-20230612.114412-srg.jar%23571!/:?]
	at net.minecraft.Util.m_214652_(Util.java:783) ~[server-1.20.1-20230612.114412-srg.jar%23571!/:?]
	at net.minecraft.Util.m_214679_(Util.java:772) ~[server-1.20.1-20230612.114412-srg.jar%23571!/:?]
	at net.minecraft.server.Main.main(Main.java:166) ~[server-1.20.1-20230612.114412-srg.jar%23571!/:?]
	at jdk.internal.reflect.NativeMethodAccessorImpl.invoke0(Native Method) ~[?:?]
	at jdk.internal.reflect.NativeMethodAccessorImpl.invoke(NativeMethodAccessorImpl.java:77) ~[?:?]
	at jdk.internal.reflect.DelegatingMethodAccessorImpl.invoke(DelegatingMethodAccessorImpl.java:43) ~[?:?]
	at java.lang.reflect.Method.invoke(Method.java:569) ~[?:?]
	at net.minecraftforge.fml.loading.targets.CommonLaunchHandler.runTarget(CommonLaunchHandler.java:111) ~[fmlloader-1.20.1-47.4.0.jar%2369!/:?]
	at net.minecraftforge.fml.loading.targets.CommonLaunchHandler.serverService(CommonLaunchHandler.java:103) ~[fmlloader-1.20.1-47.4.0.jar%2369!/:?]
	at net.minecraftforge.fml.loading.targets.CommonServerLaunchHandler.lambda$makeService$0(CommonServerLaunchHandler.java:27) ~[fmlloader-1.20.1-47.4.0.jar%2369!/:?]
	at cpw.mods.modlauncher.LaunchServiceHandlerDecorator.launch(LaunchServiceHandlerDecorator.java:30) ~[modlauncher-10.0.9.jar%2355!/:?]
	at cpw.mods.modlauncher.LaunchServiceHandler.launch(LaunchServiceHandler.java:53) ~[modlauncher-10.0.9.jar%2355!/:?]
	at cpw.mods.modlauncher.LaunchServiceHandler.launch(LaunchServiceHandler.java:71) ~[modlauncher-10.0.9.jar%2355!/:?]
	at cpw.mods.modlauncher.Launcher.run(Launcher.java:108) ~[modlauncher-10.0.9.jar%2355!/:?]
	at cpw.mods.modlauncher.Launcher.main(Launcher.java:78) ~[modlauncher-10.0.9.jar%2355!/:?]
	at cpw.mods.modlauncher.BootstrapLaunchConsumer.accept(BootstrapLaunchConsumer.java:26) ~[modlauncher-10.0.9.jar%2355!/:?]
	at cpw.mods.modlauncher.BootstrapLaunchConsumer.accept(BootstrapLaunchConsumer.java:23) ~[modlauncher-10.0.9.jar%2355!/:?]
	at cpw.mods.bootstraplauncher.BootstrapLauncher.main(BootstrapLauncher.java:141) ~[bootstraplauncher-1.1.2.jar:?]
[07Apr2025 12:31:04.531] [main/ERROR] [Apotheosis : Adventure/]: Failed to execute ShieldBreakerTest
java.lang.NullPointerException: Cannot invoke "net.minecraft.world.entity.LivingEntity.m_213824_()" because "attacker" is null
	at net.minecraftforge.common.extensions.IForgeItem.canDisableShield(IForgeItem.java:695) ~[forge-1.20.1-47.4.0-universal.jar%23576!/:?]
	at net.minecraftforge.common.extensions.IForgeItemStack.canDisableShield(IForgeItemStack.java:233) ~[forge-1.20.1-47.4.0-universal.jar%23576!/:?]
	at dev.shadowsoffire.apotheosis.adventure.loot.ShieldBreakerTest.test(ShieldBreakerTest.java:48) ~[Apotheosis-1.20.1-7.4.6.jar%23348!/:7.4.6]
	at dev.shadowsoffire.apotheosis.adventure.loot.ShieldBreakerTest.test(ShieldBreakerTest.java:25) ~[Apotheosis-1.20.1-7.4.6.jar%23348!/:7.4.6]
	at dev.shadowsoffire.apotheosis.adventure.loot.LootCategory.isValid(LootCategory.java:89) ~[Apotheosis-1.20.1-7.4.6.jar%23348!/:7.4.6]
	at dev.shadowsoffire.apotheosis.adventure.loot.LootCategory.forItem(LootCategory.java:182) ~[Apotheosis-1.20.1-7.4.6.jar%23348!/:7.4.6]
	at dev.shadowsoffire.apotheosis.adventure.loot.AffixLootEntry.getType(AffixLootEntry.java:91) ~[Apotheosis-1.20.1-7.4.6.jar%23348!/:7.4.6]
	at dev.shadowsoffire.apotheosis.adventure.loot.AffixLootRegistry.validateItem(AffixLootRegistry.java:30) ~[Apotheosis-1.20.1-7.4.6.jar%23348!/:7.4.6]
	at dev.shadowsoffire.apotheosis.adventure.loot.AffixLootRegistry.validateItem(AffixLootRegistry.java:13) ~[Apotheosis-1.20.1-7.4.6.jar%23348!/:7.4.6]
	at dev.shadowsoffire.placebo.reload.DynamicRegistry.register(DynamicRegistry.java:322) ~[Placebo-1.20.1-8.6.3.jar%23501!/:8.6.3]
	at dev.shadowsoffire.placebo.reload.DynamicRegistry.lambda$apply$0(DynamicRegistry.java:143) ~[Placebo-1.20.1-8.6.3.jar%23501!/:8.6.3]
	at java.util.HashMap.forEach(HashMap.java:1421) ~[?:?]
	at dev.shadowsoffire.placebo.reload.DynamicRegistry.apply(DynamicRegistry.java:136) ~[Placebo-1.20.1-8.6.3.jar%23501!/:8.6.3]
	at dev.shadowsoffire.placebo.reload.DynamicRegistry.m_5787_(DynamicRegistry.java:62) ~[Placebo-1.20.1-8.6.3.jar%23501!/:8.6.3]
	at net.minecraft.server.packs.resources.SimplePreparableReloadListener.m_10789_(SimplePreparableReloadListener.java:13) ~[server-1.20.1-20230612.114412-srg.jar%23571!/:?]
	at java.util.concurrent.CompletableFuture$UniAccept.tryFire(CompletableFuture.java:718) ~[?:?]
	at java.util.concurrent.CompletableFuture$Completion.run(CompletableFuture.java:482) ~[?:?]
	at net.minecraft.server.packs.resources.SimpleReloadInstance.m_143940_(SimpleReloadInstance.java:69) ~[server-1.20.1-20230612.114412-srg.jar%23571!/:?]
	at net.minecraft.Util.m_214652_(Util.java:783) ~[server-1.20.1-20230612.114412-srg.jar%23571!/:?]
	at net.minecraft.Util.m_214679_(Util.java:772) ~[server-1.20.1-20230612.114412-srg.jar%23571!/:?]
	at net.minecraft.server.Main.main(Main.java:166) ~[server-1.20.1-20230612.114412-srg.jar%23571!/:?]
	at jdk.internal.reflect.NativeMethodAccessorImpl.invoke0(Native Method) ~[?:?]
	at jdk.internal.reflect.NativeMethodAccessorImpl.invoke(NativeMethodAccessorImpl.java:77) ~[?:?]
	at jdk.internal.reflect.DelegatingMethodAccessorImpl.invoke(DelegatingMethodAccessorImpl.java:43) ~[?:?]
	at java.lang.reflect.Method.invoke(Method.java:569) ~[?:?]
	at net.minecraftforge.fml.loading.targets.CommonLaunchHandler.runTarget(CommonLaunchHandler.java:111) ~[fmlloader-1.20.1-47.4.0.jar%2369!/:?]
	at net.minecraftforge.fml.loading.targets.CommonLaunchHandler.serverService(CommonLaunchHandler.java:103) ~[fmlloader-1.20.1-47.4.0.jar%2369!/:?]
	at net.minecraftforge.fml.loading.targets.CommonServerLaunchHandler.lambda$makeService$0(CommonServerLaunchHandler.java:27) ~[fmlloader-1.20.1-47.4.0.jar%2369!/:?]
	at cpw.mods.modlauncher.LaunchServiceHandlerDecorator.launch(LaunchServiceHandlerDecorator.java:30) ~[modlauncher-10.0.9.jar%2355!/:?]
	at cpw.mods.modlauncher.LaunchServiceHandler.launch(LaunchServiceHandler.java:53) ~[modlauncher-10.0.9.jar%2355!/:?]
	at cpw.mods.modlauncher.LaunchServiceHandler.launch(LaunchServiceHandler.java:71) ~[modlauncher-10.0.9.jar%2355!/:?]
	at cpw.mods.modlauncher.Launcher.run(Launcher.java:108) ~[modlauncher-10.0.9.jar%2355!/:?]
	at cpw.mods.modlauncher.Launcher.main(Launcher.java:78) ~[modlauncher-10.0.9.jar%2355!/:?]
	at cpw.mods.modlauncher.BootstrapLaunchConsumer.accept(BootstrapLaunchConsumer.java:26) ~[modlauncher-10.0.9.jar%2355!/:?]
	at cpw.mods.modlauncher.BootstrapLaunchConsumer.accept(BootstrapLaunchConsumer.java:23) ~[modlauncher-10.0.9.jar%2355!/:?]
	at cpw.mods.bootstraplauncher.BootstrapLauncher.main(BootstrapLauncher.java:141) ~[bootstraplauncher-1.1.2.jar:?]
[07Apr2025 12:31:04.532] [main/ERROR] [Apotheosis : Adventure/]: Failed to execute ShieldBreakerTest
java.lang.NullPointerException: Cannot invoke "net.minecraft.world.entity.LivingEntity.m_213824_()" because "attacker" is null
	at net.minecraftforge.common.extensions.IForgeItem.canDisableShield(IForgeItem.java:695) ~[forge-1.20.1-47.4.0-universal.jar%23576!/:?]
	at net.minecraftforge.common.extensions.IForgeItemStack.canDisableShield(IForgeItemStack.java:233) ~[forge-1.20.1-47.4.0-universal.jar%23576!/:?]
	at dev.shadowsoffire.apotheosis.adventure.loot.ShieldBreakerTest.test(ShieldBreakerTest.java:48) ~[Apotheosis-1.20.1-7.4.6.jar%23348!/:7.4.6]
	at dev.shadowsoffire.apotheosis.adventure.loot.ShieldBreakerTest.test(ShieldBreakerTest.java:25) ~[Apotheosis-1.20.1-7.4.6.jar%23348!/:7.4.6]
	at dev.shadowsoffire.apotheosis.adventure.loot.LootCategory.isValid(LootCategory.java:89) ~[Apotheosis-1.20.1-7.4.6.jar%23348!/:7.4.6]
	at dev.shadowsoffire.apotheosis.adventure.loot.LootCategory.forItem(LootCategory.java:182) ~[Apotheosis-1.20.1-7.4.6.jar%23348!/:7.4.6]
	at dev.shadowsoffire.apotheosis.adventure.loot.AffixLootEntry.getType(AffixLootEntry.java:91) ~[Apotheosis-1.20.1-7.4.6.jar%23348!/:7.4.6]
	at dev.shadowsoffire.apotheosis.adventure.loot.AffixLootRegistry.validateItem(AffixLootRegistry.java:30) ~[Apotheosis-1.20.1-7.4.6.jar%23348!/:7.4.6]
	at dev.shadowsoffire.apotheosis.adventure.loot.AffixLootRegistry.validateItem(AffixLootRegistry.java:13) ~[Apotheosis-1.20.1-7.4.6.jar%23348!/:7.4.6]
	at dev.shadowsoffire.placebo.reload.DynamicRegistry.register(DynamicRegistry.java:322) ~[Placebo-1.20.1-8.6.3.jar%23501!/:8.6.3]
	at dev.shadowsoffire.placebo.reload.DynamicRegistry.lambda$apply$0(DynamicRegistry.java:143) ~[Placebo-1.20.1-8.6.3.jar%23501!/:8.6.3]
	at java.util.HashMap.forEach(HashMap.java:1421) ~[?:?]
	at dev.shadowsoffire.placebo.reload.DynamicRegistry.apply(DynamicRegistry.java:136) ~[Placebo-1.20.1-8.6.3.jar%23501!/:8.6.3]
	at dev.shadowsoffire.placebo.reload.DynamicRegistry.m_5787_(DynamicRegistry.java:62) ~[Placebo-1.20.1-8.6.3.jar%23501!/:8.6.3]
	at net.minecraft.server.packs.resources.SimplePreparableReloadListener.m_10789_(SimplePreparableReloadListener.java:13) ~[server-1.20.1-20230612.114412-srg.jar%23571!/:?]
	at java.util.concurrent.CompletableFuture$UniAccept.tryFire(CompletableFuture.java:718) ~[?:?]
	at java.util.concurrent.CompletableFuture$Completion.run(CompletableFuture.java:482) ~[?:?]
	at net.minecraft.server.packs.resources.SimpleReloadInstance.m_143940_(SimpleReloadInstance.java:69) ~[server-1.20.1-20230612.114412-srg.jar%23571!/:?]
	at net.minecraft.Util.m_214652_(Util.java:783) ~[server-1.20.1-20230612.114412-srg.jar%23571!/:?]
	at net.minecraft.Util.m_214679_(Util.java:772) ~[server-1.20.1-20230612.114412-srg.jar%23571!/:?]
	at net.minecraft.server.Main.main(Main.java:166) ~[server-1.20.1-20230612.114412-srg.jar%23571!/:?]
	at jdk.internal.reflect.NativeMethodAccessorImpl.invoke0(Native Method) ~[?:?]
	at jdk.internal.reflect.NativeMethodAccessorImpl.invoke(NativeMethodAccessorImpl.java:77) ~[?:?]
	at jdk.internal.reflect.DelegatingMethodAccessorImpl.invoke(DelegatingMethodAccessorImpl.java:43) ~[?:?]
	at java.lang.reflect.Method.invoke(Method.java:569) ~[?:?]
	at net.minecraftforge.fml.loading.targets.CommonLaunchHandler.runTarget(CommonLaunchHandler.java:111) ~[fmlloader-1.20.1-47.4.0.jar%2369!/:?]
	at net.minecraftforge.fml.loading.targets.CommonLaunchHandler.serverService(CommonLaunchHandler.java:103) ~[fmlloader-1.20.1-47.4.0.jar%2369!/:?]
	at net.minecraftforge.fml.loading.targets.CommonServerLaunchHandler.lambda$makeService$0(CommonServerLaunchHandler.java:27) ~[fmlloader-1.20.1-47.4.0.jar%2369!/:?]
	at cpw.mods.modlauncher.LaunchServiceHandlerDecorator.launch(LaunchServiceHandlerDecorator.java:30) ~[modlauncher-10.0.9.jar%2355!/:?]
	at cpw.mods.modlauncher.LaunchServiceHandler.launch(LaunchServiceHandler.java:53) ~[modlauncher-10.0.9.jar%2355!/:?]
	at cpw.mods.modlauncher.LaunchServiceHandler.launch(LaunchServiceHandler.java:71) ~[modlauncher-10.0.9.jar%2355!/:?]
	at cpw.mods.modlauncher.Launcher.run(Launcher.java:108) ~[modlauncher-10.0.9.jar%2355!/:?]
	at cpw.mods.modlauncher.Launcher.main(Launcher.java:78) ~[modlauncher-10.0.9.jar%2355!/:?]
	at cpw.mods.modlauncher.BootstrapLaunchConsumer.accept(BootstrapLaunchConsumer.java:26) ~[modlauncher-10.0.9.jar%2355!/:?]
	at cpw.mods.modlauncher.BootstrapLaunchConsumer.accept(BootstrapLaunchConsumer.java:23) ~[modlauncher-10.0.9.jar%2355!/:?]
	at cpw.mods.bootstraplauncher.BootstrapLauncher.main(BootstrapLauncher.java:141) ~[bootstraplauncher-1.1.2.jar:?]
[07Apr2025 12:31:04.532] [main/ERROR] [Apotheosis : Adventure/]: Failed to execute ShieldBreakerTest
java.lang.NullPointerException: Cannot invoke "net.minecraft.world.entity.LivingEntity.m_213824_()" because "attacker" is null
	at net.minecraftforge.common.extensions.IForgeItem.canDisableShield(IForgeItem.java:695) ~[forge-1.20.1-47.4.0-universal.jar%23576!/:?]
	at net.minecraftforge.common.extensions.IForgeItemStack.canDisableShield(IForgeItemStack.java:233) ~[forge-1.20.1-47.4.0-universal.jar%23576!/:?]
	at dev.shadowsoffire.apotheosis.adventure.loot.ShieldBreakerTest.test(ShieldBreakerTest.java:48) ~[Apotheosis-1.20.1-7.4.6.jar%23348!/:7.4.6]
	at dev.shadowsoffire.apotheosis.adventure.loot.ShieldBreakerTest.test(ShieldBreakerTest.java:25) ~[Apotheosis-1.20.1-7.4.6.jar%23348!/:7.4.6]
	at dev.shadowsoffire.apotheosis.adventure.loot.LootCategory.isValid(LootCategory.java:89) ~[Apotheosis-1.20.1-7.4.6.jar%23348!/:7.4.6]
	at dev.shadowsoffire.apotheosis.adventure.loot.LootCategory.forItem(LootCategory.java:182) ~[Apotheosis-1.20.1-7.4.6.jar%23348!/:7.4.6]
	at dev.shadowsoffire.apotheosis.adventure.loot.AffixLootEntry.getType(AffixLootEntry.java:91) ~[Apotheosis-1.20.1-7.4.6.jar%23348!/:7.4.6]
	at dev.shadowsoffire.apotheosis.adventure.loot.AffixLootRegistry.validateItem(AffixLootRegistry.java:30) ~[Apotheosis-1.20.1-7.4.6.jar%23348!/:7.4.6]
	at dev.shadowsoffire.apotheosis.adventure.loot.AffixLootRegistry.validateItem(AffixLootRegistry.java:13) ~[Apotheosis-1.20.1-7.4.6.jar%23348!/:7.4.6]
	at dev.shadowsoffire.placebo.reload.DynamicRegistry.register(DynamicRegistry.java:322) ~[Placebo-1.20.1-8.6.3.jar%23501!/:8.6.3]
	at dev.shadowsoffire.placebo.reload.DynamicRegistry.lambda$apply$0(DynamicRegistry.java:143) ~[Placebo-1.20.1-8.6.3.jar%23501!/:8.6.3]
	at java.util.HashMap.forEach(HashMap.java:1421) ~[?:?]
	at dev.shadowsoffire.placebo.reload.DynamicRegistry.apply(DynamicRegistry.java:136) ~[Placebo-1.20.1-8.6.3.jar%23501!/:8.6.3]
	at dev.shadowsoffire.placebo.reload.DynamicRegistry.m_5787_(DynamicRegistry.java:62) ~[Placebo-1.20.1-8.6.3.jar%23501!/:8.6.3]
	at net.minecraft.server.packs.resources.SimplePreparableReloadListener.m_10789_(SimplePreparableReloadListener.java:13) ~[server-1.20.1-20230612.114412-srg.jar%23571!/:?]
	at java.util.concurrent.CompletableFuture$UniAccept.tryFire(CompletableFuture.java:718) ~[?:?]
	at java.util.concurrent.CompletableFuture$Completion.run(CompletableFuture.java:482) ~[?:?]
	at net.minecraft.server.packs.resources.SimpleReloadInstance.m_143940_(SimpleReloadInstance.java:69) ~[server-1.20.1-20230612.114412-srg.jar%23571!/:?]
	at net.minecraft.Util.m_214652_(Util.java:783) ~[server-1.20.1-20230612.114412-srg.jar%23571!/:?]
	at net.minecraft.Util.m_214679_(Util.java:772) ~[server-1.20.1-20230612.114412-srg.jar%23571!/:?]
	at net.minecraft.server.Main.main(Main.java:166) ~[server-1.20.1-20230612.114412-srg.jar%23571!/:?]
	at jdk.internal.reflect.NativeMethodAccessorImpl.invoke0(Native Method) ~[?:?]
	at jdk.internal.reflect.NativeMethodAccessorImpl.invoke(NativeMethodAccessorImpl.java:77) ~[?:?]
	at jdk.internal.reflect.DelegatingMethodAccessorImpl.invoke(DelegatingMethodAccessorImpl.java:43) ~[?:?]
	at java.lang.reflect.Method.invoke(Method.java:569) ~[?:?]
	at net.minecraftforge.fml.loading.targets.CommonLaunchHandler.runTarget(CommonLaunchHandler.java:111) ~[fmlloader-1.20.1-47.4.0.jar%2369!/:?]
	at net.minecraftforge.fml.loading.targets.CommonLaunchHandler.serverService(CommonLaunchHandler.java:103) ~[fmlloader-1.20.1-47.4.0.jar%2369!/:?]
	at net.minecraftforge.fml.loading.targets.CommonServerLaunchHandler.lambda$makeService$0(CommonServerLaunchHandler.java:27) ~[fmlloader-1.20.1-47.4.0.jar%2369!/:?]
	at cpw.mods.modlauncher.LaunchServiceHandlerDecorator.launch(LaunchServiceHandlerDecorator.java:30) ~[modlauncher-10.0.9.jar%2355!/:?]
	at cpw.mods.modlauncher.LaunchServiceHandler.launch(LaunchServiceHandler.java:53) ~[modlauncher-10.0.9.jar%2355!/:?]
	at cpw.mods.modlauncher.LaunchServiceHandler.launch(LaunchServiceHandler.java:71) ~[modlauncher-10.0.9.jar%2355!/:?]
	at cpw.mods.modlauncher.Launcher.run(Launcher.java:108) ~[modlauncher-10.0.9.jar%2355!/:?]
	at cpw.mods.modlauncher.Launcher.main(Launcher.java:78) ~[modlauncher-10.0.9.jar%2355!/:?]
	at cpw.mods.modlauncher.BootstrapLaunchConsumer.accept(BootstrapLaunchConsumer.java:26) ~[modlauncher-10.0.9.jar%2355!/:?]
	at cpw.mods.modlauncher.BootstrapLaunchConsumer.accept(BootstrapLaunchConsumer.java:23) ~[modlauncher-10.0.9.jar%2355!/:?]
	at cpw.mods.bootstraplauncher.BootstrapLauncher.main(BootstrapLauncher.java:141) ~[bootstraplauncher-1.1.2.jar:?]
[07Apr2025 12:31:04.533] [main/ERROR] [Apotheosis : Adventure/]: Failed to execute ShieldBreakerTest
java.lang.NullPointerException: Cannot invoke "net.minecraft.world.entity.LivingEntity.m_213824_()" because "attacker" is null
	at net.minecraftforge.common.extensions.IForgeItem.canDisableShield(IForgeItem.java:695) ~[forge-1.20.1-47.4.0-universal.jar%23576!/:?]
	at net.minecraftforge.common.extensions.IForgeItemStack.canDisableShield(IForgeItemStack.java:233) ~[forge-1.20.1-47.4.0-universal.jar%23576!/:?]
	at dev.shadowsoffire.apotheosis.adventure.loot.ShieldBreakerTest.test(ShieldBreakerTest.java:48) ~[Apotheosis-1.20.1-7.4.6.jar%23348!/:7.4.6]
	at dev.shadowsoffire.apotheosis.adventure.loot.ShieldBreakerTest.test(ShieldBreakerTest.java:25) ~[Apotheosis-1.20.1-7.4.6.jar%23348!/:7.4.6]
	at dev.shadowsoffire.apotheosis.adventure.loot.LootCategory.isValid(LootCategory.java:89) ~[Apotheosis-1.20.1-7.4.6.jar%23348!/:7.4.6]
	at dev.shadowsoffire.apotheosis.adventure.loot.LootCategory.forItem(LootCategory.java:182) ~[Apotheosis-1.20.1-7.4.6.jar%23348!/:7.4.6]
	at dev.shadowsoffire.apotheosis.adventure.loot.AffixLootEntry.getType(AffixLootEntry.java:91) ~[Apotheosis-1.20.1-7.4.6.jar%23348!/:7.4.6]
	at dev.shadowsoffire.apotheosis.adventure.loot.AffixLootRegistry.validateItem(AffixLootRegistry.java:30) ~[Apotheosis-1.20.1-7.4.6.jar%23348!/:7.4.6]
	at dev.shadowsoffire.apotheosis.adventure.loot.AffixLootRegistry.validateItem(AffixLootRegistry.java:13) ~[Apotheosis-1.20.1-7.4.6.jar%23348!/:7.4.6]
	at dev.shadowsoffire.placebo.reload.DynamicRegistry.register(DynamicRegistry.java:322) ~[Placebo-1.20.1-8.6.3.jar%23501!/:8.6.3]
	at dev.shadowsoffire.placebo.reload.DynamicRegistry.lambda$apply$0(DynamicRegistry.java:143) ~[Placebo-1.20.1-8.6.3.jar%23501!/:8.6.3]
	at java.util.HashMap.forEach(HashMap.java:1421) ~[?:?]
	at dev.shadowsoffire.placebo.reload.DynamicRegistry.apply(DynamicRegistry.java:136) ~[Placebo-1.20.1-8.6.3.jar%23501!/:8.6.3]
	at dev.shadowsoffire.placebo.reload.DynamicRegistry.m_5787_(DynamicRegistry.java:62) ~[Placebo-1.20.1-8.6.3.jar%23501!/:8.6.3]
	at net.minecraft.server.packs.resources.SimplePreparableReloadListener.m_10789_(SimplePreparableReloadListener.java:13) ~[server-1.20.1-20230612.114412-srg.jar%23571!/:?]
	at java.util.concurrent.CompletableFuture$UniAccept.tryFire(CompletableFuture.java:718) ~[?:?]
	at java.util.concurrent.CompletableFuture$Completion.run(CompletableFuture.java:482) ~[?:?]
	at net.minecraft.server.packs.resources.SimpleReloadInstance.m_143940_(SimpleReloadInstance.java:69) ~[server-1.20.1-20230612.114412-srg.jar%23571!/:?]
	at net.minecraft.Util.m_214652_(Util.java:783) ~[server-1.20.1-20230612.114412-srg.jar%23571!/:?]
	at net.minecraft.Util.m_214679_(Util.java:772) ~[server-1.20.1-20230612.114412-srg.jar%23571!/:?]
	at net.minecraft.server.Main.main(Main.java:166) ~[server-1.20.1-20230612.114412-srg.jar%23571!/:?]
	at jdk.internal.reflect.NativeMethodAccessorImpl.invoke0(Native Method) ~[?:?]
	at jdk.internal.reflect.NativeMethodAccessorImpl.invoke(NativeMethodAccessorImpl.java:77) ~[?:?]
	at jdk.internal.reflect.DelegatingMethodAccessorImpl.invoke(DelegatingMethodAccessorImpl.java:43) ~[?:?]
	at java.lang.reflect.Method.invoke(Method.java:569) ~[?:?]
	at net.minecraftforge.fml.loading.targets.CommonLaunchHandler.runTarget(CommonLaunchHandler.java:111) ~[fmlloader-1.20.1-47.4.0.jar%2369!/:?]
	at net.minecraftforge.fml.loading.targets.CommonLaunchHandler.serverService(CommonLaunchHandler.java:103) ~[fmlloader-1.20.1-47.4.0.jar%2369!/:?]
	at net.minecraftforge.fml.loading.targets.CommonServerLaunchHandler.lambda$makeService$0(CommonServerLaunchHandler.java:27) ~[fmlloader-1.20.1-47.4.0.jar%2369!/:?]
	at cpw.mods.modlauncher.LaunchServiceHandlerDecorator.launch(LaunchServiceHandlerDecorator.java:30) ~[modlauncher-10.0.9.jar%2355!/:?]
	at cpw.mods.modlauncher.LaunchServiceHandler.launch(LaunchServiceHandler.java:53) ~[modlauncher-10.0.9.jar%2355!/:?]
	at cpw.mods.modlauncher.LaunchServiceHandler.launch(LaunchServiceHandler.java:71) ~[modlauncher-10.0.9.jar%2355!/:?]
	at cpw.mods.modlauncher.Launcher.run(Launcher.java:108) ~[modlauncher-10.0.9.jar%2355!/:?]
	at cpw.mods.modlauncher.Launcher.main(Launcher.java:78) ~[modlauncher-10.0.9.jar%2355!/:?]
	at cpw.mods.modlauncher.BootstrapLaunchConsumer.accept(BootstrapLaunchConsumer.java:26) ~[modlauncher-10.0.9.jar%2355!/:?]
	at cpw.mods.modlauncher.BootstrapLaunchConsumer.accept(BootstrapLaunchConsumer.java:23) ~[modlauncher-10.0.9.jar%2355!/:?]
	at cpw.mods.bootstraplauncher.BootstrapLauncher.main(BootstrapLauncher.java:141) ~[bootstraplauncher-1.1.2.jar:?]
[07Apr2025 12:31:04.534] [main/ERROR] [Apotheosis : Adventure/]: Failed to execute ShieldBreakerTest
java.lang.NullPointerException: Cannot invoke "net.minecraft.world.entity.LivingEntity.m_213824_()" because "attacker" is null
	at net.minecraftforge.common.extensions.IForgeItem.canDisableShield(IForgeItem.java:695) ~[forge-1.20.1-47.4.0-universal.jar%23576!/:?]
	at net.minecraftforge.common.extensions.IForgeItemStack.canDisableShield(IForgeItemStack.java:233) ~[forge-1.20.1-47.4.0-universal.jar%23576!/:?]
	at dev.shadowsoffire.apotheosis.adventure.loot.ShieldBreakerTest.test(ShieldBreakerTest.java:48) ~[Apotheosis-1.20.1-7.4.6.jar%23348!/:7.4.6]
	at dev.shadowsoffire.apotheosis.adventure.loot.ShieldBreakerTest.test(ShieldBreakerTest.java:25) ~[Apotheosis-1.20.1-7.4.6.jar%23348!/:7.4.6]
	at dev.shadowsoffire.apotheosis.adventure.loot.LootCategory.isValid(LootCategory.java:89) ~[Apotheosis-1.20.1-7.4.6.jar%23348!/:7.4.6]
	at dev.shadowsoffire.apotheosis.adventure.loot.LootCategory.forItem(LootCategory.java:182) ~[Apotheosis-1.20.1-7.4.6.jar%23348!/:7.4.6]
	at dev.shadowsoffire.apotheosis.adventure.loot.AffixLootEntry.getType(AffixLootEntry.java:91) ~[Apotheosis-1.20.1-7.4.6.jar%23348!/:7.4.6]
	at dev.shadowsoffire.apotheosis.adventure.loot.AffixLootRegistry.validateItem(AffixLootRegistry.java:30) ~[Apotheosis-1.20.1-7.4.6.jar%23348!/:7.4.6]
	at dev.shadowsoffire.apotheosis.adventure.loot.AffixLootRegistry.validateItem(AffixLootRegistry.java:13) ~[Apotheosis-1.20.1-7.4.6.jar%23348!/:7.4.6]
	at dev.shadowsoffire.placebo.reload.DynamicRegistry.register(DynamicRegistry.java:322) ~[Placebo-1.20.1-8.6.3.jar%23501!/:8.6.3]
	at dev.shadowsoffire.placebo.reload.DynamicRegistry.lambda$apply$0(DynamicRegistry.java:143) ~[Placebo-1.20.1-8.6.3.jar%23501!/:8.6.3]
	at java.util.HashMap.forEach(HashMap.java:1421) ~[?:?]
	at dev.shadowsoffire.placebo.reload.DynamicRegistry.apply(DynamicRegistry.java:136) ~[Placebo-1.20.1-8.6.3.jar%23501!/:8.6.3]
	at dev.shadowsoffire.placebo.reload.DynamicRegistry.m_5787_(DynamicRegistry.java:62) ~[Placebo-1.20.1-8.6.3.jar%23501!/:8.6.3]
	at net.minecraft.server.packs.resources.SimplePreparableReloadListener.m_10789_(SimplePreparableReloadListener.java:13) ~[server-1.20.1-20230612.114412-srg.jar%23571!/:?]
	at java.util.concurrent.CompletableFuture$UniAccept.tryFire(CompletableFuture.java:718) ~[?:?]
	at java.util.concurrent.CompletableFuture$Completion.run(CompletableFuture.java:482) ~[?:?]
	at net.minecraft.server.packs.resources.SimpleReloadInstance.m_143940_(SimpleReloadInstance.java:69) ~[server-1.20.1-20230612.114412-srg.jar%23571!/:?]
	at net.minecraft.Util.m_214652_(Util.java:783) ~[server-1.20.1-20230612.114412-srg.jar%23571!/:?]
	at net.minecraft.Util.m_214679_(Util.java:772) ~[server-1.20.1-20230612.114412-srg.jar%23571!/:?]
	at net.minecraft.server.Main.main(Main.java:166) ~[server-1.20.1-20230612.114412-srg.jar%23571!/:?]
	at jdk.internal.reflect.NativeMethodAccessorImpl.invoke0(Native Method) ~[?:?]
	at jdk.internal.reflect.NativeMethodAccessorImpl.invoke(NativeMethodAccessorImpl.java:77) ~[?:?]
	at jdk.internal.reflect.DelegatingMethodAccessorImpl.invoke(DelegatingMethodAccessorImpl.java:43) ~[?:?]
	at java.lang.reflect.Method.invoke(Method.java:569) ~[?:?]
	at net.minecraftforge.fml.loading.targets.CommonLaunchHandler.runTarget(CommonLaunchHandler.java:111) ~[fmlloader-1.20.1-47.4.0.jar%2369!/:?]
	at net.minecraftforge.fml.loading.targets.CommonLaunchHandler.serverService(CommonLaunchHandler.java:103) ~[fmlloader-1.20.1-47.4.0.jar%2369!/:?]
	at net.minecraftforge.fml.loading.targets.CommonServerLaunchHandler.lambda$makeService$0(CommonServerLaunchHandler.java:27) ~[fmlloader-1.20.1-47.4.0.jar%2369!/:?]
	at cpw.mods.modlauncher.LaunchServiceHandlerDecorator.launch(LaunchServiceHandlerDecorator.java:30) ~[modlauncher-10.0.9.jar%2355!/:?]
	at cpw.mods.modlauncher.LaunchServiceHandler.launch(LaunchServiceHandler.java:53) ~[modlauncher-10.0.9.jar%2355!/:?]
	at cpw.mods.modlauncher.LaunchServiceHandler.launch(LaunchServiceHandler.java:71) ~[modlauncher-10.0.9.jar%2355!/:?]
	at cpw.mods.modlauncher.Launcher.run(Launcher.java:108) ~[modlauncher-10.0.9.jar%2355!/:?]
	at cpw.mods.modlauncher.Launcher.main(Launcher.java:78) ~[modlauncher-10.0.9.jar%2355!/:?]
	at cpw.mods.modlauncher.BootstrapLaunchConsumer.accept(BootstrapLaunchConsumer.java:26) ~[modlauncher-10.0.9.jar%2355!/:?]
	at cpw.mods.modlauncher.BootstrapLaunchConsumer.accept(BootstrapLaunchConsumer.java:23) ~[modlauncher-10.0.9.jar%2355!/:?]
	at cpw.mods.bootstraplauncher.BootstrapLauncher.main(BootstrapLauncher.java:141) ~[bootstraplauncher-1.1.2.jar:?]
[07Apr2025 12:31:04.536] [main/ERROR] [Apotheosis : Adventure/]: Failed to execute ShieldBreakerTest
java.lang.NullPointerException: Cannot invoke "net.minecraft.world.entity.LivingEntity.m_213824_()" because "attacker" is null
	at net.minecraftforge.common.extensions.IForgeItem.canDisableShield(IForgeItem.java:695) ~[forge-1.20.1-47.4.0-universal.jar%23576!/:?]
	at net.minecraftforge.common.extensions.IForgeItemStack.canDisableShield(IForgeItemStack.java:233) ~[forge-1.20.1-47.4.0-universal.jar%23576!/:?]
	at dev.shadowsoffire.apotheosis.adventure.loot.ShieldBreakerTest.test(ShieldBreakerTest.java:48) ~[Apotheosis-1.20.1-7.4.6.jar%23348!/:7.4.6]
	at dev.shadowsoffire.apotheosis.adventure.loot.ShieldBreakerTest.test(ShieldBreakerTest.java:25) ~[Apotheosis-1.20.1-7.4.6.jar%23348!/:7.4.6]
	at dev.shadowsoffire.apotheosis.adventure.loot.LootCategory.isValid(LootCategory.java:89) ~[Apotheosis-1.20.1-7.4.6.jar%23348!/:7.4.6]
	at dev.shadowsoffire.apotheosis.adventure.loot.LootCategory.forItem(LootCategory.java:182) ~[Apotheosis-1.20.1-7.4.6.jar%23348!/:7.4.6]
	at dev.shadowsoffire.apotheosis.adventure.loot.AffixLootEntry.getType(AffixLootEntry.java:91) ~[Apotheosis-1.20.1-7.4.6.jar%23348!/:7.4.6]
	at dev.shadowsoffire.apotheosis.adventure.loot.AffixLootRegistry.validateItem(AffixLootRegistry.java:30) ~[Apotheosis-1.20.1-7.4.6.jar%23348!/:7.4.6]
	at dev.shadowsoffire.apotheosis.adventure.loot.AffixLootRegistry.validateItem(AffixLootRegistry.java:13) ~[Apotheosis-1.20.1-7.4.6.jar%23348!/:7.4.6]
	at dev.shadowsoffire.placebo.reload.DynamicRegistry.register(DynamicRegistry.java:322) ~[Placebo-1.20.1-8.6.3.jar%23501!/:8.6.3]
	at dev.shadowsoffire.placebo.reload.DynamicRegistry.lambda$apply$0(DynamicRegistry.java:143) ~[Placebo-1.20.1-8.6.3.jar%23501!/:8.6.3]
	at java.util.HashMap.forEach(HashMap.java:1421) ~[?:?]
	at dev.shadowsoffire.placebo.reload.DynamicRegistry.apply(DynamicRegistry.java:136) ~[Placebo-1.20.1-8.6.3.jar%23501!/:8.6.3]
	at dev.shadowsoffire.placebo.reload.DynamicRegistry.m_5787_(DynamicRegistry.java:62) ~[Placebo-1.20.1-8.6.3.jar%23501!/:8.6.3]
	at net.minecraft.server.packs.resources.SimplePreparableReloadListener.m_10789_(SimplePreparableReloadListener.java:13) ~[server-1.20.1-20230612.114412-srg.jar%23571!/:?]
	at java.util.concurrent.CompletableFuture$UniAccept.tryFire(CompletableFuture.java:718) ~[?:?]
	at java.util.concurrent.CompletableFuture$Completion.run(CompletableFuture.java:482) ~[?:?]
	at net.minecraft.server.packs.resources.SimpleReloadInstance.m_143940_(SimpleReloadInstance.java:69) ~[server-1.20.1-20230612.114412-srg.jar%23571!/:?]
	at net.minecraft.Util.m_214652_(Util.java:783) ~[server-1.20.1-20230612.114412-srg.jar%23571!/:?]
	at net.minecraft.Util.m_214679_(Util.java:772) ~[server-1.20.1-20230612.114412-srg.jar%23571!/:?]
	at net.minecraft.server.Main.main(Main.java:166) ~[server-1.20.1-20230612.114412-srg.jar%23571!/:?]
	at jdk.internal.reflect.NativeMethodAccessorImpl.invoke0(Native Method) ~[?:?]
	at jdk.internal.reflect.NativeMethodAccessorImpl.invoke(NativeMethodAccessorImpl.java:77) ~[?:?]
	at jdk.internal.reflect.DelegatingMethodAccessorImpl.invoke(DelegatingMethodAccessorImpl.java:43) ~[?:?]
	at java.lang.reflect.Method.invoke(Method.java:569) ~[?:?]
	at net.minecraftforge.fml.loading.targets.CommonLaunchHandler.runTarget(CommonLaunchHandler.java:111) ~[fmlloader-1.20.1-47.4.0.jar%2369!/:?]
	at net.minecraftforge.fml.loading.targets.CommonLaunchHandler.serverService(CommonLaunchHandler.java:103) ~[fmlloader-1.20.1-47.4.0.jar%2369!/:?]
	at net.minecraftforge.fml.loading.targets.CommonServerLaunchHandler.lambda$makeService$0(CommonServerLaunchHandler.java:27) ~[fmlloader-1.20.1-47.4.0.jar%2369!/:?]
	at cpw.mods.modlauncher.LaunchServiceHandlerDecorator.launch(LaunchServiceHandlerDecorator.java:30) ~[modlauncher-10.0.9.jar%2355!/:?]
	at cpw.mods.modlauncher.LaunchServiceHandler.launch(LaunchServiceHandler.java:53) ~[modlauncher-10.0.9.jar%2355!/:?]
	at cpw.mods.modlauncher.LaunchServiceHandler.launch(LaunchServiceHandler.java:71) ~[modlauncher-10.0.9.jar%2355!/:?]
	at cpw.mods.modlauncher.Launcher.run(Launcher.java:108) ~[modlauncher-10.0.9.jar%2355!/:?]
	at cpw.mods.modlauncher.Launcher.main(Launcher.java:78) ~[modlauncher-10.0.9.jar%2355!/:?]
	at cpw.mods.modlauncher.BootstrapLaunchConsumer.accept(BootstrapLaunchConsumer.java:26) ~[modlauncher-10.0.9.jar%2355!/:?]
	at cpw.mods.modlauncher.BootstrapLaunchConsumer.accept(BootstrapLaunchConsumer.java:23) ~[modlauncher-10.0.9.jar%2355!/:?]
	at cpw.mods.bootstraplauncher.BootstrapLauncher.main(BootstrapLauncher.java:141) ~[bootstraplauncher-1.1.2.jar:?]
[07Apr2025 12:31:04.537] [main/ERROR] [Apotheosis : Adventure/]: Failed to execute ShieldBreakerTest
java.lang.NullPointerException: Cannot invoke "net.minecraft.world.entity.LivingEntity.m_213824_()" because "attacker" is null
	at net.minecraftforge.common.extensions.IForgeItem.canDisableShield(IForgeItem.java:695) ~[forge-1.20.1-47.4.0-universal.jar%23576!/:?]
	at net.minecraftforge.common.extensions.IForgeItemStack.canDisableShield(IForgeItemStack.java:233) ~[forge-1.20.1-47.4.0-universal.jar%23576!/:?]
	at dev.shadowsoffire.apotheosis.adventure.loot.ShieldBreakerTest.test(ShieldBreakerTest.java:48) ~[Apotheosis-1.20.1-7.4.6.jar%23348!/:7.4.6]
	at dev.shadowsoffire.apotheosis.adventure.loot.ShieldBreakerTest.test(ShieldBreakerTest.java:25) ~[Apotheosis-1.20.1-7.4.6.jar%23348!/:7.4.6]
	at dev.shadowsoffire.apotheosis.adventure.loot.LootCategory.isValid(LootCategory.java:89) ~[Apotheosis-1.20.1-7.4.6.jar%23348!/:7.4.6]
	at dev.shadowsoffire.apotheosis.adventure.loot.LootCategory.forItem(LootCategory.java:182) ~[Apotheosis-1.20.1-7.4.6.jar%23348!/:7.4.6]
	at dev.shadowsoffire.apotheosis.adventure.loot.AffixLootEntry.getType(AffixLootEntry.java:91) ~[Apotheosis-1.20.1-7.4.6.jar%23348!/:7.4.6]
	at dev.shadowsoffire.apotheosis.adventure.loot.AffixLootRegistry.validateItem(AffixLootRegistry.java:30) ~[Apotheosis-1.20.1-7.4.6.jar%23348!/:7.4.6]
	at dev.shadowsoffire.apotheosis.adventure.loot.AffixLootRegistry.validateItem(AffixLootRegistry.java:13) ~[Apotheosis-1.20.1-7.4.6.jar%23348!/:7.4.6]
	at dev.shadowsoffire.placebo.reload.DynamicRegistry.register(DynamicRegistry.java:322) ~[Placebo-1.20.1-8.6.3.jar%23501!/:8.6.3]
	at dev.shadowsoffire.placebo.reload.DynamicRegistry.lambda$apply$0(DynamicRegistry.java:143) ~[Placebo-1.20.1-8.6.3.jar%23501!/:8.6.3]
	at java.util.HashMap.forEach(HashMap.java:1421) ~[?:?]
	at dev.shadowsoffire.placebo.reload.DynamicRegistry.apply(DynamicRegistry.java:136) ~[Placebo-1.20.1-8.6.3.jar%23501!/:8.6.3]
	at dev.shadowsoffire.placebo.reload.DynamicRegistry.m_5787_(DynamicRegistry.java:62) ~[Placebo-1.20.1-8.6.3.jar%23501!/:8.6.3]
	at net.minecraft.server.packs.resources.SimplePreparableReloadListener.m_10789_(SimplePreparableReloadListener.java:13) ~[server-1.20.1-20230612.114412-srg.jar%23571!/:?]
	at java.util.concurrent.CompletableFuture$UniAccept.tryFire(CompletableFuture.java:718) ~[?:?]
	at java.util.concurrent.CompletableFuture$Completion.run(CompletableFuture.java:482) ~[?:?]
	at net.minecraft.server.packs.resources.SimpleReloadInstance.m_143940_(SimpleReloadInstance.java:69) ~[server-1.20.1-20230612.114412-srg.jar%23571!/:?]
	at net.minecraft.Util.m_214652_(Util.java:783) ~[server-1.20.1-20230612.114412-srg.jar%23571!/:?]
	at net.minecraft.Util.m_214679_(Util.java:772) ~[server-1.20.1-20230612.114412-srg.jar%23571!/:?]
	at net.minecraft.server.Main.main(Main.java:166) ~[server-1.20.1-20230612.114412-srg.jar%23571!/:?]
	at jdk.internal.reflect.NativeMethodAccessorImpl.invoke0(Native Method) ~[?:?]
	at jdk.internal.reflect.NativeMethodAccessorImpl.invoke(NativeMethodAccessorImpl.java:77) ~[?:?]
	at jdk.internal.reflect.DelegatingMethodAccessorImpl.invoke(DelegatingMethodAccessorImpl.java:43) ~[?:?]
	at java.lang.reflect.Method.invoke(Method.java:569) ~[?:?]
	at net.minecraftforge.fml.loading.targets.CommonLaunchHandler.runTarget(CommonLaunchHandler.java:111) ~[fmlloader-1.20.1-47.4.0.jar%2369!/:?]
	at net.minecraftforge.fml.loading.targets.CommonLaunchHandler.serverService(CommonLaunchHandler.java:103) ~[fmlloader-1.20.1-47.4.0.jar%2369!/:?]
	at net.minecraftforge.fml.loading.targets.CommonServerLaunchHandler.lambda$makeService$0(CommonServerLaunchHandler.java:27) ~[fmlloader-1.20.1-47.4.0.jar%2369!/:?]
	at cpw.mods.modlauncher.LaunchServiceHandlerDecorator.launch(LaunchServiceHandlerDecorator.java:30) ~[modlauncher-10.0.9.jar%2355!/:?]
	at cpw.mods.modlauncher.LaunchServiceHandler.launch(LaunchServiceHandler.java:53) ~[modlauncher-10.0.9.jar%2355!/:?]
	at cpw.mods.modlauncher.LaunchServiceHandler.launch(LaunchServiceHandler.java:71) ~[modlauncher-10.0.9.jar%2355!/:?]
	at cpw.mods.modlauncher.Launcher.run(Launcher.java:108) ~[modlauncher-10.0.9.jar%2355!/:?]
	at cpw.mods.modlauncher.Launcher.main(Launcher.java:78) ~[modlauncher-10.0.9.jar%2355!/:?]
	at cpw.mods.modlauncher.BootstrapLaunchConsumer.accept(BootstrapLaunchConsumer.java:26) ~[modlauncher-10.0.9.jar%2355!/:?]
	at cpw.mods.modlauncher.BootstrapLaunchConsumer.accept(BootstrapLaunchConsumer.java:23) ~[modlauncher-10.0.9.jar%2355!/:?]
	at cpw.mods.bootstraplauncher.BootstrapLauncher.main(BootstrapLauncher.java:141) ~[bootstraplauncher-1.1.2.jar:?]
[07Apr2025 12:31:04.539] [main/INFO] [Apotheosis : Adventure/]: Registered 100 affix_loot_entries.
[07Apr2025 12:31:04.548] [main/INFO] [Apotheosis : Adventure/]: Registered 25 bosses.
[07Apr2025 12:31:04.557] [main/INFO] [Apotheosis : Adventure/]: Registered 8 rogue_spawners.
[07Apr2025 12:31:04.560] [main/INFO] [Apotheosis : Adventure/]: Registered 5 minibosses.
[07Apr2025 12:31:04.566] [main/INFO] [Apotheosis : Village/]: Registered 29 wanderer_trades.
[07Apr2025 12:31:04.575] [main/INFO] [placebo/]: Registered 28 gear_sets.
[07Apr2025 12:31:04.646] [main/WARN] [net.minecraftforge.registries.NamespacedWrapper/]: Not all defined tags for registry ResourceKey[minecraft:root / minecraft:block] are present in data pack: netherexp:sounds/polished_blackstone
[07Apr2025 12:31:04.687] [main/WARN] [net.minecraft.core.MappedRegistry/]: Not all defined tags for registry ResourceKey[minecraft:root / minecraft:worldgen/biome] are present in data pack: idas:has_structure/bopmahogany_biomes, idas:has_structure/bygmahogany_biomes, idas:has_structure/bygredwood_biomes
[07Apr2025 12:31:04.750] [main/INFO] [Moonlight/]: Applied 7 data villager trades
[07Apr2025 12:31:04.916] [main/INFO] [Supplementaries/]: Finished additional setup in 0 ms
[07Apr2025 12:31:04.964] [main/ERROR] [org.betterx.worlds.together.util.Logger/]: [worlds_together] Error for jar:file:///workspaces/SERVER/servidor_minecraft/mods/simplylight-1.20.1-1.4.6-build.50.jar: java.nio.file.NoSuchFileException: /fabric.mod.json
[07Apr2025 12:31:04.966] [main/ERROR] [org.betterx.worlds.together.util.Logger/]: [worlds_together] Error for jar:file:///workspaces/SERVER/servidor_minecraft/mods/inventorypets-1.20.1-2.1.3.jar: java.nio.file.NoSuchFileException: /fabric.mod.json
[07Apr2025 12:31:04.968] [main/ERROR] [org.betterx.worlds.together.util.Logger/]: [worlds_together] Error for jar:file:///workspaces/SERVER/servidor_minecraft/mods/mowzies_cataclysm-1.2.0.jar: java.nio.file.NoSuchFileException: /fabric.mod.json
[07Apr2025 12:31:04.968] [main/ERROR] [org.betterx.worlds.together.util.Logger/]: [worlds_together] Error for jar:file:///workspaces/SERVER/servidor_minecraft/mods/voidtotem-forge-1.20-3.0.1.jar: java.nio.file.NoSuchFileException: /fabric.mod.json
[07Apr2025 12:31:04.969] [main/ERROR] [org.betterx.worlds.together.util.Logger/]: [worlds_together] Error for jar:file:///workspaces/SERVER/servidor_minecraft/mods/YungsBetterDungeons-1.20-Forge-4.0.4.jar: java.nio.file.NoSuchFileException: /fabric.mod.json
[07Apr2025 12:31:04.969] [main/ERROR] [org.betterx.worlds.together.util.Logger/]: [worlds_together] Error for jar:file:///workspaces/SERVER/servidor_minecraft/mods/corpsecurioscompat-1.18.x-1.20.x-Forge-2.2.2.jar: java.nio.file.NoSuchFileException: /fabric.mod.json
[07Apr2025 12:31:04.977] [main/ERROR] [org.betterx.worlds.together.util.Logger/]: [worlds_together] Error for jar:file:///workspaces/SERVER/servidor_minecraft/mods/RegionsUnexploredForge-0.5.6+1.20.1.jar: java.nio.file.NoSuchFileException: /fabric.mod.json
[07Apr2025 12:31:04.985] [main/ERROR] [org.betterx.worlds.together.util.Logger/]: [worlds_together] Error for jar:file:///workspaces/SERVER/servidor_minecraft/mods/modernfix-forge-5.20.2+mc1.20.1.jar: java.nio.file.NoSuchFileException: /fabric.mod.json
[07Apr2025 12:31:04.985] [main/ERROR] [org.betterx.worlds.together.util.Logger/]: [worlds_together] Error for jar:file:///workspaces/SERVER/servidor_minecraft/mods/YungsExtras-1.20-Forge-4.0.3.jar: java.nio.file.NoSuchFileException: /fabric.mod.json
[07Apr2025 12:31:04.986] [main/ERROR] [org.betterx.worlds.together.util.Logger/]: [worlds_together] Error for jar:file:///workspaces/SERVER/servidor_minecraft/mods/SimpleStorageNetwork-1.20.1-1.12.2.jar: java.nio.file.NoSuchFileException: /fabric.mod.json
[07Apr2025 12:31:04.987] [main/ERROR] [org.betterx.worlds.together.util.Logger/]: [worlds_together] Error for jar:file:///workspaces/SERVER/servidor_minecraft/mods/YungsBetterOceanMonuments-1.20-Forge-3.0.4.jar: java.nio.file.NoSuchFileException: /fabric.mod.json
[07Apr2025 12:31:04.987] [main/ERROR] [org.betterx.worlds.together.util.Logger/]: [worlds_together] Error for jar:file:///workspaces/SERVER/servidor_minecraft/mods/YungsApi-1.20-Forge-4.0.6.jar: java.nio.file.NoSuchFileException: /fabric.mod.json
[07Apr2025 12:31:04.988] [main/ERROR] [org.betterx.worlds.together.util.Logger/]: [worlds_together] Error for jar:file:///workspaces/SERVER/servidor_minecraft/mods/trashslot-forge-1.20-15.1.2.jar: java.nio.file.NoSuchFileException: /fabric.mod.json
[07Apr2025 12:31:04.988] [main/ERROR] [org.betterx.worlds.together.util.Logger/]: [worlds_together] Error for jar:file:///workspaces/SERVER/servidor_minecraft/mods/ExplorersCompass-1.20.1-1.3.3-forge.jar: java.nio.file.NoSuchFileException: /fabric.mod.json
[07Apr2025 12:31:04.988] [main/ERROR] [org.betterx.worlds.together.util.Logger/]: [worlds_together] Error for jar:file:///workspaces/SERVER/servidor_minecraft/mods/jeed-1.20-2.2.5.jar: java.nio.file.NoSuchFileException: /fabric.mod.json
[07Apr2025 12:31:04.991] [main/ERROR] [org.betterx.worlds.together.util.Logger/]: [worlds_together] Error for jar:file:///workspaces/SERVER/servidor_minecraft/mods/irons_spellbooks-1.20.1-3.4.0.8.jar: java.nio.file.NoSuchFileException: /fabric.mod.json
[07Apr2025 12:31:04.992] [main/ERROR] [org.betterx.worlds.together.util.Logger/]: [worlds_together] Error for jar:file:///workspaces/SERVER/servidor_minecraft/mods/JustEnoughResources-1.20.1-1.4.0.247.jar: java.nio.file.NoSuchFileException: /fabric.mod.json
[07Apr2025 12:31:04.995] [main/ERROR] [org.betterx.worlds.together.util.Logger/]: [worlds_together] Error for jar:file:///workspaces/SERVER/servidor_minecraft/mods/Galosphere-1.20.1-1.4.1-Forge.jar: java.nio.file.NoSuchFileException: /fabric.mod.json
[07Apr2025 12:31:04.995] [main/ERROR] [org.betterx.worlds.together.util.Logger/]: [worlds_together] Error for jar:file:///workspaces/SERVER/servidor_minecraft/mods/cupboard-1.20.1-2.7.jar: java.nio.file.NoSuchFileException: /fabric.mod.json
[07Apr2025 12:31:04.998] [main/ERROR] [org.betterx.worlds.together.util.Logger/]: [worlds_together] Error for jar:file:///workspaces/SERVER/servidor_minecraft/mods/L_Enders_Cataclysm-2.63.jar: java.nio.file.NoSuchFileException: /fabric.mod.json
[07Apr2025 12:31:04.999] [main/ERROR] [org.betterx.worlds.together.util.Logger/]: [worlds_together] Error for jar:file:///workspaces/SERVER/servidor_minecraft/mods/architectury-9.2.14-forge.jar: java.nio.file.NoSuchFileException: /fabric.mod.json
[07Apr2025 12:31:05.000] [main/ERROR] [org.betterx.worlds.together.util.Logger/]: [worlds_together] Error for jar:file:///workspaces/SERVER/servidor_minecraft/mods/easy-piglins-forge-1.20.1-1.0.13.jar: java.nio.file.NoSuchFileException: /fabric.mod.json
[07Apr2025 12:31:05.003] [main/ERROR] [org.betterx.worlds.together.util.Logger/]: [worlds_together] Error for jar:file:///workspaces/SERVER/servidor_minecraft/mods/forbidden_arcanus-1.20.1-2.2.6.jar: java.nio.file.NoSuchFileException: /fabric.mod.json
[07Apr2025 12:31:05.005] [main/ERROR] [org.betterx.worlds.together.util.Logger/]: [worlds_together] Error for jar:file:///workspaces/SERVER/servidor_minecraft/mods/YungsBetterDesertTemples-1.20-Forge-3.0.3.jar: java.nio.file.NoSuchFileException: /fabric.mod.json
[07Apr2025 12:31:05.009] [main/ERROR] [org.betterx.worlds.together.util.Logger/]: [worlds_together] Error for jar:file:///workspaces/SERVER/servidor_minecraft/mods/journeymap-1.20.1-5.10.3-forge.jar: java.nio.file.NoSuchFileException: /fabric.mod.json
[07Apr2025 12:31:05.009] [main/ERROR] [org.betterx.worlds.together.util.Logger/]: [worlds_together] Error for jar:file:///workspaces/SERVER/servidor_minecraft/mods/ferritecore-6.0.1-forge.jar: java.nio.file.NoSuchFileException: /fabric.mod.json
[07Apr2025 12:31:05.021] [main/ERROR] [org.betterx.worlds.together.util.Logger/]: [worlds_together] Error for jar:file:///workspaces/SERVER/servidor_minecraft/mods/create-1.20.1-6.0.4.jar: java.nio.file.NoSuchFileException: /fabric.mod.json
[07Apr2025 12:31:05.022] [main/ERROR] [org.betterx.worlds.together.util.Logger/]: [worlds_together] Error for jar:file:///workspaces/SERVER/servidor_minecraft/mods/FastWorkbench-1.20.1-8.0.4.jar: java.nio.file.NoSuchFileException: /fabric.mod.json
[07Apr2025 12:31:05.022] [main/ERROR] [org.betterx.worlds.together.util.Logger/]: [worlds_together] Error for jar:file:///workspaces/SERVER/servidor_minecraft/mods/YungsBetterEndIsland-1.20-Forge-2.0.6.jar: java.nio.file.NoSuchFileException: /fabric.mod.json
[07Apr2025 12:31:05.023] [main/ERROR] [org.betterx.worlds.together.util.Logger/]: [worlds_together] Error for jar:file:///workspaces/SERVER/servidor_minecraft/mods/BetterF3-7.0.2-Forge-1.20.1.jar: java.nio.file.NoSuchFileException: /fabric.mod.json
[07Apr2025 12:31:05.023] [main/ERROR] [org.betterx.worlds.together.util.Logger/]: [worlds_together] Error for jar:file:///workspaces/SERVER/servidor_minecraft/mods/torchmaster-20.1.9.jar: java.nio.file.NoSuchFileException: /fabric.mod.json
[07Apr2025 12:31:05.024] [main/ERROR] [org.betterx.worlds.together.util.Logger/]: [worlds_together] Error for jar:file:///workspaces/SERVER/servidor_minecraft/mods/framework-forge-1.20.1-0.7.12.jar: java.nio.file.NoSuchFileException: /fabric.mod.json
[07Apr2025 12:31:05.024] [main/ERROR] [org.betterx.worlds.together.util.Logger/]: [worlds_together] Error for jar:file:///workspaces/SERVER/servidor_minecraft/mods/drippyloadingscreen_forge_3.0.11_MC_1.20.1.jar: java.nio.file.NoSuchFileException: /fabric.mod.json
[07Apr2025 12:31:05.024] [main/ERROR] [org.betterx.worlds.together.util.Logger/]: [worlds_together] Error for jar:file:///workspaces/SERVER/servidor_minecraft/mods/visuality-forge-2.0.2.jar: java.nio.file.NoSuchFileException: /fabric.mod.json
[07Apr2025 12:31:05.033] [main/ERROR] [org.betterx.worlds.together.util.Logger/]: [worlds_together] Error for jar:file:///workspaces/SERVER/servidor_minecraft/mods/Oh-The-Biomes-Weve-Gone-Forge-1.5.9.jar: java.nio.file.NoSuchFileException: /fabric.mod.json
[07Apr2025 12:31:05.033] [main/ERROR] [org.betterx.worlds.together.util.Logger/]: [worlds_together] Error for jar:file:///workspaces/SERVER/servidor_minecraft/mods/player-animation-lib-forge-1.0.2-rc1+1.20.jar: java.nio.file.NoSuchFileException: /fabric.mod.json
[07Apr2025 12:31:05.034] [main/ERROR] [org.betterx.worlds.together.util.Logger/]: [worlds_together] Error for jar:file:///workspaces/SERVER/servidor_minecraft/mods/TerraBlender-forge-1.20.1-3.0.1.10.jar: java.nio.file.NoSuchFileException: /fabric.mod.json
[07Apr2025 12:31:05.034] [main/ERROR] [org.betterx.worlds.together.util.Logger/]: [worlds_together] Error for jar:file:///workspaces/SERVER/servidor_minecraft/mods/trashcans-1.0.18b-forge-mc1.20.jar: java.nio.file.NoSuchFileException: /fabric.mod.json
[07Apr2025 12:31:05.035] [main/ERROR] [org.betterx.worlds.together.util.Logger/]: [worlds_together] Error for jar:file:///workspaces/SERVER/servidor_minecraft/mods/trowelsfork-1.20.1-2.0.0.jar: java.nio.file.NoSuchFileException: /fabric.mod.json
[07Apr2025 12:31:05.035] [main/ERROR] [org.betterx.worlds.together.util.Logger/]: [worlds_together] Error for jar:file:///workspaces/SERVER/servidor_minecraft/mods/creeperoverhaul-3.0.2-forge.jar: java.nio.file.NoSuchFileException: /fabric.mod.json
[07Apr2025 12:31:05.036] [main/ERROR] [org.betterx.worlds.together.util.Logger/]: [worlds_together] Error for jar:file:///workspaces/SERVER/servidor_minecraft/mods/supermartijn642corelib-1.1.18-forge-mc1.20.1.jar: java.nio.file.NoSuchFileException: /fabric.mod.json
[07Apr2025 12:31:05.036] [main/ERROR] [org.betterx.worlds.together.util.Logger/]: [worlds_together] Error for jar:file:///workspaces/SERVER/servidor_minecraft/mods/YungsBridges-1.20-Forge-4.0.3.jar: java.nio.file.NoSuchFileException: /fabric.mod.json
[07Apr2025 12:31:05.037] [main/ERROR] [org.betterx.worlds.together.util.Logger/]: [worlds_together] Error for jar:file:///workspaces/SERVER/servidor_minecraft/mods/mob_grinding_utils-1.20.1-1.1.0.jar: java.nio.file.NoSuchFileException: /fabric.mod.json
[07Apr2025 12:31:05.038] [main/ERROR] [org.betterx.worlds.together.util.Logger/]: [worlds_together] Error for jar:file:///workspaces/SERVER/servidor_minecraft/mods/Jade-1.20.1-Forge-11.12.3.jar: java.nio.file.NoSuchFileException: /fabric.mod.json
[07Apr2025 12:31:05.038] [main/ERROR] [org.betterx.worlds.together.util.Logger/]: [worlds_together] Error for jar:file:///workspaces/SERVER/servidor_minecraft/mods/yet_another_config_lib_v3-3.6.6+1.20.1-forge.jar: java.nio.file.NoSuchFileException: /fabric.mod.json
[07Apr2025 12:31:05.039] [main/ERROR] [org.betterx.worlds.together.util.Logger/]: [worlds_together] Error for jar:file:///workspaces/SERVER/servidor_minecraft/mods/showcaseitem-1.20.1-1.2.jar: java.nio.file.NoSuchFileException: /fabric.mod.json
[07Apr2025 12:31:05.042] [main/ERROR] [org.betterx.worlds.together.util.Logger/]: [worlds_together] Error for jar:file:///workspaces/SERVER/servidor_minecraft/mods/dungeons-and-taverns-3.0.3.f%5BForge%5D.jar: java.nio.file.NoSuchFileException: /fabric.mod.json
[07Apr2025 12:31:05.042] [main/ERROR] [org.betterx.worlds.together.util.Logger/]: [worlds_together] Error for jar:file:///workspaces/SERVER/servidor_minecraft/mods/More%20Totems%20of%20Undying-forge-1.20.1-2.16.0.jar: java.nio.file.NoSuchFileException: /fabric.mod.json
[07Apr2025 12:31:05.042] [main/ERROR] [org.betterx.worlds.together.util.Logger/]: [worlds_together] Error for jar:file:///workspaces/SERVER/servidor_minecraft/mods/ImmediatelyFast-Forge-1.5.0+1.20.4.jar: java.nio.file.NoSuchFileException: /fabric.mod.json
[07Apr2025 12:31:05.043] [main/ERROR] [org.betterx.worlds.together.util.Logger/]: [worlds_together] Error for jar:file:///workspaces/SERVER/servidor_minecraft/mods/sodiumoptionsapi-forge-1.0.10-1.20.1.jar: java.nio.file.NoSuchFileException: /fabric.mod.json
[07Apr2025 12:31:05.043] [main/ERROR] [org.betterx.worlds.together.util.Logger/]: [worlds_together] Error for jar:file:///workspaces/SERVER/servidor_minecraft/mods/palegarden-1.0.7-forge-1.20.1.jar: java.nio.file.NoSuchFileException: /fabric.mod.json
[07Apr2025 12:31:05.044] [main/ERROR] [org.betterx.worlds.together.util.Logger/]: [worlds_together] Error for jar:file:///workspaces/SERVER/servidor_minecraft/mods/Log-Begone-Forge-1.20.1-1.0.8.jar: java.nio.file.NoSuchFileException: /fabric.mod.json
[07Apr2025 12:31:05.044] [main/ERROR] [org.betterx.worlds.together.util.Logger/]: [worlds_together] Error for jar:file:///workspaces/SERVER/servidor_minecraft/mods/ExtremeSoundMuffler-3.49-forge-1.20.1.jar: java.nio.file.NoSuchFileException: /fabric.mod.json
[07Apr2025 12:31:05.044] [main/ERROR] [org.betterx.worlds.together.util.Logger/]: [worlds_together] Error for jar:file:///workspaces/SERVER/servidor_minecraft/mods/OctoLib-FORGE-0.5.0.1+1.20.1.jar: java.nio.file.NoSuchFileException: /fabric.mod.json
[07Apr2025 12:31:05.045] [main/ERROR] [org.betterx.worlds.together.util.Logger/]: [worlds_together] Error for jar:file:///workspaces/SERVER/servidor_minecraft/mods/cloth-config-11.1.136-forge.jar: java.nio.file.NoSuchFileException: /fabric.mod.json
[07Apr2025 12:31:05.046] [main/ERROR] [org.betterx.worlds.together.util.Logger/]: [worlds_together] Error for jar:file:///workspaces/SERVER/servidor_minecraft/mods/modelfix-1.15.jar: java.nio.file.NoSuchFileException: /fabric.mod.json
[07Apr2025 12:31:05.051] [main/ERROR] [org.betterx.worlds.together.util.Logger/]: [worlds_together] Error for jar:file:///workspaces/SERVER/servidor_minecraft/mods/aether-1.20.1-1.5.2-neoforge.jar: java.nio.file.NoSuchFileException: /fabric.mod.json
[07Apr2025 12:31:05.052] [main/ERROR] [org.betterx.worlds.together.util.Logger/]: [worlds_together] Error for jar:file:///workspaces/SERVER/servidor_minecraft/mods/balm-forge-1.20.1-7.3.27-all.jar: java.nio.file.NoSuchFileException: /fabric.mod.json
[07Apr2025 12:31:05.052] [main/ERROR] [org.betterx.worlds.together.util.Logger/]: [worlds_together] Error for jar:file:///workspaces/SERVER/servidor_minecraft/mods/melody_forge_1.0.3_MC_1.20.1-1.20.4.jar: java.nio.file.NoSuchFileException: /fabric.mod.json
[07Apr2025 12:31:05.052] [main/ERROR] [org.betterx.worlds.together.util.Logger/]: [worlds_together] Error for jar:file:///workspaces/SERVER/servidor_minecraft/mods/supermartijn642configlib-1.1.8-forge-mc1.20.jar: java.nio.file.NoSuchFileException: /fabric.mod.json
[07Apr2025 12:31:05.052] [main/ERROR] [org.betterx.worlds.together.util.Logger/]: [worlds_together] Error for jar:file:///workspaces/SERVER/servidor_minecraft/mods/lootintegrations-1.20.1-4.3.jar: java.nio.file.NoSuchFileException: /fabric.mod.json
[07Apr2025 12:31:05.054] [main/ERROR] [org.betterx.worlds.together.util.Logger/]: [worlds_together] Error for jar:file:///workspaces/SERVER/servidor_minecraft/mods/sophisticatedbackpacks-1.20.1-3.23.6.1211.jar: java.nio.file.NoSuchFileException: /fabric.mod.json
[07Apr2025 12:31:05.054] [main/ERROR] [org.betterx.worlds.together.util.Logger/]: [worlds_together] Error for jar:file:///workspaces/SERVER/servidor_minecraft/mods/fusion-1.2.5-forge-mc1.20.1.jar: java.nio.file.NoSuchFileException: /fabric.mod.json
[07Apr2025 12:31:05.055] [main/ERROR] [org.betterx.worlds.together.util.Logger/]: [worlds_together] Error for jar:file:///workspaces/SERVER/servidor_minecraft/mods/camera-forge-1.20.1-1.0.19.jar: java.nio.file.NoSuchFileException: /fabric.mod.json
[07Apr2025 12:31:05.062] [main/ERROR] [org.betterx.worlds.together.util.Logger/]: [worlds_together] Error for jar:file:///workspaces/SERVER/servidor_minecraft/mods/twilightforest-1.20.1-4.3.2508-universal.jar: java.nio.file.NoSuchFileException: /fabric.mod.json
[07Apr2025 12:31:05.068] [main/ERROR] [org.betterx.worlds.together.util.Logger/]: [worlds_together] Error for jar:file:///workspaces/SERVER/servidor_minecraft/mods/supplementaries-1.20-3.1.24.jar: java.nio.file.NoSuchFileException: /fabric.mod.json
[07Apr2025 12:31:05.069] [main/ERROR] [org.betterx.worlds.together.util.Logger/]: [worlds_together] Error for jar:file:///workspaces/SERVER/servidor_minecraft/mods/AetherVillages-1.20.1-1.0.7-forge.jar: java.nio.file.NoSuchFileException: /fabric.mod.json
[07Apr2025 12:31:05.070] [main/ERROR] [org.betterx.worlds.together.util.Logger/]: [worlds_together] Error for jar:file:///workspaces/SERVER/servidor_minecraft/mods/ftb-library-forge-2001.2.9.jar: java.nio.file.NoSuchFileException: /fabric.mod.json
[07Apr2025 12:31:05.072] [main/ERROR] [org.betterx.worlds.together.util.Logger/]: [worlds_together] Error for jar:file:///workspaces/SERVER/servidor_minecraft/mods/fancymenu_forge_3.4.6_MC_1.20.1.jar: java.nio.file.NoSuchFileException: /fabric.mod.json
[07Apr2025 12:31:05.072] [main/ERROR] [org.betterx.worlds.together.util.Logger/]: [worlds_together] Error for jar:file:///workspaces/SERVER/servidor_minecraft/mods/caelus-forge-3.2.0+1.20.1.jar: java.nio.file.NoSuchFileException: /fabric.mod.json
[07Apr2025 12:31:05.073] [main/ERROR] [org.betterx.worlds.together.util.Logger/]: [worlds_together] Error for jar:file:///workspaces/SERVER/servidor_minecraft/mods/TravelersTitles-1.20-Forge-4.0.2.jar: java.nio.file.NoSuchFileException: /fabric.mod.json
[07Apr2025 12:31:05.073] [main/ERROR] [org.betterx.worlds.together.util.Logger/]: [worlds_together] Error for jar:file:///workspaces/SERVER/servidor_minecraft/mods/cryonicconfig-forge-1.0.0+mc1.20.1.jar: java.nio.file.NoSuchFileException: /fabric.mod.json
[07Apr2025 12:31:05.075] [main/ERROR] [org.betterx.worlds.together.util.Logger/]: [worlds_together] Error for jar:file:///workspaces/SERVER/servidor_minecraft/mods/botarium-forge-1.20.1-2.3.4.jar: java.nio.file.NoSuchFileException: /fabric.mod.json
[07Apr2025 12:31:05.075] [main/ERROR] [org.betterx.worlds.together.util.Logger/]: [worlds_together] Error for jar:file:///workspaces/SERVER/servidor_minecraft/mods/appleskin-forge-mc1.20.1-2.5.1.jar: java.nio.file.NoSuchFileException: /fabric.mod.json
[07Apr2025 12:31:05.075] [main/ERROR] [org.betterx.worlds.together.util.Logger/]: [worlds_together] Error for jar:file:///workspaces/SERVER/servidor_minecraft/mods/resourcefullib-forge-1.20.1-2.1.29.jar: java.nio.file.NoSuchFileException: /fabric.mod.json
[07Apr2025 12:31:05.076] [main/ERROR] [org.betterx.worlds.together.util.Logger/]: [worlds_together] Error for jar:file:///workspaces/SERVER/servidor_minecraft/mods/PuzzlesLib-v8.1.29-1.20.1-Forge.jar: java.nio.file.NoSuchFileException: /fabric.mod.json
[07Apr2025 12:31:05.079] [main/ERROR] [org.betterx.worlds.together.util.Logger/]: [worlds_together] Error for jar:file:///workspaces/SERVER/servidor_minecraft/mods/FramedBlocks-9.4.1.jar: java.nio.file.NoSuchFileException: /fabric.mod.json
[07Apr2025 12:31:05.080] [main/ERROR] [org.betterx.worlds.together.util.Logger/]: [worlds_together] Error for jar:file:///workspaces/SERVER/servidor_minecraft/mods/valhelsia_core-forge-1.20.1-1.1.2.jar: java.nio.file.NoSuchFileException: /fabric.mod.json
[07Apr2025 12:31:05.081] [main/ERROR] [org.betterx.worlds.together.util.Logger/]: [worlds_together] Error for jar:file:///workspaces/SERVER/servidor_minecraft/mods/structure_gel-1.20.1-2.16.2.jar: java.nio.file.NoSuchFileException: /fabric.mod.json
[07Apr2025 12:31:05.081] [main/ERROR] [org.betterx.worlds.together.util.Logger/]: [worlds_together] Error for jar:file:///workspaces/SERVER/servidor_minecraft/mods/aquamirae-6.API15.jar: java.nio.file.NoSuchFileException: /fabric.mod.json
[07Apr2025 12:31:05.082] [main/ERROR] [org.betterx.worlds.together.util.Logger/]: [worlds_together] Error for jar:file:///workspaces/SERVER/servidor_minecraft/mods/ash_api-forge-3.0.2+1.20.1.jar: java.nio.file.NoSuchFileException: /fabric.mod.json
[07Apr2025 12:31:05.083] [main/ERROR] [org.betterx.worlds.together.util.Logger/]: [worlds_together] Error for jar:file:///workspaces/SERVER/servidor_minecraft/mods/factory_blocks-forge-1.4.0+mc1.20.1.jar: java.nio.file.NoSuchFileException: /fabric.mod.json
[07Apr2025 12:31:05.088] [main/ERROR] [org.betterx.worlds.together.util.Logger/]: [worlds_together] Error for jar:file:///workspaces/SERVER/servidor_minecraft/mods/NaturesCompass-1.20.1-1.11.2-forge.jar: java.nio.file.NoSuchFileException: /fabric.mod.json
[07Apr2025 12:31:05.091] [main/ERROR] [org.betterx.worlds.together.util.Logger/]: [worlds_together] Error for jar:file:///workspaces/SERVER/servidor_minecraft/mods/lost_aether_content-1.20.1-1.2.3.jar: java.nio.file.NoSuchFileException: /fabric.mod.json
[07Apr2025 12:31:05.092] [main/ERROR] [org.betterx.worlds.together.util.Logger/]: [worlds_together] Error for jar:file:///workspaces/SERVER/servidor_minecraft/mods/ftb-ultimine-forge-2001.1.5.jar: java.nio.file.NoSuchFileException: /fabric.mod.json
[07Apr2025 12:31:05.093] [main/ERROR] [org.betterx.worlds.together.util.Logger/]: [worlds_together] Error for jar:file:///workspaces/SERVER/servidor_minecraft/mods/monolib-forge-1.20.1-2.0.0.jar: java.nio.file.NoSuchFileException: /fabric.mod.json
[07Apr2025 12:31:05.096] [main/ERROR] [org.betterx.worlds.together.util.Logger/]: [worlds_together] Error for jar:file:///workspaces/SERVER/servidor_minecraft/mods/BiomesOPlenty-1.20.1-18.0.0.592.jar: java.nio.file.NoSuchFileException: /fabric.mod.json
[07Apr2025 12:31:05.097] [main/ERROR] [org.betterx.worlds.together.util.Logger/]: [worlds_together] Error for jar:file:///workspaces/SERVER/servidor_minecraft/mods/Searchables-forge-1.20.1-1.0.3.jar: java.nio.file.NoSuchFileException: /fabric.mod.json
[07Apr2025 12:31:05.098] [main/ERROR] [org.betterx.worlds.together.util.Logger/]: [worlds_together] Error for jar:file:///workspaces/SERVER/servidor_minecraft/mods/StorageDrawers-1.20.1-12.9.13.jar: java.nio.file.NoSuchFileException: /fabric.mod.json
[07Apr2025 12:31:05.099] [main/ERROR] [org.betterx.worlds.together.util.Logger/]: [worlds_together] Error for jar:file:///workspaces/SERVER/servidor_minecraft/mods/miners_delight-1.20.1-1.2.3.jar: java.nio.file.NoSuchFileException: /fabric.mod.json
[07Apr2025 12:31:05.099] [main/ERROR] [org.betterx.worlds.together.util.Logger/]: [worlds_together] Error for jar:file:///workspaces/SERVER/servidor_minecraft/mods/fabric-api-0.92.2+1.11.12+1.20.1.jar: java.nio.file.NoSuchFileException: /fabric.mod.json
[07Apr2025 12:31:05.099] [main/ERROR] [org.betterx.worlds.together.util.Logger/]: [worlds_together] Error for jar:file:///workspaces/SERVER/servidor_minecraft/mods/EnderStorage-1.20.1-2.11.0.188-universal.jar: java.nio.file.NoSuchFileException: /fabric.mod.json
[07Apr2025 12:31:05.100] [main/ERROR] [org.betterx.worlds.together.util.Logger/]: [worlds_together] Error for jar:file:///workspaces/SERVER/servidor_minecraft/mods/Paraglider-forge-20.1.3.jar: java.nio.file.NoSuchFileException: /fabric.mod.json
[07Apr2025 12:31:05.101] [main/ERROR] [org.betterx.worlds.together.util.Logger/]: [worlds_together] Error for jar:file:///workspaces/SERVER/servidor_minecraft/mods/waystones-forge-1.20.1-14.1.11.jar: java.nio.file.NoSuchFileException: /fabric.mod.json
[07Apr2025 12:31:05.101] [main/ERROR] [org.betterx.worlds.together.util.Logger/]: [worlds_together] Error for jar:file:///workspaces/SERVER/servidor_minecraft/mods/sodiumdynamiclights-forge-1.0.10-1.20.1.jar: java.nio.file.NoSuchFileException: /fabric.mod.json
[07Apr2025 12:31:05.101] [main/ERROR] [org.betterx.worlds.together.util.Logger/]: [worlds_together] Error for jar:file:///workspaces/SERVER/servidor_minecraft/mods/lmft-1.0.4+1.20.1-forge.jar: java.nio.file.NoSuchFileException: /fabric.mod.json
[07Apr2025 12:31:05.103] [main/ERROR] [org.betterx.worlds.together.util.Logger/]: [worlds_together] Error for jar:file:///workspaces/SERVER/servidor_minecraft/mods/reliquary-1.20.1-2.0.45.1248.jar: java.nio.file.NoSuchFileException: /fabric.mod.json
[07Apr2025 12:31:05.103] [main/ERROR] [org.betterx.worlds.together.util.Logger/]: [worlds_together] Error for jar:file:///workspaces/SERVER/servidor_minecraft/mods/moonlight-1.20-2.13.79-forge.jar: java.nio.file.NoSuchFileException: /fabric.mod.json
[07Apr2025 12:31:05.104] [main/ERROR] [org.betterx.worlds.together.util.Logger/]: [worlds_together] Error for jar:file:///workspaces/SERVER/servidor_minecraft/mods/integrated_api-1.5.3+1.20.1-forge.jar: java.nio.file.NoSuchFileException: /fabric.mod.json
[07Apr2025 12:31:05.106] [main/ERROR] [org.betterx.worlds.together.util.Logger/]: [worlds_together] Error for jar:file:///workspaces/SERVER/servidor_minecraft/mods/DungeonsArise-1.20.x-2.1.58-release.jar: java.nio.file.NoSuchFileException: /fabric.mod.json
[07Apr2025 12:31:05.108] [main/ERROR] [org.betterx.worlds.together.util.Logger/]: [worlds_together] Error for jar:file:///workspaces/SERVER/servidor_minecraft/mods/FarmersDelight-1.20.1-1.2.7.jar: java.nio.file.NoSuchFileException: /fabric.mod.json
[07Apr2025 12:31:05.108] [main/ERROR] [org.betterx.worlds.together.util.Logger/]: [worlds_together] Error for jar:file:///workspaces/SERVER/servidor_minecraft/mods/Highlighter-1.20.1-forge-1.1.9.jar: java.nio.file.NoSuchFileException: /fabric.mod.json
[07Apr2025 12:31:05.109] [main/ERROR] [org.betterx.worlds.together.util.Logger/]: [worlds_together] Error for jar:file:///workspaces/SERVER/servidor_minecraft/mods/shulkerboxtooltip-forge-4.0.4+1.20.1.jar: java.nio.file.NoSuchFileException: /fabric.mod.json
[07Apr2025 12:31:05.137] [main/ERROR] [org.betterx.worlds.together.util.Logger/]: [worlds_together] Error for jar:file:///workspaces/SERVER/servidor_minecraft/mods/chipped-forge-1.20.1-3.0.7.jar: java.nio.file.NoSuchFileException: /fabric.mod.json
[07Apr2025 12:31:05.138] [main/ERROR] [org.betterx.worlds.together.util.Logger/]: [worlds_together] Error for jar:file:///workspaces/SERVER/servidor_minecraft/mods/radium-mc1.20.1-0.12.4+git.26c9d8e.jar: java.nio.file.NoSuchFileException: /fabric.mod.json
[07Apr2025 12:31:05.139] [main/ERROR] [org.betterx.worlds.together.util.Logger/]: [worlds_together] Error for jar:file:///workspaces/SERVER/servidor_minecraft/mods/friendsandfoes-forge-mc1.20.1-3.0.9.jar: java.nio.file.NoSuchFileException: /fabric.mod.json
[07Apr2025 12:31:05.139] [main/ERROR] [org.betterx.worlds.together.util.Logger/]: [worlds_together] Error for jar:file:///workspaces/SERVER/servidor_minecraft/mods/CodeChickenLib-1.20.1-4.4.0.516-universal.jar: java.nio.file.NoSuchFileException: /fabric.mod.json
[07Apr2025 12:31:05.140] [main/ERROR] [org.betterx.worlds.together.util.Logger/]: [worlds_together] Error for jar:file:///workspaces/SERVER/servidor_minecraft/mods/Oh-The-Trees-Youll-Grow-forge-1.20.1-1.3.7.jar: java.nio.file.NoSuchFileException: /fabric.mod.json
[07Apr2025 12:31:05.141] [main/ERROR] [org.betterx.worlds.together.util.Logger/]: [worlds_together] Error for jar:file:///workspaces/SERVER/servidor_minecraft/mods/dungeons_enhanced-1.20.1-5.3.0.jar: java.nio.file.NoSuchFileException: /fabric.mod.json
[07Apr2025 12:31:05.149] [main/ERROR] [org.betterx.worlds.together.util.Logger/]: [worlds_together] Error for jar:file:///workspaces/SERVER/servidor_minecraft/mods/chisel-forge-2.0.0+mc1.20.1.jar: java.nio.file.NoSuchFileException: /fabric.mod.json
[07Apr2025 12:31:05.152] [main/ERROR] [org.betterx.worlds.together.util.Logger/]: [worlds_together] Error for jar:file:///workspaces/SERVER/servidor_minecraft/mods/Botania-1.20.1-448-FORGE.jar: java.nio.file.NoSuchFileException: /fabric.mod.json
[07Apr2025 12:31:05.153] [main/ERROR] [org.betterx.worlds.together.util.Logger/]: [worlds_together] Error for jar:file:///workspaces/SERVER/servidor_minecraft/mods/ftb-chunks-forge-2001.3.5.jar: java.nio.file.NoSuchFileException: /fabric.mod.json
[07Apr2025 12:31:05.155] [main/ERROR] [org.betterx.worlds.together.util.Logger/]: [worlds_together] Error for jar:file:///workspaces/SERVER/servidor_minecraft/mods/ad_astra-forge-1.20.1-1.15.20.jar: java.nio.file.NoSuchFileException: /fabric.mod.json
[07Apr2025 12:31:05.155] [main/ERROR] [org.betterx.worlds.together.util.Logger/]: [worlds_together] Error for jar:file:///workspaces/SERVER/servidor_minecraft/mods/Placebo-1.20.1-8.6.3.jar: java.nio.file.NoSuchFileException: /fabric.mod.json
[07Apr2025 12:31:05.155] [main/ERROR] [org.betterx.worlds.together.util.Logger/]: [worlds_together] Error for jar:file:///workspaces/SERVER/servidor_minecraft/mods/endersdelight-1.20.1-1.0.3.jar: java.nio.file.NoSuchFileException: /fabric.mod.json
[07Apr2025 12:31:05.156] [main/ERROR] [org.betterx.worlds.together.util.Logger/]: [worlds_together] Error for jar:file:///workspaces/SERVER/servidor_minecraft/mods/Controlling-forge-1.20.1-12.0.2.jar: java.nio.file.NoSuchFileException: /fabric.mod.json
[07Apr2025 12:31:05.156] [main/ERROR] [org.betterx.worlds.together.util.Logger/]: [worlds_together] Error for jar:file:///workspaces/SERVER/servidor_minecraft/mods/aether_protect_your_moa-1.20.1-1.0.0-neoforge.jar: java.nio.file.NoSuchFileException: /fabric.mod.json
[07Apr2025 12:31:05.156] [main/ERROR] [org.betterx.worlds.together.util.Logger/]: [worlds_together] Error for jar:file:///workspaces/SERVER/servidor_minecraft/mods/watut-forge-1.20.1-1.2.3.jar: java.nio.file.NoSuchFileException: /fabric.mod.json
[07Apr2025 12:31:05.163] [main/ERROR] [org.betterx.worlds.together.util.Logger/]: [worlds_together] Error for jar:file:///workspaces/SERVER/servidor_minecraft/mods/deeperdarker-forge-1.20.1-1.3.3.jar: java.nio.file.NoSuchFileException: /fabric.mod.json
[07Apr2025 12:31:05.164] [main/ERROR] [org.betterx.worlds.together.util.Logger/]: [worlds_together] Error for jar:file:///workspaces/SERVER/servidor_minecraft/mods/connectedglass-1.1.12-forge-mc1.20.1.jar: java.nio.file.NoSuchFileException: /fabric.mod.json
[07Apr2025 12:31:05.168] [main/ERROR] [org.betterx.worlds.together.util.Logger/]: [worlds_together] Error for jar:file:///workspaces/SERVER/servidor_minecraft/mods/blue_skies-1.20.1-1.3.31.jar: java.nio.file.NoSuchFileException: /fabric.mod.json
[07Apr2025 12:31:05.168] [main/ERROR] [org.betterx.worlds.together.util.Logger/]: [worlds_together] Error for jar:file:///workspaces/SERVER/servidor_minecraft/mods/Measurements-forge-1.20.1-2.0.0.jar: java.nio.file.NoSuchFileException: /fabric.mod.json
[07Apr2025 12:31:05.168] [main/ERROR] [org.betterx.worlds.together.util.Logger/]: [worlds_together] Error for jar:file:///workspaces/SERVER/servidor_minecraft/mods/ftb-teams-forge-2001.3.1.jar: java.nio.file.NoSuchFileException: /fabric.mod.json
[07Apr2025 12:31:05.168] [main/ERROR] [org.betterx.worlds.together.util.Logger/]: [worlds_together] Error for jar:file:///workspaces/SERVER/servidor_minecraft/mods/aether_enhanced_extinguishing-1.20.1-1.0.0-neoforge.jar: java.nio.file.NoSuchFileException: /fabric.mod.json
[07Apr2025 12:31:05.170] [main/ERROR] [org.betterx.worlds.together.util.Logger/]: [worlds_together] Error for jar:file:///workspaces/SERVER/servidor_minecraft/mods/Jadens-Nether-Expansion-2.2.1.jar: java.nio.file.NoSuchFileException: /fabric.mod.json
[07Apr2025 12:31:05.171] [main/ERROR] [org.betterx.worlds.together.util.Logger/]: [worlds_together] Error for jar:file:///workspaces/SERVER/servidor_minecraft/mods/lionfishapi-2.4-Fix.jar: java.nio.file.NoSuchFileException: /fabric.mod.json
[07Apr2025 12:31:05.171] [main/ERROR] [org.betterx.worlds.together.util.Logger/]: [worlds_together] Error for jar:file:///workspaces/SERVER/servidor_minecraft/mods/Bookshelf-Forge-1.20.1-20.2.13.jar: java.nio.file.NoSuchFileException: /fabric.mod.json
[07Apr2025 12:31:05.172] [main/ERROR] [org.betterx.worlds.together.util.Logger/]: [worlds_together] Error for jar:file:///workspaces/SERVER/servidor_minecraft/mods/Connector-1.0.0-beta.46+1.20.1.jar: java.nio.file.NoSuchFileException: /fabric.mod.json
[07Apr2025 12:31:05.172] [main/ERROR] [org.betterx.worlds.together.util.Logger/]: [worlds_together] Error for jar:file:///workspaces/SERVER/servidor_minecraft/mods/flib-1.20.1-0.0.15.jar: java.nio.file.NoSuchFileException: /fabric.mod.json
[07Apr2025 12:31:05.172] [main/ERROR] [org.betterx.worlds.together.util.Logger/]: [worlds_together] Error for jar:file:///workspaces/SERVER/servidor_minecraft/mods/goblintraders-forge-1.20.1-1.9.3.jar: java.nio.file.NoSuchFileException: /fabric.mod.json
[07Apr2025 12:31:05.173] [main/ERROR] [org.betterx.worlds.together.util.Logger/]: [worlds_together] Error for jar:file:///workspaces/SERVER/servidor_minecraft/mods/resourcefulconfig-forge-1.20.1-2.1.3.jar: java.nio.file.NoSuchFileException: /fabric.mod.json
[07Apr2025 12:31:05.173] [main/ERROR] [org.betterx.worlds.together.util.Logger/]: [worlds_together] Error for jar:file:///workspaces/SERVER/servidor_minecraft/mods/embeddium-0.3.31+mc1.20.1.jar: java.nio.file.NoSuchFileException: /fabric.mod.json
[07Apr2025 12:31:05.173] [main/ERROR] [org.betterx.worlds.together.util.Logger/]: [worlds_together] Error for jar:file:///workspaces/SERVER/servidor_minecraft/mods/formations-1.0.3-forge-mc1.20.2.jar: java.nio.file.NoSuchFileException: /fabric.mod.json
[07Apr2025 12:31:05.174] [main/ERROR] [org.betterx.worlds.together.util.Logger/]: [worlds_together] Error for jar:file:///workspaces/SERVER/servidor_minecraft/mods/mes-1.3.4-1.20-forge.jar: java.nio.file.NoSuchFileException: /fabric.mod.json
[07Apr2025 12:31:05.177] [main/ERROR] [org.betterx.worlds.together.util.Logger/]: [worlds_together] Error for jar:file:///workspaces/SERVER/servidor_minecraft/mods/Corgilib-Forge-1.20.1-4.0.3.3.jar: java.nio.file.NoSuchFileException: /fabric.mod.json
[07Apr2025 12:31:05.177] [main/ERROR] [org.betterx.worlds.together.util.Logger/]: [worlds_together] Error for jar:file:///workspaces/SERVER/servidor_minecraft/mods/Zeta-1.0-29.jar: java.nio.file.NoSuchFileException: /fabric.mod.json
[07Apr2025 12:31:05.178] [main/ERROR] [org.betterx.worlds.together.util.Logger/]: [worlds_together] Error for jar:file:///workspaces/SERVER/servidor_minecraft/mods/athena-forge-1.20.1-3.1.2.jar: java.nio.file.NoSuchFileException: /fabric.mod.json
[07Apr2025 12:31:05.178] [main/ERROR] [org.betterx.worlds.together.util.Logger/]: [worlds_together] Error for jar:file:///workspaces/SERVER/servidor_minecraft/mods/amendments-1.20-1.2.19.jar: java.nio.file.NoSuchFileException: /fabric.mod.json
[07Apr2025 12:31:05.178] [main/ERROR] [org.betterx.worlds.together.util.Logger/]: [worlds_together] Error for jar:file:///workspaces/SERVER/servidor_minecraft/mods/justzoom_forge_2.1.1_MC_1.20.1.jar: java.nio.file.NoSuchFileException: /fabric.mod.json
[07Apr2025 12:31:05.179] [main/ERROR] [org.betterx.worlds.together.util.Logger/]: [worlds_together] Error for jar:file:///workspaces/SERVER/servidor_minecraft/mods/BridgingMod-2.5.1+1.20.1.forge-release.jar: java.nio.file.NoSuchFileException: /fabric.mod.json
[07Apr2025 12:31:05.179] [main/ERROR] [org.betterx.worlds.together.util.Logger/]: [worlds_together] Error for jar:file:///workspaces/SERVER/servidor_minecraft/mods/betterarcheology-1.2.1-1.20.1.jar: java.nio.file.NoSuchFileException: /fabric.mod.json
[07Apr2025 12:31:05.183] [main/ERROR] [org.betterx.worlds.together.util.Logger/]: [worlds_together] Error for jar:file:///workspaces/SERVER/servidor_minecraft/mods/alexscaves-2.0.2.jar: java.nio.file.NoSuchFileException: /fabric.mod.json
[07Apr2025 12:31:05.183] [main/ERROR] [org.betterx.worlds.together.util.Logger/]: [worlds_together] Error for jar:file:///workspaces/SERVER/servidor_minecraft/mods/forgivingvoid-forge-1.20-10.0.1.jar: java.nio.file.NoSuchFileException: /fabric.mod.json
[07Apr2025 12:31:05.183] [main/ERROR] [org.betterx.worlds.together.util.Logger/]: [worlds_together] Error for jar:file:///workspaces/SERVER/servidor_minecraft/mods/midnightlib-forge-1.4.2.jar: java.nio.file.NoSuchFileException: /fabric.mod.json
[07Apr2025 12:31:05.186] [main/ERROR] [org.betterx.worlds.together.util.Logger/]: [worlds_together] Error for jar:file:///workspaces/SERVER/servidor_minecraft/mods/repurposed_structures-7.1.15+1.20.1-forge.jar: java.nio.file.NoSuchFileException: /fabric.mod.json
[07Apr2025 12:31:05.187] [main/ERROR] [org.betterx.worlds.together.util.Logger/]: [worlds_together] Error for jar:file:///workspaces/SERVER/servidor_minecraft/mods/EasyMagic-v8.0.1-1.20.1-Forge.jar: java.nio.file.NoSuchFileException: /fabric.mod.json
[07Apr2025 12:31:05.187] [main/ERROR] [org.betterx.worlds.together.util.Logger/]: [worlds_together] Error for jar:file:///workspaces/SERVER/servidor_minecraft/mods/curios-forge-5.12.1+1.20.1.jar: java.nio.file.NoSuchFileException: /fabric.mod.json
[07Apr2025 12:31:05.188] [main/ERROR] [org.betterx.worlds.together.util.Logger/]: [worlds_together] Error for jar:file:///workspaces/SERVER/servidor_minecraft/mods/sophisticatedcore-1.20.1-1.2.29.916.jar: java.nio.file.NoSuchFileException: /fabric.mod.json
[07Apr2025 12:31:05.188] [main/ERROR] [org.betterx.worlds.together.util.Logger/]: [worlds_together] Error for jar:file:///workspaces/SERVER/servidor_minecraft/mods/variantsandventures-forge-mc1.20.1-1.0.6.jar: java.nio.file.NoSuchFileException: /fabric.mod.json
[07Apr2025 12:31:05.188] [main/ERROR] [org.betterx.worlds.together.util.Logger/]: [worlds_together] Error for jar:file:///workspaces/SERVER/servidor_minecraft/mods/farmingforblockheads-forge-1.20.1-14.0.2.jar: java.nio.file.NoSuchFileException: /fabric.mod.json
[07Apr2025 12:31:05.189] [main/ERROR] [org.betterx.worlds.together.util.Logger/]: [worlds_together] Error for jar:file:///workspaces/SERVER/servidor_minecraft/mods/artifacts-forge-9.5.15.jar: java.nio.file.NoSuchFileException: /fabric.mod.json
[07Apr2025 12:31:05.189] [main/ERROR] [org.betterx.worlds.together.util.Logger/]: [worlds_together] Error for jar:file:///workspaces/SERVER/servidor_minecraft/mods/YungsBetterJungleTemples-1.20-Forge-2.0.5.jar: java.nio.file.NoSuchFileException: /fabric.mod.json
[07Apr2025 12:31:05.189] [main/ERROR] [org.betterx.worlds.together.util.Logger/]: [worlds_together] Error for jar:file:///workspaces/SERVER/servidor_minecraft/mods/konkrete_forge_1.8.0_MC_1.20-1.20.1.jar: java.nio.file.NoSuchFileException: /fabric.mod.json
[07Apr2025 12:31:05.190] [main/ERROR] [org.betterx.worlds.together.util.Logger/]: [worlds_together] Error for jar:file:///workspaces/SERVER/servidor_minecraft/mods/integrated_cataclysm_forge-1.0.4+1.20.1.jar: java.nio.file.NoSuchFileException: /fabric.mod.json
[07Apr2025 12:31:05.191] [main/ERROR] [org.betterx.worlds.together.util.Logger/]: [worlds_together] Error for jar:file:///workspaces/SERVER/servidor_minecraft/mods/Apotheosis-1.20.1-7.4.6.jar: java.nio.file.NoSuchFileException: /fabric.mod.json
[07Apr2025 12:31:05.191] [main/ERROR] [org.betterx.worlds.together.util.Logger/]: [worlds_together] Error for jar:file:///workspaces/SERVER/servidor_minecraft/mods/polymorph-forge-0.49.9+1.20.1.jar: java.nio.file.NoSuchFileException: /fabric.mod.json
[07Apr2025 12:31:05.191] [main/ERROR] [org.betterx.worlds.together.util.Logger/]: [worlds_together] Error for jar:file:///workspaces/SERVER/servidor_minecraft/mods/carryon-forge-1.20.1-2.1.2.7.jar: java.nio.file.NoSuchFileException: /fabric.mod.json
[07Apr2025 12:31:05.192] [main/ERROR] [org.betterx.worlds.together.util.Logger/]: [worlds_together] Error for jar:file:///workspaces/SERVER/servidor_minecraft/mods/MouseTweaks-forge-mc1.20.1-2.25.1.jar: java.nio.file.NoSuchFileException: /fabric.mod.json
[07Apr2025 12:31:05.192] [main/ERROR] [org.betterx.worlds.together.util.Logger/]: [worlds_together] Error for jar:file:///workspaces/SERVER/servidor_minecraft/mods/geckolib-forge-1.20.1-4.7.1.2.jar: java.nio.file.NoSuchFileException: /fabric.mod.json
[07Apr2025 12:31:05.192] [main/ERROR] [org.betterx.worlds.together.util.Logger/]: [worlds_together] Error for jar:file:///workspaces/SERVER/servidor_minecraft/mods/nethersdelight-1.20.1-4.0.jar: java.nio.file.NoSuchFileException: /fabric.mod.json
[07Apr2025 12:31:05.193] [main/ERROR] [org.betterx.worlds.together.util.Logger/]: [worlds_together] Error for jar:file:///workspaces/SERVER/servidor_minecraft/mods/mixininheaven-mc1.17.1-1.20-v0.0.1-hotfix.jar: java.nio.file.NoSuchFileException: /fabric.mod.json
[07Apr2025 12:31:05.193] [main/ERROR] [org.betterx.worlds.together.util.Logger/]: [worlds_together] Error for jar:file:///workspaces/SERVER/servidor_minecraft/mods/integrated_minecraft_forge-1.0.10+1.20.1.jar: java.nio.file.NoSuchFileException: /fabric.mod.json
[07Apr2025 12:31:05.194] [main/ERROR] [org.betterx.worlds.together.util.Logger/]: [worlds_together] Error for jar:file:///workspaces/SERVER/servidor_minecraft/mods/jei-1.20.1-forge-15.20.0.106.jar: java.nio.file.NoSuchFileException: /fabric.mod.json
[07Apr2025 12:31:05.194] [main/ERROR] [org.betterx.worlds.together.util.Logger/]: [worlds_together] Error for jar:file:///workspaces/SERVER/servidor_minecraft/mods/endermanoverhaul-forge-1.20.1-1.0.4.jar: java.nio.file.NoSuchFileException: /fabric.mod.json
[07Apr2025 12:31:05.195] [main/ERROR] [org.betterx.worlds.together.util.Logger/]: [worlds_together] Error for jar:file:///workspaces/SERVER/servidor_minecraft/mods/corpse-forge-1.20.1-1.0.20.jar: java.nio.file.NoSuchFileException: /fabric.mod.json
[07Apr2025 12:31:05.196] [main/ERROR] [org.betterx.worlds.together.util.Logger/]: [worlds_together] Error for jar:file:///workspaces/SERVER/servidor_minecraft/mods/sophisticatedstorage-1.20.1-1.3.15.1090.jar: java.nio.file.NoSuchFileException: /fabric.mod.json
[07Apr2025 12:31:05.196] [main/ERROR] [org.betterx.worlds.together.util.Logger/]: [worlds_together] Error for jar:file:///workspaces/SERVER/servidor_minecraft/mods/YungsBetterMineshafts-1.20-Forge-4.0.4.jar: java.nio.file.NoSuchFileException: /fabric.mod.json
[07Apr2025 12:31:05.196] [main/ERROR] [org.betterx.worlds.together.util.Logger/]: [worlds_together] Error for jar:file:///workspaces/SERVER/servidor_minecraft/mods/pylons-1.20.1-4.2.1.jar: java.nio.file.NoSuchFileException: /fabric.mod.json
[07Apr2025 12:31:05.196] [main/ERROR] [org.betterx.worlds.together.util.Logger/]: [worlds_together] Error for jar:file:///workspaces/SERVER/servidor_minecraft/mods/crafting-on-a-stick-1.20.1-1.1.5.jar: java.nio.file.NoSuchFileException: /fabric.mod.json
[07Apr2025 12:31:05.197] [main/ERROR] [org.betterx.worlds.together.util.Logger/]: [worlds_together] Error for jar:file:///workspaces/SERVER/servidor_minecraft/mods/YungsBetterStrongholds-1.20-Forge-4.0.3.jar: java.nio.file.NoSuchFileException: /fabric.mod.json
[07Apr2025 12:31:05.197] [main/ERROR] [org.betterx.worlds.together.util.Logger/]: [worlds_together] Error for jar:file:///workspaces/SERVER/servidor_minecraft/mods/Iceberg-1.20.1-forge-1.1.25.jar: java.nio.file.NoSuchFileException: /fabric.mod.json
[07Apr2025 12:31:05.199] [main/ERROR] [org.betterx.worlds.together.util.Logger/]: [worlds_together] Error for jar:file:///workspaces/SERVER/servidor_minecraft/mods/alexsmobs-1.22.9.jar: java.nio.file.NoSuchFileException: /fabric.mod.json
[07Apr2025 12:31:05.199] [main/ERROR] [org.betterx.worlds.together.util.Logger/]: [worlds_together] Error for jar:file:///workspaces/SERVER/servidor_minecraft/mods/inventorysorter-1.20.1-23.0.8.jar: java.nio.file.NoSuchFileException: /fabric.mod.json
[07Apr2025 12:31:05.201] [main/ERROR] [org.betterx.worlds.together.util.Logger/]: [worlds_together] Error for jar:file:///workspaces/SERVER/servidor_minecraft/mods/mowziesmobs-1.7.1.jar: java.nio.file.NoSuchFileException: /fabric.mod.json
[07Apr2025 12:31:05.201] [main/ERROR] [org.betterx.worlds.together.util.Logger/]: [worlds_together] Error for jar:file:///workspaces/SERVER/servidor_minecraft/mods/rubidium-extra-0.5.4.4+mc1.20.1-build.131.jar: java.nio.file.NoSuchFileException: /fabric.mod.json
[07Apr2025 12:31:05.202] [main/ERROR] [org.betterx.worlds.together.util.Logger/]: [worlds_together] Error for jar:file:///workspaces/SERVER/servidor_minecraft/mods/luminax-1.2.2_forge_1.20.1.jar: java.nio.file.NoSuchFileException: /fabric.mod.json
[07Apr2025 12:31:05.202] [main/ERROR] [org.betterx.worlds.together.util.Logger/]: [worlds_together] Error for jar:file:///workspaces/SERVER/servidor_minecraft/mods/ecologics-forge-1.20.1-2.2.0.jar: java.nio.file.NoSuchFileException: /fabric.mod.json
[07Apr2025 12:31:05.203] [main/ERROR] [org.betterx.worlds.together.util.Logger/]: [worlds_together] Error for jar:file:///workspaces/SERVER/servidor_minecraft/mods/trade-cycling-forge-1.20.1-1.0.7.jar: java.nio.file.NoSuchFileException: /fabric.mod.json
[07Apr2025 12:31:05.203] [main/ERROR] [org.betterx.worlds.together.util.Logger/]: [worlds_together] Error for jar:file:///workspaces/SERVER/servidor_minecraft/mods/Patchouli-1.20.1-84.1-FORGE.jar: java.nio.file.NoSuchFileException: /fabric.mod.json
[07Apr2025 12:31:05.204] [main/ERROR] [org.betterx.worlds.together.util.Logger/]: [worlds_together] Error for jar:file:///workspaces/SERVER/servidor_minecraft/mods/Twigs-1.20.1-3.1.0.jar: java.nio.file.NoSuchFileException: /fabric.mod.json
[07Apr2025 12:31:05.205] [main/ERROR] [org.betterx.worlds.together.util.Logger/]: [worlds_together] Error for jar:file:///workspaces/SERVER/servidor_minecraft/mods/ftb-quests-forge-2001.4.12.jar: java.nio.file.NoSuchFileException: /fabric.mod.json
[07Apr2025 12:31:05.205] [main/ERROR] [org.betterx.worlds.together.util.Logger/]: [worlds_together] Error for jar:file:///workspaces/SERVER/servidor_minecraft/mods/SkyVillages-1.0.4-1.19.2-1.20.1-forge-release.jar: java.nio.file.NoSuchFileException: /fabric.mod.json
[07Apr2025 12:31:05.205] [main/ERROR] [org.betterx.worlds.together.util.Logger/]: [worlds_together] Error for jar:file:///workspaces/SERVER/servidor_minecraft/mods/advancednetherite-forge-2.1.3-1.20.1.jar: java.nio.file.NoSuchFileException: /fabric.mod.json
[07Apr2025 12:31:05.209] [main/ERROR] [org.betterx.worlds.together.util.Logger/]: [worlds_together] Error for jar:file:///workspaces/SERVER/servidor_minecraft/mods/Quark-4.0-461.jar: java.nio.file.NoSuchFileException: /fabric.mod.json
[07Apr2025 12:31:05.209] [main/ERROR] [org.betterx.worlds.together.util.Logger/]: [worlds_together] Error for jar:file:///workspaces/SERVER/servidor_minecraft/mods/simplemagnets-1.1.12-forge-mc1.20.1.jar: java.nio.file.NoSuchFileException: /fabric.mod.json
[07Apr2025 12:31:05.209] [main/ERROR] [org.betterx.worlds.together.util.Logger/]: [worlds_together] Error for jar:file:///workspaces/SERVER/servidor_minecraft/mods/ApothicAttributes-1.20.1-1.3.7.jar: java.nio.file.NoSuchFileException: /fabric.mod.json
[07Apr2025 12:31:05.210] [main/ERROR] [org.betterx.worlds.together.util.Logger/]: [worlds_together] Error for jar:file:///workspaces/SERVER/servidor_minecraft/mods/EnchantmentDescriptions-Forge-1.20.1-17.1.19.jar: java.nio.file.NoSuchFileException: /fabric.mod.json
[07Apr2025 12:31:05.210] [main/ERROR] [org.betterx.worlds.together.util.Logger/]: [worlds_together] Error for jar:file:///workspaces/SERVER/servidor_minecraft/mods/structureessentials-1.20.1-4.6.jar: java.nio.file.NoSuchFileException: /fabric.mod.json
[07Apr2025 12:31:05.210] [main/ERROR] [org.betterx.worlds.together.util.Logger/]: [worlds_together] Error for jar:file:///workspaces/SERVER/servidor_minecraft/mods/charmofundying-forge-6.5.0+1.20.1.jar: java.nio.file.NoSuchFileException: /fabric.mod.json
[07Apr2025 12:31:05.210] [main/ERROR] [org.betterx.worlds.together.util.Logger/]: [worlds_together] Error for jar:file:///workspaces/SERVER/servidor_minecraft/mods/YungsBetterWitchHuts-1.20-Forge-3.0.3.jar: java.nio.file.NoSuchFileException: /fabric.mod.json
[07Apr2025 12:31:05.211] [main/ERROR] [org.betterx.worlds.together.util.Logger/]: [worlds_together] Error for jar:file:///workspaces/SERVER/servidor_minecraft/mods/saturn-mc1.20.1-0.1.3.jar: java.nio.file.NoSuchFileException: /fabric.mod.json
[07Apr2025 12:31:05.211] [main/ERROR] [org.betterx.worlds.together.util.Logger/]: [worlds_together] Error for jar:file:///workspaces/SERVER/servidor_minecraft/mods/chat_heads-0.13.13-forge-1.20.jar: java.nio.file.NoSuchFileException: /fabric.mod.json
[07Apr2025 12:31:05.211] [main/ERROR] [org.betterx.worlds.together.util.Logger/]: [worlds_together] Error for jar:file:///workspaces/SERVER/servidor_minecraft/mods/netherportalfix-forge-1.20-13.0.1.jar: java.nio.file.NoSuchFileException: /fabric.mod.json
[07Apr2025 12:31:05.212] [main/ERROR] [org.betterx.worlds.together.util.Logger/]: [worlds_together] Error for jar:file:///workspaces/SERVER/servidor_minecraft/mods/YungsBetterNetherFortresses-1.20-Forge-2.0.6.jar: java.nio.file.NoSuchFileException: /fabric.mod.json
[07Apr2025 12:31:05.214] [main/ERROR] [org.betterx.worlds.together.util.Logger/]: [worlds_together] Error for jar:file:///workspaces/SERVER/servidor_minecraft/mods/ars_nouveau-1.20.1-4.12.6-all.jar: java.nio.file.NoSuchFileException: /fabric.mod.json
[07Apr2025 12:31:05.214] [main/ERROR] [org.betterx.worlds.together.util.Logger/]: [worlds_together] Error for jar:file:///workspaces/SERVER/servidor_minecraft/mods/ftb-essentials-forge-2001.2.2.jar: java.nio.file.NoSuchFileException: /fabric.mod.json
[07Apr2025 12:31:05.215] [main/ERROR] [org.betterx.worlds.together.util.Logger/]: [worlds_together] Error for jar:file:///workspaces/SERVER/servidor_minecraft/mods/idas_forge-1.11.1+1.20.1.jar: java.nio.file.NoSuchFileException: /fabric.mod.json
[07Apr2025 12:31:05.215] [main/ERROR] [org.betterx.worlds.together.util.Logger/]: [worlds_together] Error for jar:file:///workspaces/SERVER/servidor_minecraft/mods/betterendcities-1.0.0-1.20.1.jar: java.nio.file.NoSuchFileException: /fabric.mod.json
[07Apr2025 12:31:05.216] [main/ERROR] [org.betterx.worlds.together.util.Logger/]: [worlds_together] Error for jar:file:///workspaces/SERVER/servidor_minecraft/mods/solcarrot-1.20.1-1.15.1.jar: java.nio.file.NoSuchFileException: /fabric.mod.json
[07Apr2025 12:31:05.216] [main/ERROR] [org.betterx.worlds.together.util.Logger/]: [worlds_together] Error for jar:file:///workspaces/SERVER/servidor_minecraft/mods/voicechat-forge-1.20.1-2.5.26.jar: java.nio.file.NoSuchFileException: /fabric.mod.json
[07Apr2025 12:31:05.217] [main/ERROR] [org.betterx.worlds.together.util.Logger/]: [worlds_together] Error for jar:file:///workspaces/SERVER/servidor_minecraft/mods/obscure_api-15.jar: java.nio.file.NoSuchFileException: /fabric.mod.json
[07Apr2025 12:31:05.217] [main/ERROR] [org.betterx.worlds.together.util.Logger/]: [worlds_together] Error for jar:file:///workspaces/SERVER/servidor_minecraft/mods/potionsmaster-1.20.1-47.1.70-0.6.0.jar: java.nio.file.NoSuchFileException: /fabric.mod.json
[07Apr2025 12:31:05.217] [main/ERROR] [org.betterx.worlds.together.util.Logger/]: [worlds_together] Error for jar:file:///workspaces/SERVER/servidor_minecraft/mods/FastLeafDecay-32.jar: java.nio.file.NoSuchFileException: /fabric.mod.json
[07Apr2025 12:31:05.217] [main/ERROR] [org.betterx.worlds.together.util.Logger/]: [worlds_together] Error for jar:file:///workspaces/SERVER/servidor_minecraft/mods/notenoughcrashes-4.4.7+1.20.1-forge.jar: java.nio.file.NoSuchFileException: /fabric.mod.json
[07Apr2025 12:31:05.218] [main/ERROR] [org.betterx.worlds.together.util.Logger/]: [worlds_together] Error for jar:file:///workspaces/SERVER/servidor_minecraft/mods/totw_modded-forge-1.20.1-1.0.6.jar: java.nio.file.NoSuchFileException: /fabric.mod.json
[07Apr2025 12:31:05.218] [main/ERROR] [org.betterx.worlds.together.util.Logger/]: [worlds_together] Error for jar:file:///workspaces/SERVER/servidor_minecraft/mods/elevatorid-1.20.1-lex-1.9.jar: java.nio.file.NoSuchFileException: /fabric.mod.json
[07Apr2025 12:31:05.218] [main/ERROR] [org.betterx.worlds.together.util.Logger/]: [worlds_together] Error for jar:file:///workspaces/SERVER/servidor_minecraft/mods/baubley-heart-canisters-1.20.1-1.1.0.jar: java.nio.file.NoSuchFileException: /fabric.mod.json
[07Apr2025 12:31:05.219] [main/ERROR] [org.betterx.worlds.together.util.Logger/]: [worlds_together] Error for jar:file:///workspaces/SERVER/servidor_minecraft/mods/tempad-forge-1.20.1-2.3.4.jar: java.nio.file.NoSuchFileException: /fabric.mod.json
[07Apr2025 12:31:05.219] [main/ERROR] [org.betterx.worlds.together.util.Logger/]: [worlds_together] Error for jar:file:///workspaces/SERVER/servidor_minecraft/mods/ElysiumAPI-1.20.1-1.0.2.jar: java.nio.file.NoSuchFileException: /fabric.mod.json
[07Apr2025 12:31:05.219] [main/ERROR] [org.betterx.worlds.together.util.Logger/]: [worlds_together] Error for jar:file:///workspaces/SERVER/servidor_minecraft/mods/rhino-forge-2001.2.3-build.10.jar: java.nio.file.NoSuchFileException: /fabric.mod.json
[07Apr2025 12:31:05.220] [main/ERROR] [org.betterx.worlds.together.util.Logger/]: [worlds_together] Error for jar:file:///workspaces/SERVER/servidor_minecraft/mods/coroutil-forge-1.20.1-1.3.7.jar: java.nio.file.NoSuchFileException: /fabric.mod.json
[07Apr2025 12:31:05.220] [main/ERROR] [org.betterx.worlds.together.util.Logger/]: [worlds_together] Error for jar:file:///workspaces/SERVER/servidor_minecraft/mods/lootr-forge-1.20-0.7.35.91.jar: java.nio.file.NoSuchFileException: /fabric.mod.json
[07Apr2025 12:31:05.221] [main/ERROR] [org.betterx.worlds.together.util.Logger/]: [worlds_together] Error for jar:file:///workspaces/SERVER/servidor_minecraft/mods/citadel-2.6.1-1.20.1.jar: java.nio.file.NoSuchFileException: /fabric.mod.json
[07Apr2025 12:31:05.221] [main/ERROR] [org.betterx.worlds.together.util.Logger/]: [worlds_together] Error for jar:file:///workspaces/SERVER/servidor_minecraft/mods/cosmeticarmorreworked-1.20.1-v1a.jar: java.nio.file.NoSuchFileException: /fabric.mod.json
[07Apr2025 12:31:05.222] [main/ERROR] [org.betterx.worlds.together.util.Logger/]: [worlds_together] Error for jar:file:///workspaces/SERVER/servidor_minecraft/mods/elytraslot-forge-6.4.4+1.20.1.jar: java.nio.file.NoSuchFileException: /fabric.mod.json
[07Apr2025 12:31:05.224] [main/INFO] [org.betterx.worlds.together.util.Logger/]: [bclib] Enforcing Correct Generator for minecraft:the_nether.
[07Apr2025 12:31:05.225] [main/INFO] [org.betterx.worlds.together.util.Logger/]: [bclib] Updating Pickers for BCLib - Nether BiomeSource (5ecfedb4)
[07Apr2025 12:31:05.263] [main/INFO] [org.betterx.worlds.together.util.Logger/]: [bclib] Make sure features are loaded from terrablender:org.betterx.bclib.api.v2.generator.BCLibNetherBiomeSource
[07Apr2025 12:31:05.267] [main/INFO] [org.betterx.worlds.together.util.Logger/]: [bclib] Updating Pickers for BCLib - The End  BiomeSource (7b546b38)
[07Apr2025 12:31:05.271] [main/INFO] [org.betterx.worlds.together.util.Logger/]: [worlds_together] Loading originally configured Dimensions in World.
[07Apr2025 12:31:05.271] [main/INFO] [org.betterx.worlds.together.util.Logger/]: [betternether] Freeze Registry[ResourceKey[minecraft:root / worlds_together:worldgen/betterx/surface_rules] (Stable)]
[07Apr2025 12:31:06.145] [Server thread/INFO] [net.minecraft.server.dedicated.DedicatedServer/]: Starting minecraft server version 1.20.1
[07Apr2025 12:31:06.145] [Server thread/INFO] [net.minecraft.server.dedicated.DedicatedServer/]: Loading properties
[07Apr2025 12:31:06.145] [Server thread/INFO] [net.minecraft.server.dedicated.DedicatedServer/]: Default game type: SURVIVAL
[07Apr2025 12:31:06.145] [Server thread/INFO] [net.minecraft.server.MinecraftServer/]: Generating keypair
[07Apr2025 12:31:06.266] [Server thread/INFO] [net.minecraft.server.dedicated.DedicatedServer/]: Starting Minecraft server on *:25565
[07Apr2025 12:31:06.309] [Server thread/INFO] [net.minecraft.server.network.ServerConnectionListener/]: Using epoll channel type
[07Apr2025 12:31:06.409] [Server thread/WARN] [net.minecraft.server.dedicated.DedicatedServer/]: **** SERVER IS RUNNING IN OFFLINE/INSECURE MODE!
[07Apr2025 12:31:06.410] [Server thread/WARN] [net.minecraft.server.dedicated.DedicatedServer/]: The server will make no attempt to authenticate usernames. Beware.
[07Apr2025 12:31:06.410] [Server thread/WARN] [net.minecraft.server.dedicated.DedicatedServer/]: While this makes the game possible to play without internet access, it also opens up the ability for hackers to connect with any username they choose.
[07Apr2025 12:31:06.410] [Server thread/WARN] [net.minecraft.server.dedicated.DedicatedServer/]: To change this, set "online-mode" to "true" in the server.properties file.
[07Apr2025 12:31:06.420] [Server thread/INFO] [org.betterx.worlds.together.util.Logger/]: [betternether] Freeze Registry[ResourceKey[minecraft:root / worlds_together:worldgen/betterx/surface_rules] (Stable)]
[07Apr2025 12:31:06.494] [Server thread/INFO] [Puzzles Lib/]: Loading server config for easymagic
[07Apr2025 12:31:06.496] [Server thread/INFO] [journeymap/]: Loading JourneyMap Forge Configs
[07Apr2025 12:31:07.044] [Server thread/INFO] [FTB Teams/]: loaded team data: 2 known players, 3 teams total
[07Apr2025 12:31:07.326] [Server thread/INFO] [zeta/]: Server starting, accepting filewatcher changes for zeta's config
[07Apr2025 12:31:07.328] [Server thread/INFO] [Framework/]: Loading server configs...
[07Apr2025 12:31:07.336] [Server thread/INFO] [quark-zeta/]: Server starting, accepting filewatcher changes for quark's config
[07Apr2025 12:31:08.370] [Server thread/INFO] [terrablender/]: Initialized TerraBlender biomes for level stem minecraft:overworld
[07Apr2025 12:31:08.372] [Server thread/INFO] [net.jadenxgamer.elysium_api.Elysium/]: ElysiumBiomeSource successfully initialized for minecraft:overworld
[07Apr2025 12:31:08.373] [Server thread/INFO] [org.betterx.worlds.together.util.Logger/]: [bclib] Updating Pickers for BCLib - Nether BiomeSource (5ecfedb4)
[07Apr2025 12:31:08.520] [Server thread/INFO] [net.jadenxgamer.elysium_api.Elysium/]: ElysiumBiomeSource successfully initialized for minecraft:the_nether
[07Apr2025 12:31:08.522] [Server thread/INFO] [net.minecraft.server.dedicated.DedicatedServer/]: Preparing level "world"
[07Apr2025 12:31:08.530] [Server thread/INFO] [org.betterx.worlds.together.util.Logger/]: [bclib] 
Apply Modifications for ad_astra:mars_orbit
    FixedBiomeSource (11fc91f5)
        biomes     = 1
        namespaces = ad_astra(1)
[07Apr2025 12:31:08.531] [Server thread/INFO] [org.betterx.worlds.together.util.Logger/]: [bclib] 
Apply Modifications for ad_astra:earth_orbit
    FixedBiomeSource (13ca8eaf)
        biomes     = 1
        namespaces = ad_astra(1)
[07Apr2025 12:31:08.531] [Server thread/INFO] [org.betterx.worlds.together.util.Logger/]: [bclib] 
Apply Modifications for minecraft:overworld
    MultiNoiseBiomeSource (3e267c85)
        biomes     = 241
        namespaces = minecraft(53), galosphere(3), palegarden(1), biomesoplenty(58), ars_nouveau(1), terrablender(1), biomeswevegone(51), regions_unexplored(66), quark(1), alexscaves(6)
[07Apr2025 12:31:08.532] [Server thread/INFO] [org.betterx.worlds.together.util.Logger/]: [bclib] 
Apply Modifications for ad_astra:venus_orbit
    FixedBiomeSource (72270b29)
        biomes     = 1
        namespaces = ad_astra(1)
[07Apr2025 12:31:08.533] [Server thread/INFO] [org.betterx.worlds.together.util.Logger/]: [bclib] 
Apply Modifications for aether:the_aether
    MultiNoiseBiomeSource (526c6de4)
        biomes     = 4
        namespaces = aether(4)
[07Apr2025 12:31:08.533] [Server thread/INFO] [org.betterx.worlds.together.util.Logger/]: [bclib] 
Apply Modifications for ad_astra:moon
    FixedBiomeSource (576eac3f)
        biomes     = 1
        namespaces = ad_astra(1)
[07Apr2025 12:31:08.533] [Server thread/INFO] [org.betterx.worlds.together.util.Logger/]: [bclib] 
Apply Modifications for ad_astra:glacio_orbit
    FixedBiomeSource (26393723)
        biomes     = 1
        namespaces = ad_astra(1)
[07Apr2025 12:31:08.534] [Server thread/INFO] [org.betterx.worlds.together.util.Logger/]: [bclib] 
Apply Modifications for ad_astra:venus
    MultiNoiseBiomeSource (4d10da74)
        biomes     = 2
        namespaces = ad_astra(2)
[07Apr2025 12:31:08.534] [Server thread/INFO] [org.betterx.worlds.together.util.Logger/]: [bclib] 
Apply Modifications for ad_astra:moon_orbit
    FixedBiomeSource (6e630f33)
        biomes     = 1
        namespaces = ad_astra(1)
[07Apr2025 12:31:08.534] [Server thread/INFO] [org.betterx.worlds.together.util.Logger/]: [bclib] 
Apply Modifications for ad_astra:mercury
    MultiNoiseBiomeSource (26323062)
        biomes     = 1
        namespaces = ad_astra(1)
[07Apr2025 12:31:08.534] [Server thread/INFO] [org.betterx.worlds.together.util.Logger/]: [bclib] 
Apply Modifications for blue_skies:everdawn
    EverdawnBiomeSource (34366d15)
        biomes     = 11
        namespaces = blue_skies(11)
[07Apr2025 12:31:08.536] [Server thread/INFO] [org.betterx.worlds.together.util.Logger/]: [bclib] 
Apply Modifications for twilightforest:twilight_forest
    TFBiomeProvider (3a152b74)
        biomes     = 21
        namespaces = twilightforest(21)
[07Apr2025 12:31:08.536] [Server thread/INFO] [org.betterx.worlds.together.util.Logger/]: [bclib] 
Apply Modifications for ad_astra:mercury_orbit
    FixedBiomeSource (2bc6043c)
        biomes     = 1
        namespaces = ad_astra(1)
[07Apr2025 12:31:08.537] [Server thread/INFO] [org.betterx.worlds.together.util.Logger/]: [bclib] 
Apply Modifications for minecraft:the_nether
    BCLib - Nether BiomeSource (5ecfedb4)
        biomes     = 46
        namespaces = betternether(22), netherexp(1), biomesoplenty(5), minecraft(5), regions_unexplored(5), incendium(8)
        seed       = 0
        height     = 192
        config     = BCLibNetherBiomeSourceConfig{mapVersion=hex, useVerticalBiomes=true, amplified=false, biomeSize=256, biomeSizeVertical=86}
[07Apr2025 12:31:08.542] [Server thread/INFO] [org.betterx.worlds.together.util.Logger/]: [bclib] 
Apply Modifications for ad_astra:glacio
    MultiNoiseBiomeSource (3ed8d8e)
        biomes     = 2
        namespaces = ad_astra(2)
[07Apr2025 12:31:08.543] [Server thread/INFO] [org.betterx.worlds.together.util.Logger/]: [bclib] 
Apply Modifications for blue_skies:everbright
    EverbrightBiomeSource (db63968)
        biomes     = 12
        namespaces = blue_skies(12)
[07Apr2025 12:31:08.543] [Server thread/INFO] [org.betterx.worlds.together.util.Logger/]: [bclib] 
Apply Modifications for ad_astra:mars
    MultiNoiseBiomeSource (e081bb9)
        biomes     = 3
        namespaces = ad_astra(3)
[07Apr2025 12:31:08.543] [Server thread/INFO] [org.betterx.worlds.together.util.Logger/]: [bclib] 
Apply Modifications for minecraft:the_end
    BCLib - The End  BiomeSource (7b546b38)
        biomes     = 24
        namespaces = betterend(19), minecraft(5)
        seed       = 2259517340846291072
        height     = 128
        deciders   = 0
        config     = BCLEndBiomeSourceConfig{mapVersion=hex, generatorVersion=vanilla, withVoidBiomes=true, innerVoidRadiusSquared=1048576, voidBiomesSize=256, centerBiomesSize=256, landBiomesSize=256, barrensBiomesSize=256}
[07Apr2025 12:31:08.563] [Server thread/INFO] [org.betterx.worlds.together.util.Logger/]: [bclib] 
Apply Modifications for deeperdarker:otherside
    MultiNoiseBiomeSource (3f33615e)
        biomes     = 4
        namespaces = deeperdarker(4)
[07Apr2025 12:31:08.563] [Server thread/INFO] [org.betterx.worlds.together.util.Logger/]: [bclib] World Dimensions: 
 - ad_astra:mars_orbit: 
     net.minecraft.world.level.levelgen.NoiseBasedChunkGenerator@4cd8e547 
     FixedBiomeSource (11fc91f5)
         biomes     = 1
         namespaces = ad_astra(1)
 - ad_astra:earth_orbit: 
     net.minecraft.world.level.levelgen.NoiseBasedChunkGenerator@5bceccf0 
     FixedBiomeSource (13ca8eaf)
         biomes     = 1
         namespaces = ad_astra(1)
 - minecraft:overworld: 
     net.minecraft.world.level.levelgen.NoiseBasedChunkGenerator@355f44db 
     MultiNoiseBiomeSource (3e267c85)
         biomes     = 241
         namespaces = minecraft(53), galosphere(3), palegarden(1), biomesoplenty(58), ars_nouveau(1), terrablender(1), biomeswevegone(51), regions_unexplored(66), quark(1), alexscaves(6)
 - ad_astra:venus_orbit: 
     net.minecraft.world.level.levelgen.NoiseBasedChunkGenerator@5f23f0d1 
     FixedBiomeSource (72270b29)
         biomes     = 1
         namespaces = ad_astra(1)
 - aether:the_aether: 
     net.minecraft.world.level.levelgen.NoiseBasedChunkGenerator@1dda92ee 
     MultiNoiseBiomeSource (526c6de4)
         biomes     = 4
         namespaces = aether(4)
 - ad_astra:moon: 
     net.minecraft.world.level.levelgen.NoiseBasedChunkGenerator@178b6b7b 
     FixedBiomeSource (576eac3f)
         biomes     = 1
         namespaces = ad_astra(1)
 - ad_astra:glacio_orbit: 
     net.minecraft.world.level.levelgen.NoiseBasedChunkGenerator@6fbd9ce8 
     FixedBiomeSource (26393723)
         biomes     = 1
         namespaces = ad_astra(1)
 - ad_astra:venus: 
     net.minecraft.world.level.levelgen.NoiseBasedChunkGenerator@10cb01e 
     MultiNoiseBiomeSource (4d10da74)
         biomes     = 2
         namespaces = ad_astra(2)
 - ad_astra:moon_orbit: 
     net.minecraft.world.level.levelgen.NoiseBasedChunkGenerator@6d3a84cb 
     FixedBiomeSource (6e630f33)
         biomes     = 1
         namespaces = ad_astra(1)
 - ad_astra:mercury: 
     net.minecraft.world.level.levelgen.NoiseBasedChunkGenerator@425ae8fa 
     MultiNoiseBiomeSource (26323062)
         biomes     = 1
         namespaces = ad_astra(1)
 - blue_skies:everdawn: 
     com.legacy.blue_skies.world.everdawn.EverdawnChunkGenerator@d93ab84 
     EverdawnBiomeSource (34366d15)
         biomes     = 11
         namespaces = blue_skies(11)
 - twilightforest:twilight_forest: 
     twilightforest.world.components.chunkgenerators.ChunkGeneratorTwilight@389bd6d0 
     TFBiomeProvider (3a152b74)
         biomes     = 21
         namespaces = twilightforest(21)
 - ad_astra:mercury_orbit: 
     net.minecraft.world.level.levelgen.NoiseBasedChunkGenerator@6c53fa09 
     FixedBiomeSource (2bc6043c)
         biomes     = 1
         namespaces = ad_astra(1)
 - minecraft:the_nether: 
     BCLib - Chunk Generator (7e0257d7) 
     BCLib - Nether BiomeSource (5ecfedb4)
         biomes     = 46
         namespaces = betternether(22), netherexp(1), biomesoplenty(5), minecraft(5), regions_unexplored(5), incendium(8)
         seed       = 0
         height     = 192
         config     = BCLibNetherBiomeSourceConfig{mapVersion=hex, useVerticalBiomes=true, amplified=false, biomeSize=256, biomeSizeVertical=86}
 - ad_astra:glacio: 
     net.minecraft.world.level.levelgen.NoiseBasedChunkGenerator@18e8e4c6 
     MultiNoiseBiomeSource (3ed8d8e)
         biomes     = 2
         namespaces = ad_astra(2)
 - blue_skies:everbright: 
     com.legacy.blue_skies.world.everbright.EverbrightChunkGenerator@61666be6 
     EverbrightBiomeSource (db63968)
         biomes     = 12
         namespaces = blue_skies(12)
 - ad_astra:mars: 
     net.minecraft.world.level.levelgen.NoiseBasedChunkGenerator@5199106a 
     MultiNoiseBiomeSource (e081bb9)
         biomes     = 3
         namespaces = ad_astra(3)
 - minecraft:the_end: 
     BCLib - Chunk Generator (6d580e48) 
     BCLib - The End  BiomeSource (7b546b38)
         biomes     = 24
         namespaces = betterend(19), minecraft(5)
         seed       = 2259517340846291072
         height     = 128
         deciders   = 0
         config     = BCLEndBiomeSourceConfig{mapVersion=hex, generatorVersion=vanilla, withVoidBiomes=true, innerVoidRadiusSquared=1048576, voidBiomesSize=256, centerBiomesSize=256, landBiomesSize=256, barrensBiomesSize=256}
 - deeperdarker:otherside: 
     net.minecraft.world.level.levelgen.NoiseBasedChunkGenerator@712860d2 
     MultiNoiseBiomeSource (3f33615e)
         biomes     = 4
         namespaces = deeperdarker(4)
[07Apr2025 12:31:08.572] [Server thread/INFO] [org.betterx.worlds.together.util.Logger/]: [bclib] Merged 22 additional Surface Rules for 
BCLib - Nether BiomeSource (5ecfedb4)
    biomes     = 46
    namespaces = betternether(22), netherexp(1), biomesoplenty(5), minecraft(5), regions_unexplored(5), incendium(8)
    seed       = 0
    height     = 192
    config     = BCLibNetherBiomeSourceConfig{mapVersion=hex, useVerticalBiomes=true, amplified=false, biomeSize=256, biomeSizeVertical=86} => 147
[07Apr2025 12:31:08.574] [Server thread/INFO] [org.betterx.worlds.together.util.Logger/]: [bclib] Merged 19 additional Surface Rules for 
BCLib - The End  BiomeSource (7b546b38)
    biomes     = 24
    namespaces = betterend(19), minecraft(5)
    seed       = 2259517340846291072
    height     = 128
    deciders   = 0
    config     = BCLEndBiomeSourceConfig{mapVersion=hex, generatorVersion=vanilla, withVoidBiomes=true, innerVoidRadiusSquared=1048576, voidBiomesSize=256, centerBiomesSize=256, landBiomesSize=256, barrensBiomesSize=256} => 20
[07Apr2025 12:31:09.119] [Server thread/ERROR] [net.minecraftforge.fml.loading.RuntimeDistCleaner/DISTXFORM]: Attempted to load class net/minecraft/client/renderer/block/model/BlockModel for invalid dist DEDICATED_SERVER
[07Apr2025 12:31:09.119] [Server thread/WARN] [Radium Class Analysis/]: Radium Class Analysis Error: Class org.betterx.bclib.blocks.BaseBlock cannot be analysed, because getting declared methods crashes with RuntimeException: Attempted to load class net/minecraft/client/renderer/block/model/BlockModel for invalid dist DEDICATED_SERVER. This is usually caused by modded entities declaring methods that have a return type or parameter type that is annotated with @OnlyIn(Dist.CLIENT). Loading the type is not possible, because it only exists in the CLIENT environment. The recommended fix is to annotate the method with this argument or return type with the same annotation. Lithium handles this error by assuming the class cannot be included in some optimizations.
[07Apr2025 12:31:09.126] [Server thread/ERROR] [net.minecraftforge.fml.loading.RuntimeDistCleaner/DISTXFORM]: Attempted to load class net/minecraft/client/renderer/block/model/BlockModel for invalid dist DEDICATED_SERVER
[07Apr2025 12:31:09.127] [Server thread/WARN] [Radium Class Analysis/]: Radium Class Analysis Error: Class org.betterx.bclib.blocks.BaseBlock cannot be analysed, because getting declared methods crashes with RuntimeException: Attempted to load class net/minecraft/client/renderer/block/model/BlockModel for invalid dist DEDICATED_SERVER. This is usually caused by modded entities declaring methods that have a return type or parameter type that is annotated with @OnlyIn(Dist.CLIENT). Loading the type is not possible, because it only exists in the CLIENT environment. The recommended fix is to annotate the method with this argument or return type with the same annotation. Lithium handles this error by assuming the class cannot be included in some optimizations.
[07Apr2025 12:31:09.143] [Server thread/ERROR] [net.minecraftforge.fml.loading.RuntimeDistCleaner/DISTXFORM]: Attempted to load class net/minecraft/client/renderer/block/model/BlockModel for invalid dist DEDICATED_SERVER
[07Apr2025 12:31:09.144] [Server thread/WARN] [Radium Class Analysis/]: Radium Class Analysis Error: Class org.betterx.bclib.blocks.BaseBlock cannot be analysed, because getting declared methods crashes with RuntimeException: Attempted to load class net/minecraft/client/renderer/block/model/BlockModel for invalid dist DEDICATED_SERVER. This is usually caused by modded entities declaring methods that have a return type or parameter type that is annotated with @OnlyIn(Dist.CLIENT). Loading the type is not possible, because it only exists in the CLIENT environment. The recommended fix is to annotate the method with this argument or return type with the same annotation. Lithium handles this error by assuming the class cannot be included in some optimizations.
[07Apr2025 12:31:09.158] [Server thread/ERROR] [net.minecraftforge.fml.loading.RuntimeDistCleaner/DISTXFORM]: Attempted to load class net/minecraft/client/renderer/block/model/BlockModel for invalid dist DEDICATED_SERVER
[07Apr2025 12:31:09.158] [Server thread/WARN] [Radium Class Analysis/]: Radium Class Analysis Error: Class org.betterx.bclib.blocks.BaseBlock cannot be analysed, because getting declared methods crashes with RuntimeException: Attempted to load class net/minecraft/client/renderer/block/model/BlockModel for invalid dist DEDICATED_SERVER. This is usually caused by modded entities declaring methods that have a return type or parameter type that is annotated with @OnlyIn(Dist.CLIENT). Loading the type is not possible, because it only exists in the CLIENT environment. The recommended fix is to annotate the method with this argument or return type with the same annotation. Lithium handles this error by assuming the class cannot be included in some optimizations.
[07Apr2025 12:31:09.160] [Server thread/ERROR] [net.minecraftforge.fml.loading.RuntimeDistCleaner/DISTXFORM]: Attempted to load class net/minecraft/client/renderer/block/model/BlockModel for invalid dist DEDICATED_SERVER
[07Apr2025 12:31:09.160] [Server thread/WARN] [Radium Class Analysis/]: Radium Class Analysis Error: Class org.betterx.bclib.blocks.BaseBlock cannot be analysed, because getting declared methods crashes with RuntimeException: Attempted to load class net/minecraft/client/renderer/block/model/BlockModel for invalid dist DEDICATED_SERVER. This is usually caused by modded entities declaring methods that have a return type or parameter type that is annotated with @OnlyIn(Dist.CLIENT). Loading the type is not possible, because it only exists in the CLIENT environment. The recommended fix is to annotate the method with this argument or return type with the same annotation. Lithium handles this error by assuming the class cannot be included in some optimizations.
[07Apr2025 12:31:09.177] [Server thread/ERROR] [net.minecraftforge.fml.loading.RuntimeDistCleaner/DISTXFORM]: Attempted to load class net/minecraft/client/renderer/block/model/BlockModel for invalid dist DEDICATED_SERVER
[07Apr2025 12:31:09.177] [Server thread/WARN] [Radium Class Analysis/]: Radium Class Analysis Error: Class org.betterx.bclib.blocks.BaseBlock cannot be analysed, because getting declared methods crashes with RuntimeException: Attempted to load class net/minecraft/client/renderer/block/model/BlockModel for invalid dist DEDICATED_SERVER. This is usually caused by modded entities declaring methods that have a return type or parameter type that is annotated with @OnlyIn(Dist.CLIENT). Loading the type is not possible, because it only exists in the CLIENT environment. The recommended fix is to annotate the method with this argument or return type with the same annotation. Lithium handles this error by assuming the class cannot be included in some optimizations.
[07Apr2025 12:31:09.178] [Server thread/ERROR] [net.minecraftforge.fml.loading.RuntimeDistCleaner/DISTXFORM]: Attempted to load class net/minecraft/client/renderer/block/model/BlockModel for invalid dist DEDICATED_SERVER
[07Apr2025 12:31:09.178] [Server thread/WARN] [Radium Class Analysis/]: Radium Class Analysis Error: Class org.betterx.bclib.blocks.BaseBlock cannot be analysed, because getting declared methods crashes with RuntimeException: Attempted to load class net/minecraft/client/renderer/block/model/BlockModel for invalid dist DEDICATED_SERVER. This is usually caused by modded entities declaring methods that have a return type or parameter type that is annotated with @OnlyIn(Dist.CLIENT). Loading the type is not possible, because it only exists in the CLIENT environment. The recommended fix is to annotate the method with this argument or return type with the same annotation. Lithium handles this error by assuming the class cannot be included in some optimizations.
[07Apr2025 12:31:09.195] [Server thread/ERROR] [net.minecraftforge.fml.loading.RuntimeDistCleaner/DISTXFORM]: Attempted to load class net/minecraft/client/renderer/block/model/BlockModel for invalid dist DEDICATED_SERVER
[07Apr2025 12:31:09.195] [Server thread/WARN] [Radium Class Analysis/]: Radium Class Analysis Error: Class org.betterx.bclib.blocks.BaseBlock cannot be analysed, because getting declared methods crashes with RuntimeException: Attempted to load class net/minecraft/client/renderer/block/model/BlockModel for invalid dist DEDICATED_SERVER. This is usually caused by modded entities declaring methods that have a return type or parameter type that is annotated with @OnlyIn(Dist.CLIENT). Loading the type is not possible, because it only exists in the CLIENT environment. The recommended fix is to annotate the method with this argument or return type with the same annotation. Lithium handles this error by assuming the class cannot be included in some optimizations.
[07Apr2025 12:31:09.214] [Server thread/ERROR] [net.minecraftforge.fml.loading.RuntimeDistCleaner/DISTXFORM]: Attempted to load class net/minecraft/client/renderer/block/model/BlockModel for invalid dist DEDICATED_SERVER
[07Apr2025 12:31:09.214] [Server thread/WARN] [Radium Class Analysis/]: Radium Class Analysis Error: Class org.betterx.bclib.blocks.BaseBlock cannot be analysed, because getting declared methods crashes with RuntimeException: Attempted to load class net/minecraft/client/renderer/block/model/BlockModel for invalid dist DEDICATED_SERVER. This is usually caused by modded entities declaring methods that have a return type or parameter type that is annotated with @OnlyIn(Dist.CLIENT). Loading the type is not possible, because it only exists in the CLIENT environment. The recommended fix is to annotate the method with this argument or return type with the same annotation. Lithium handles this error by assuming the class cannot be included in some optimizations.
[07Apr2025 12:31:09.229] [Server thread/ERROR] [net.minecraftforge.fml.loading.RuntimeDistCleaner/DISTXFORM]: Attempted to load class net/minecraft/client/renderer/block/model/BlockModel for invalid dist DEDICATED_SERVER
[07Apr2025 12:31:09.229] [Server thread/WARN] [Radium Class Analysis/]: Radium Class Analysis Error: Class org.betterx.bclib.blocks.BaseBlock cannot be analysed, because getting declared methods crashes with RuntimeException: Attempted to load class net/minecraft/client/renderer/block/model/BlockModel for invalid dist DEDICATED_SERVER. This is usually caused by modded entities declaring methods that have a return type or parameter type that is annotated with @OnlyIn(Dist.CLIENT). Loading the type is not possible, because it only exists in the CLIENT environment. The recommended fix is to annotate the method with this argument or return type with the same annotation. Lithium handles this error by assuming the class cannot be included in some optimizations.
[07Apr2025 12:31:09.261] [Server thread/ERROR] [net.minecraftforge.fml.loading.RuntimeDistCleaner/DISTXFORM]: Attempted to load class net/minecraft/client/renderer/block/model/BlockModel for invalid dist DEDICATED_SERVER
[07Apr2025 12:31:09.261] [Server thread/WARN] [Radium Class Analysis/]: Radium Class Analysis Error: Class org.betterx.bclib.blocks.BaseBlock cannot be analysed, because getting declared methods crashes with RuntimeException: Attempted to load class net/minecraft/client/renderer/block/model/BlockModel for invalid dist DEDICATED_SERVER. This is usually caused by modded entities declaring methods that have a return type or parameter type that is annotated with @OnlyIn(Dist.CLIENT). Loading the type is not possible, because it only exists in the CLIENT environment. The recommended fix is to annotate the method with this argument or return type with the same annotation. Lithium handles this error by assuming the class cannot be included in some optimizations.
[07Apr2025 12:31:09.272] [Server thread/ERROR] [net.minecraftforge.fml.loading.RuntimeDistCleaner/DISTXFORM]: Attempted to load class net/minecraft/client/renderer/block/model/BlockModel for invalid dist DEDICATED_SERVER
[07Apr2025 12:31:09.273] [Server thread/WARN] [Radium Class Analysis/]: Radium Class Analysis Error: Class org.betterx.bclib.blocks.BaseBlock cannot be analysed, because getting declared methods crashes with RuntimeException: Attempted to load class net/minecraft/client/renderer/block/model/BlockModel for invalid dist DEDICATED_SERVER. This is usually caused by modded entities declaring methods that have a return type or parameter type that is annotated with @OnlyIn(Dist.CLIENT). Loading the type is not possible, because it only exists in the CLIENT environment. The recommended fix is to annotate the method with this argument or return type with the same annotation. Lithium handles this error by assuming the class cannot be included in some optimizations.
[07Apr2025 12:31:09.275] [Server thread/ERROR] [net.minecraftforge.fml.loading.RuntimeDistCleaner/DISTXFORM]: Attempted to load class net/minecraft/client/renderer/block/model/BlockModel for invalid dist DEDICATED_SERVER
[07Apr2025 12:31:09.275] [Server thread/WARN] [Radium Class Analysis/]: Radium Class Analysis Error: Class org.betterx.bclib.blocks.BaseBlock cannot be analysed, because getting declared methods crashes with RuntimeException: Attempted to load class net/minecraft/client/renderer/block/model/BlockModel for invalid dist DEDICATED_SERVER. This is usually caused by modded entities declaring methods that have a return type or parameter type that is annotated with @OnlyIn(Dist.CLIENT). Loading the type is not possible, because it only exists in the CLIENT environment. The recommended fix is to annotate the method with this argument or return type with the same annotation. Lithium handles this error by assuming the class cannot be included in some optimizations.
[07Apr2025 12:31:09.278] [Server thread/ERROR] [net.minecraftforge.fml.loading.RuntimeDistCleaner/DISTXFORM]: Attempted to load class net/minecraft/client/renderer/block/model/BlockModel for invalid dist DEDICATED_SERVER
[07Apr2025 12:31:09.278] [Server thread/WARN] [Radium Class Analysis/]: Radium Class Analysis Error: Class org.betterx.bclib.blocks.BaseBlock cannot be analysed, because getting declared methods crashes with RuntimeException: Attempted to load class net/minecraft/client/renderer/block/model/BlockModel for invalid dist DEDICATED_SERVER. This is usually caused by modded entities declaring methods that have a return type or parameter type that is annotated with @OnlyIn(Dist.CLIENT). Loading the type is not possible, because it only exists in the CLIENT environment. The recommended fix is to annotate the method with this argument or return type with the same annotation. Lithium handles this error by assuming the class cannot be included in some optimizations.
[07Apr2025 12:31:09.303] [Server thread/ERROR] [net.minecraftforge.fml.loading.RuntimeDistCleaner/DISTXFORM]: Attempted to load class net/minecraft/client/renderer/block/model/BlockModel for invalid dist DEDICATED_SERVER
[07Apr2025 12:31:09.303] [Server thread/WARN] [Radium Class Analysis/]: Radium Class Analysis Error: Class org.betterx.bclib.blocks.BaseBlock cannot be analysed, because getting declared methods crashes with RuntimeException: Attempted to load class net/minecraft/client/renderer/block/model/BlockModel for invalid dist DEDICATED_SERVER. This is usually caused by modded entities declaring methods that have a return type or parameter type that is annotated with @OnlyIn(Dist.CLIENT). Loading the type is not possible, because it only exists in the CLIENT environment. The recommended fix is to annotate the method with this argument or return type with the same annotation. Lithium handles this error by assuming the class cannot be included in some optimizations.
[07Apr2025 12:31:09.305] [Server thread/ERROR] [net.minecraftforge.fml.loading.RuntimeDistCleaner/DISTXFORM]: Attempted to load class net/minecraft/client/renderer/block/model/BlockModel for invalid dist DEDICATED_SERVER
[07Apr2025 12:31:09.305] [Server thread/WARN] [Radium Class Analysis/]: Radium Class Analysis Error: Class org.betterx.bclib.blocks.BaseBlock cannot be analysed, because getting declared methods crashes with RuntimeException: Attempted to load class net/minecraft/client/renderer/block/model/BlockModel for invalid dist DEDICATED_SERVER. This is usually caused by modded entities declaring methods that have a return type or parameter type that is annotated with @OnlyIn(Dist.CLIENT). Loading the type is not possible, because it only exists in the CLIENT environment. The recommended fix is to annotate the method with this argument or return type with the same annotation. Lithium handles this error by assuming the class cannot be included in some optimizations.
[07Apr2025 12:31:09.319] [Server thread/ERROR] [net.minecraftforge.fml.loading.RuntimeDistCleaner/DISTXFORM]: Attempted to load class net/minecraft/client/renderer/block/model/BlockModel for invalid dist DEDICATED_SERVER
[07Apr2025 12:31:09.319] [Server thread/WARN] [Radium Class Analysis/]: Radium Class Analysis Error: Class org.betterx.bclib.blocks.BaseBlock cannot be analysed, because getting declared methods crashes with RuntimeException: Attempted to load class net/minecraft/client/renderer/block/model/BlockModel for invalid dist DEDICATED_SERVER. This is usually caused by modded entities declaring methods that have a return type or parameter type that is annotated with @OnlyIn(Dist.CLIENT). Loading the type is not possible, because it only exists in the CLIENT environment. The recommended fix is to annotate the method with this argument or return type with the same annotation. Lithium handles this error by assuming the class cannot be included in some optimizations.
[07Apr2025 12:31:09.320] [Server thread/ERROR] [net.minecraftforge.fml.loading.RuntimeDistCleaner/DISTXFORM]: Attempted to load class net/minecraft/client/renderer/block/model/BlockModel for invalid dist DEDICATED_SERVER
[07Apr2025 12:31:09.321] [Server thread/WARN] [Radium Class Analysis/]: Radium Class Analysis Error: Class org.betterx.bclib.blocks.BaseBlock cannot be analysed, because getting declared methods crashes with RuntimeException: Attempted to load class net/minecraft/client/renderer/block/model/BlockModel for invalid dist DEDICATED_SERVER. This is usually caused by modded entities declaring methods that have a return type or parameter type that is annotated with @OnlyIn(Dist.CLIENT). Loading the type is not possible, because it only exists in the CLIENT environment. The recommended fix is to annotate the method with this argument or return type with the same annotation. Lithium handles this error by assuming the class cannot be included in some optimizations.
[07Apr2025 12:31:09.333] [Server thread/ERROR] [net.minecraftforge.fml.loading.RuntimeDistCleaner/DISTXFORM]: Attempted to load class net/minecraft/client/renderer/block/model/BlockModel for invalid dist DEDICATED_SERVER
[07Apr2025 12:31:09.334] [Server thread/WARN] [Radium Class Analysis/]: Radium Class Analysis Error: Class org.betterx.bclib.blocks.BaseBlock cannot be analysed, because getting declared methods crashes with RuntimeException: Attempted to load class net/minecraft/client/renderer/block/model/BlockModel for invalid dist DEDICATED_SERVER. This is usually caused by modded entities declaring methods that have a return type or parameter type that is annotated with @OnlyIn(Dist.CLIENT). Loading the type is not possible, because it only exists in the CLIENT environment. The recommended fix is to annotate the method with this argument or return type with the same annotation. Lithium handles this error by assuming the class cannot be included in some optimizations.
[07Apr2025 12:31:09.343] [Server thread/ERROR] [net.minecraftforge.fml.loading.RuntimeDistCleaner/DISTXFORM]: Attempted to load class net/minecraft/client/renderer/block/model/BlockModel for invalid dist DEDICATED_SERVER
[07Apr2025 12:31:09.343] [Server thread/WARN] [Radium Class Analysis/]: Radium Class Analysis Error: Class org.betterx.bclib.blocks.BaseBlock cannot be analysed, because getting declared methods crashes with RuntimeException: Attempted to load class net/minecraft/client/renderer/block/model/BlockModel for invalid dist DEDICATED_SERVER. This is usually caused by modded entities declaring methods that have a return type or parameter type that is annotated with @OnlyIn(Dist.CLIENT). Loading the type is not possible, because it only exists in the CLIENT environment. The recommended fix is to annotate the method with this argument or return type with the same annotation. Lithium handles this error by assuming the class cannot be included in some optimizations.
[07Apr2025 12:31:09.346] [Server thread/ERROR] [net.minecraftforge.fml.loading.RuntimeDistCleaner/DISTXFORM]: Attempted to load class net/minecraft/client/renderer/block/model/BlockModel for invalid dist DEDICATED_SERVER
[07Apr2025 12:31:09.347] [Server thread/WARN] [Radium Class Analysis/]: Radium Class Analysis Error: Class org.betterx.bclib.blocks.BaseBlock cannot be analysed, because getting declared methods crashes with RuntimeException: Attempted to load class net/minecraft/client/renderer/block/model/BlockModel for invalid dist DEDICATED_SERVER. This is usually caused by modded entities declaring methods that have a return type or parameter type that is annotated with @OnlyIn(Dist.CLIENT). Loading the type is not possible, because it only exists in the CLIENT environment. The recommended fix is to annotate the method with this argument or return type with the same annotation. Lithium handles this error by assuming the class cannot be included in some optimizations.
[07Apr2025 12:31:09.355] [Server thread/ERROR] [net.minecraftforge.fml.loading.RuntimeDistCleaner/DISTXFORM]: Attempted to load class net/minecraft/client/renderer/block/model/BlockModel for invalid dist DEDICATED_SERVER
[07Apr2025 12:31:09.355] [Server thread/WARN] [Radium Class Analysis/]: Radium Class Analysis Error: Class org.betterx.bclib.blocks.BaseBlock cannot be analysed, because getting declared methods crashes with RuntimeException: Attempted to load class net/minecraft/client/renderer/block/model/BlockModel for invalid dist DEDICATED_SERVER. This is usually caused by modded entities declaring methods that have a return type or parameter type that is annotated with @OnlyIn(Dist.CLIENT). Loading the type is not possible, because it only exists in the CLIENT environment. The recommended fix is to annotate the method with this argument or return type with the same annotation. Lithium handles this error by assuming the class cannot be included in some optimizations.
[07Apr2025 12:31:09.356] [Server thread/ERROR] [net.minecraftforge.fml.loading.RuntimeDistCleaner/DISTXFORM]: Attempted to load class net/minecraft/client/renderer/block/model/BlockModel for invalid dist DEDICATED_SERVER
[07Apr2025 12:31:09.357] [Server thread/WARN] [Radium Class Analysis/]: Radium Class Analysis Error: Class org.betterx.bclib.blocks.BaseBlock cannot be analysed, because getting declared methods crashes with RuntimeException: Attempted to load class net/minecraft/client/renderer/block/model/BlockModel for invalid dist DEDICATED_SERVER. This is usually caused by modded entities declaring methods that have a return type or parameter type that is annotated with @OnlyIn(Dist.CLIENT). Loading the type is not possible, because it only exists in the CLIENT environment. The recommended fix is to annotate the method with this argument or return type with the same annotation. Lithium handles this error by assuming the class cannot be included in some optimizations.
[07Apr2025 12:31:09.374] [Server thread/ERROR] [net.minecraftforge.fml.loading.RuntimeDistCleaner/DISTXFORM]: Attempted to load class net/minecraft/client/renderer/block/model/BlockModel for invalid dist DEDICATED_SERVER
[07Apr2025 12:31:09.375] [Server thread/WARN] [Radium Class Analysis/]: Radium Class Analysis Error: Class org.betterx.bclib.blocks.BaseBlock cannot be analysed, because getting declared methods crashes with RuntimeException: Attempted to load class net/minecraft/client/renderer/block/model/BlockModel for invalid dist DEDICATED_SERVER. This is usually caused by modded entities declaring methods that have a return type or parameter type that is annotated with @OnlyIn(Dist.CLIENT). Loading the type is not possible, because it only exists in the CLIENT environment. The recommended fix is to annotate the method with this argument or return type with the same annotation. Lithium handles this error by assuming the class cannot be included in some optimizations.
[07Apr2025 12:31:09.375] [Server thread/ERROR] [net.minecraftforge.fml.loading.RuntimeDistCleaner/DISTXFORM]: Attempted to load class net/minecraft/client/renderer/block/model/BlockModel for invalid dist DEDICATED_SERVER
[07Apr2025 12:31:09.376] [Server thread/WARN] [Radium Class Analysis/]: Radium Class Analysis Error: Class org.betterx.bclib.blocks.BaseBlock cannot be analysed, because getting declared methods crashes with RuntimeException: Attempted to load class net/minecraft/client/renderer/block/model/BlockModel for invalid dist DEDICATED_SERVER. This is usually caused by modded entities declaring methods that have a return type or parameter type that is annotated with @OnlyIn(Dist.CLIENT). Loading the type is not possible, because it only exists in the CLIENT environment. The recommended fix is to annotate the method with this argument or return type with the same annotation. Lithium handles this error by assuming the class cannot be included in some optimizations.
[07Apr2025 12:31:09.396] [Server thread/ERROR] [net.minecraftforge.fml.loading.RuntimeDistCleaner/DISTXFORM]: Attempted to load class net/minecraft/client/renderer/block/model/BlockModel for invalid dist DEDICATED_SERVER
[07Apr2025 12:31:09.397] [Server thread/WARN] [Radium Class Analysis/]: Radium Class Analysis Error: Class org.betterx.bclib.blocks.BaseBlock cannot be analysed, because getting declared methods crashes with RuntimeException: Attempted to load class net/minecraft/client/renderer/block/model/BlockModel for invalid dist DEDICATED_SERVER. This is usually caused by modded entities declaring methods that have a return type or parameter type that is annotated with @OnlyIn(Dist.CLIENT). Loading the type is not possible, because it only exists in the CLIENT environment. The recommended fix is to annotate the method with this argument or return type with the same annotation. Lithium handles this error by assuming the class cannot be included in some optimizations.
[07Apr2025 12:31:09.403] [Server thread/ERROR] [net.minecraftforge.fml.loading.RuntimeDistCleaner/DISTXFORM]: Attempted to load class net/minecraft/client/renderer/block/model/BlockModel for invalid dist DEDICATED_SERVER
[07Apr2025 12:31:09.403] [Server thread/WARN] [Radium Class Analysis/]: Radium Class Analysis Error: Class org.betterx.bclib.blocks.BaseBlock cannot be analysed, because getting declared methods crashes with RuntimeException: Attempted to load class net/minecraft/client/renderer/block/model/BlockModel for invalid dist DEDICATED_SERVER. This is usually caused by modded entities declaring methods that have a return type or parameter type that is annotated with @OnlyIn(Dist.CLIENT). Loading the type is not possible, because it only exists in the CLIENT environment. The recommended fix is to annotate the method with this argument or return type with the same annotation. Lithium handles this error by assuming the class cannot be included in some optimizations.
[07Apr2025 12:31:09.410] [Server thread/ERROR] [net.minecraftforge.fml.loading.RuntimeDistCleaner/DISTXFORM]: Attempted to load class net/minecraft/client/renderer/block/model/BlockModel for invalid dist DEDICATED_SERVER
[07Apr2025 12:31:09.410] [Server thread/WARN] [Radium Class Analysis/]: Radium Class Analysis Error: Class org.betterx.bclib.blocks.BaseBlock cannot be analysed, because getting declared methods crashes with RuntimeException: Attempted to load class net/minecraft/client/renderer/block/model/BlockModel for invalid dist DEDICATED_SERVER. This is usually caused by modded entities declaring methods that have a return type or parameter type that is annotated with @OnlyIn(Dist.CLIENT). Loading the type is not possible, because it only exists in the CLIENT environment. The recommended fix is to annotate the method with this argument or return type with the same annotation. Lithium handles this error by assuming the class cannot be included in some optimizations.
[07Apr2025 12:31:09.418] [Server thread/ERROR] [net.minecraftforge.fml.loading.RuntimeDistCleaner/DISTXFORM]: Attempted to load class net/minecraft/client/renderer/block/model/BlockModel for invalid dist DEDICATED_SERVER
[07Apr2025 12:31:09.418] [Server thread/WARN] [Radium Class Analysis/]: Radium Class Analysis Error: Class org.betterx.bclib.blocks.BaseLeavesBlock cannot be analysed, because getting declared methods crashes with RuntimeException: Attempted to load class net/minecraft/client/renderer/block/model/BlockModel for invalid dist DEDICATED_SERVER. This is usually caused by modded entities declaring methods that have a return type or parameter type that is annotated with @OnlyIn(Dist.CLIENT). Loading the type is not possible, because it only exists in the CLIENT environment. The recommended fix is to annotate the method with this argument or return type with the same annotation. Lithium handles this error by assuming the class cannot be included in some optimizations.
[07Apr2025 12:31:09.419] [Server thread/ERROR] [net.minecraftforge.fml.loading.RuntimeDistCleaner/DISTXFORM]: Attempted to load class net/minecraft/client/renderer/block/model/BlockModel for invalid dist DEDICATED_SERVER
[07Apr2025 12:31:09.419] [Server thread/WARN] [Radium Class Analysis/]: Radium Class Analysis Error: Class org.betterx.bclib.blocks.BaseLeavesBlock cannot be analysed, because getting declared methods crashes with RuntimeException: Attempted to load class net/minecraft/client/renderer/block/model/BlockModel for invalid dist DEDICATED_SERVER. This is usually caused by modded entities declaring methods that have a return type or parameter type that is annotated with @OnlyIn(Dist.CLIENT). Loading the type is not possible, because it only exists in the CLIENT environment. The recommended fix is to annotate the method with this argument or return type with the same annotation. Lithium handles this error by assuming the class cannot be included in some optimizations.
[07Apr2025 12:31:09.420] [Server thread/ERROR] [net.minecraftforge.fml.loading.RuntimeDistCleaner/DISTXFORM]: Attempted to load class net/minecraft/client/renderer/block/model/BlockModel for invalid dist DEDICATED_SERVER
[07Apr2025 12:31:09.420] [Server thread/WARN] [Radium Class Analysis/]: Radium Class Analysis Error: Class org.betterx.bclib.blocks.BaseLeavesBlock cannot be analysed, because getting declared methods crashes with RuntimeException: Attempted to load class net/minecraft/client/renderer/block/model/BlockModel for invalid dist DEDICATED_SERVER. This is usually caused by modded entities declaring methods that have a return type or parameter type that is annotated with @OnlyIn(Dist.CLIENT). Loading the type is not possible, because it only exists in the CLIENT environment. The recommended fix is to annotate the method with this argument or return type with the same annotation. Lithium handles this error by assuming the class cannot be included in some optimizations.
[07Apr2025 12:31:09.421] [Server thread/ERROR] [net.minecraftforge.fml.loading.RuntimeDistCleaner/DISTXFORM]: Attempted to load class net/minecraft/client/renderer/block/model/BlockModel for invalid dist DEDICATED_SERVER
[07Apr2025 12:31:09.421] [Server thread/WARN] [Radium Class Analysis/]: Radium Class Analysis Error: Class org.betterx.bclib.blocks.BaseLeavesBlock cannot be analysed, because getting declared methods crashes with RuntimeException: Attempted to load class net/minecraft/client/renderer/block/model/BlockModel for invalid dist DEDICATED_SERVER. This is usually caused by modded entities declaring methods that have a return type or parameter type that is annotated with @OnlyIn(Dist.CLIENT). Loading the type is not possible, because it only exists in the CLIENT environment. The recommended fix is to annotate the method with this argument or return type with the same annotation. Lithium handles this error by assuming the class cannot be included in some optimizations.
[07Apr2025 12:31:09.422] [Server thread/ERROR] [net.minecraftforge.fml.loading.RuntimeDistCleaner/DISTXFORM]: Attempted to load class net/minecraft/client/renderer/block/model/BlockModel for invalid dist DEDICATED_SERVER
[07Apr2025 12:31:09.422] [Server thread/WARN] [Radium Class Analysis/]: Radium Class Analysis Error: Class org.betterx.bclib.blocks.BaseLeavesBlock cannot be analysed, because getting declared methods crashes with RuntimeException: Attempted to load class net/minecraft/client/renderer/block/model/BlockModel for invalid dist DEDICATED_SERVER. This is usually caused by modded entities declaring methods that have a return type or parameter type that is annotated with @OnlyIn(Dist.CLIENT). Loading the type is not possible, because it only exists in the CLIENT environment. The recommended fix is to annotate the method with this argument or return type with the same annotation. Lithium handles this error by assuming the class cannot be included in some optimizations.
[07Apr2025 12:31:09.423] [Server thread/ERROR] [net.minecraftforge.fml.loading.RuntimeDistCleaner/DISTXFORM]: Attempted to load class net/minecraft/client/renderer/block/model/BlockModel for invalid dist DEDICATED_SERVER
[07Apr2025 12:31:09.423] [Server thread/WARN] [Radium Class Analysis/]: Radium Class Analysis Error: Class org.betterx.bclib.blocks.BaseLeavesBlock cannot be analysed, because getting declared methods crashes with RuntimeException: Attempted to load class net/minecraft/client/renderer/block/model/BlockModel for invalid dist DEDICATED_SERVER. This is usually caused by modded entities declaring methods that have a return type or parameter type that is annotated with @OnlyIn(Dist.CLIENT). Loading the type is not possible, because it only exists in the CLIENT environment. The recommended fix is to annotate the method with this argument or return type with the same annotation. Lithium handles this error by assuming the class cannot be included in some optimizations.
[07Apr2025 12:31:09.424] [Server thread/ERROR] [net.minecraftforge.fml.loading.RuntimeDistCleaner/DISTXFORM]: Attempted to load class net/minecraft/client/renderer/block/model/BlockModel for invalid dist DEDICATED_SERVER
[07Apr2025 12:31:09.424] [Server thread/WARN] [Radium Class Analysis/]: Radium Class Analysis Error: Class org.betterx.bclib.blocks.BaseBlock cannot be analysed, because getting declared methods crashes with RuntimeException: Attempted to load class net/minecraft/client/renderer/block/model/BlockModel for invalid dist DEDICATED_SERVER. This is usually caused by modded entities declaring methods that have a return type or parameter type that is annotated with @OnlyIn(Dist.CLIENT). Loading the type is not possible, because it only exists in the CLIENT environment. The recommended fix is to annotate the method with this argument or return type with the same annotation. Lithium handles this error by assuming the class cannot be included in some optimizations.
[07Apr2025 12:31:09.425] [Server thread/ERROR] [net.minecraftforge.fml.loading.RuntimeDistCleaner/DISTXFORM]: Attempted to load class net/minecraft/client/renderer/block/model/BlockModel for invalid dist DEDICATED_SERVER
[07Apr2025 12:31:09.425] [Server thread/WARN] [Radium Class Analysis/]: Radium Class Analysis Error: Class org.betterx.bclib.blocks.BaseBlock cannot be analysed, because getting declared methods crashes with RuntimeException: Attempted to load class net/minecraft/client/renderer/block/model/BlockModel for invalid dist DEDICATED_SERVER. This is usually caused by modded entities declaring methods that have a return type or parameter type that is annotated with @OnlyIn(Dist.CLIENT). Loading the type is not possible, because it only exists in the CLIENT environment. The recommended fix is to annotate the method with this argument or return type with the same annotation. Lithium handles this error by assuming the class cannot be included in some optimizations.
[07Apr2025 12:31:09.668] [Server thread/WARN] [com.structureessentials.StructureEssentials/]: Non-unique structure_set salt:0 potentially creating overlapping structures detected. Structure sets: [twilightforest:dark_tower, minecraft:mineshafts, twilightforest:final_castle, twilightforest:large_hollow_hill, twilightforest:mushroom_tower, twilightforest:hedge_maze, minecraft:buried_treasures, twilightforest:aurora_palace, twilightforest:lich_tower, twilightforest:labyrinth, twilightforest:naga_courtyard, twilightforest:yeti_cave, twilightforest:quest_grove, twilightforest:small_hollow_hill, minecraft:strongholds, twilightforest:troll_cave, twilightforest:medium_hollow_hill, twilightforest:knight_stronghold, twilightforest:hydra_lair]
[07Apr2025 12:31:09.668] [Server thread/WARN] [com.structureessentials.StructureEssentials/]: Non-unique structure_set salt:10387313 potentially creating overlapping structures detected. Structure sets: [minecraft:ocean_monuments, minecraft:end_cities]
[07Apr2025 12:31:09.669] [Server thread/WARN] [com.structureessentials.StructureEssentials/]: Non-unique structure_set salt:3 potentially creating overlapping structures detected. Structure sets: [alexscaves:cake_cave, alexscaves:ferrocave]
[07Apr2025 12:31:09.669] [Server thread/WARN] [com.structureessentials.StructureEssentials/]: Non-unique structure_set salt:783 potentially creating overlapping structures detected. Structure sets: [nova_structures:taverns, nova_structures:badlands_miner_outpost]
[07Apr2025 12:31:09.669] [Server thread/WARN] [com.structureessentials.StructureEssentials/]: Non-unique structure_set salt:239021 potentially creating overlapping structures detected. Structure sets: [nova_structures:desert_ruins, nova_structures:jungle_ruins]
[07Apr2025 12:31:09.669] [Server thread/WARN] [com.structureessentials.StructureEssentials/]: Non-unique structure_set salt:2 potentially creating overlapping structures detected. Structure sets: [alexscaves:ocean_trench, alexscaves:acid_pit]
[07Apr2025 12:31:09.669] [Server thread/WARN] [com.structureessentials.StructureEssentials/]: Non-unique structure_set salt:784827271 potentially creating overlapping structures detected. Structure sets: [betterfortresses:fortress, betteroceanmonuments:ocean_monument]
[07Apr2025 12:31:09.670] [Server thread/WARN] [com.structureessentials.StructureEssentials/]: Non-unique structure_set salt:1224466880 potentially creating overlapping structures detected. Structure sets: [ars_nouveau:wilden_den_set, inventorypets:code_structure_sky_dungeon]
[07Apr2025 12:31:09.670] [Server thread/WARN] [com.structureessentials.StructureEssentials/]: Non-unique structure_set salt:10387312 potentially creating overlapping structures detected. Structure sets: [minecraft:villages, nova_structures:villages_jungle, nova_structures:villages_swamp]
[07Apr2025 12:31:09.670] [Server thread/WARN] [com.structureessentials.StructureEssentials/]: Non-unique structure_set salt:4533232 potentially creating overlapping structures detected. Structure sets: [nova_structures:illager_camp, nova_structures:nether_camps]
[07Apr2025 12:31:12.544] [Server thread/INFO] [net.regions_unexplored.RegionsUnexploredMod/]: Loading dimension "minecraft:the_nether" with biome source: "bclib:nether_biome_source".
[07Apr2025 12:31:12.545] [Server thread/INFO] [net.minecraft.server.MinecraftServer/]: Preparing start region for dimension minecraft:overworld
[07Apr2025 12:31:12.548] [Server thread/WARN] [mixin/]: Method overwrite conflict for removeIf in lithium.mixins.json:world.chunk_tickets.SortedArraySetMixin from mod radium, previously written by org.embeddedt.modernfix.common.mixin.bugfix.paper_chunk_patches.SortedArraySetMixin. Skipping method.
[07Apr2025 12:31:13.842] [Server thread/INFO] [net.minecraft.server.level.progress.LoggerChunkProgressListener/]: Preparing spawn area: 0%
[07Apr2025 12:31:13.843] [Server thread/INFO] [net.minecraft.server.level.progress.LoggerChunkProgressListener/]: Preparing spawn area: 0%
[07Apr2025 12:31:13.843] [Server thread/INFO] [net.minecraft.server.level.progress.LoggerChunkProgressListener/]: Preparing spawn area: 0%
[07Apr2025 12:31:14.048] [Worker-Main-2/INFO] [net.minecraft.server.level.progress.LoggerChunkProgressListener/]: Preparing spawn area: 0%
[07Apr2025 12:31:14.548] [Server thread/INFO] [net.minecraft.server.level.progress.LoggerChunkProgressListener/]: Time elapsed: 2002 ms
[07Apr2025 12:31:14.548] [Server thread/INFO] [net.minecraft.server.dedicated.DedicatedServer/]: Done (8.126s)! For help, type "help"
[07Apr2025 12:31:14.742] [Server thread/INFO] [net.minecraftforge.server.permission.PermissionAPI/]: Successfully initialized permission handler forge:default_handler
[07Apr2025 12:31:14.797] [Server thread/INFO] [FTB Quests/]: Loading quests from /workspaces/SERVER/servidor_minecraft/config/ftbquests/quests
[07Apr2025 12:31:14.824] [Server thread/INFO] [FTB Quests/]: Loaded 4 chapter groups, 9 chapters, 55 quests, 0 reward tables
[07Apr2025 12:31:14.841] [Server thread/INFO] [com.cupboard.Cupboard/]: Loaded config for: lootintegrations.json
[07Apr2025 12:31:14.925] [Server thread/WARN] [net.minecraft.network.syncher.SynchedEntityData/]: defineId called for: class net.minecraft.world.entity.player.Player from class tschipp.carryon.common.carry.CarryOnDataManager
[07Apr2025 12:31:15.075] [Server thread/WARN] [voicechat/]: [voicechat] Running in offline mode - Voice chat encryption is not secure!
[07Apr2025 12:31:15.099] [VoiceChatServerThread/INFO] [voicechat/]: [voicechat] Voice chat server started at port 24454
[07Apr2025 12:31:15.113] [Server thread/INFO] [patchouli/]: Sending reload packet to clients
[07Apr2025 12:31:15.118] [Server thread/WARN] [ModernFix/]: Dedicated server took 84.373 seconds to load
[07Apr2025 12:31:17.489] [Server thread/WARN] [net.minecraft.server.MinecraftServer/]: Can't keep up! Is the server overloaded? Running 2019ms or 40 ticks behind
[07Apr2025 12:32:24.383] [Server thread/ERROR] [net.minecraft.stats.ServerRecipeBook/]: Tried to load unrecognized recipe: apotheosis:potion_charm_enchanting removed now.
[07Apr2025 12:32:24.401] [Server thread/ERROR] [net.minecraft.stats.ServerRecipeBook/]: Tried to load unrecognized recipe: apotheosis:potion_charm_enchanting removed now.
[07Apr2025 12:32:24.403] [Server thread/INFO] [net.minecraft.server.players.PlayerList/]: ZaCUBITY[/127.105.226.179:59043] logged in with entity id 104 at (-653.7025745885787, 69.0, -1161.5527058340674)
[07Apr2025 12:32:24.479] [Server thread/INFO] [ModdingLegacy/blue_skies/]: Sending ToolHandleTypeManager to ZaCUBITY
[07Apr2025 12:32:24.483] [Server thread/INFO] [ModdingLegacy/blue_skies/]: Sending SnowcapOvenFreezingManager to ZaCUBITY
[07Apr2025 12:32:24.484] [Server thread/INFO] [ModdingLegacy/blue_skies/]: Sending HorizoniteForgeFuelManager to ZaCUBITY
[07Apr2025 12:32:24.485] [Server thread/INFO] [ModdingLegacy/blue_skies/]: Sending AlchemyRecipeManager to ZaCUBITY
[07Apr2025 12:32:24.492] [Server thread/INFO] [ModdingLegacy/blue_skies/]: Sending JournalEntryManager to ZaCUBITY
[07Apr2025 12:32:24.498] [Server thread/INFO] [ModdingLegacy/blue_skies/]: Sending JournalSectionManager to ZaCUBITY
[07Apr2025 12:32:24.498] [Server thread/INFO] [ModdingLegacy/blue_skies/]: Sending JournalRequirementManager to ZaCUBITY
[07Apr2025 12:32:24.616] [Server thread/INFO] [org.betterx.worlds.together.util.Logger/]: [betternether] Freeze Registry[ResourceKey[minecraft:root / worlds_together:worldgen/betterx/surface_rules] (Stable)]
[07Apr2025 12:32:24.697] [Server thread/INFO] [net.minecraft.server.MinecraftServer/]: ZaCUBITY joined the game
[07Apr2025 12:32:24.943] [Server thread/INFO] [Jade/]: Syncing config to ZaCUBITY (bafc0d35-8b6d-3047-8595-2b4d0de611ed)
[07Apr2025 12:32:31.993] [Server thread/INFO] [voicechat/]: [voicechat] Received secret request of ZaCUBITY (18)
[07Apr2025 12:32:31.995] [Server thread/INFO] [voicechat/]: [voicechat] Sent secret to ZaCUBITY
[07Apr2025 12:32:31.997] [Server thread/INFO] [org.betterx.worlds.together.util.Logger/]: [bclib] Received Hello from Client. (server=3.0.14, client=3.0.14)
[07Apr2025 12:32:31.998] [Server thread/INFO] [org.betterx.worlds.together.util.Logger/]: [bclib] Sending Hello to Client. (server=3.0.14)
[07Apr2025 12:32:32.001] [Server thread/INFO] [org.betterx.worlds.together.util.Logger/]: [bclib] 	- Listing Mod betternether v9.0.10 (size: 21.9 MiB, download=true)
[07Apr2025 12:32:32.001] [Server thread/INFO] [org.betterx.worlds.together.util.Logger/]: [bclib] 	- Listing Mod bclib v3.0.14 (size: 2.2 MiB, download=true)
[07Apr2025 12:32:32.003] [Server thread/INFO] [org.betterx.worlds.together.util.Logger/]: [bclib] 	- Offering Config bclib.CONFIG_betternether.main
[07Apr2025 12:32:32.003] [Server thread/INFO] [org.betterx.worlds.together.util.Logger/]: [bclib] 	- Offering Config bclib.CONFIG_betternether.generator
[07Apr2025 12:32:32.003] [Server thread/INFO] [org.betterx.worlds.together.util.Logger/]: [bclib] 	- Offering Config bclib.CONFIG_betternether.blocks
[07Apr2025 12:32:32.003] [Server thread/INFO] [org.betterx.worlds.together.util.Logger/]: [bclib] 	- Offering Config bclib.CONFIG_betternether.items
[07Apr2025 12:32:32.004] [Server thread/INFO] [org.betterx.worlds.together.util.Logger/]: [bclib] 	- Offering Config bclib.CONFIG_betternether.biomes
[07Apr2025 12:32:32.004] [Server thread/INFO] [org.betterx.worlds.together.util.Logger/]: [bclib] 	- Offering Config bclib.CONFIG_betternether.mobs
[07Apr2025 12:32:32.004] [Server thread/INFO] [org.betterx.worlds.together.util.Logger/]: [bclib] 	- Offering Config bclib.CONFIG_betterend.entities
[07Apr2025 12:32:32.004] [Server thread/INFO] [org.betterx.worlds.together.util.Logger/]: [bclib] 	- Offering Config bclib.CONFIG_betterend.blocks
[07Apr2025 12:32:32.004] [Server thread/INFO] [org.betterx.worlds.together.util.Logger/]: [bclib] 	- Offering Config bclib.CONFIG_betterend.items
[07Apr2025 12:32:32.005] [Server thread/INFO] [org.betterx.worlds.together.util.Logger/]: [bclib] 	- Offering Config bclib.CONFIG_betterend.enchantments
[07Apr2025 12:32:32.005] [Server thread/INFO] [org.betterx.worlds.together.util.Logger/]: [bclib] 	- Offering Config bclib.CONFIG_bclib.generator
[07Apr2025 12:32:32.005] [Server thread/INFO] [org.betterx.worlds.together.util.Logger/]: [bclib] 	- Offering Config bclib.CONFIG_bclib.main
[07Apr2025 12:32:32.005] [Server thread/INFO] [org.betterx.worlds.together.util.Logger/]: [bclib] 	- Offering Config bclib.CONFIG_bclib.biomes
[07Apr2025 12:32:32.006] [Server thread/INFO] [org.betterx.worlds.together.util.Logger/]: [bclib] 	- Offering Folder /workspaces/SERVER/servidor_minecraft/bclib-sync (allowDelete=true)
[07Apr2025 12:32:32.042] [Server thread/WARN] [net.minecraft.server.MinecraftServer/]: Can't keep up! Is the server overloaded? Running 7672ms or 153 ticks behind
[07Apr2025 12:42:42.939] [Server thread/INFO] [net.minecraft.world.entity.npc.Villager/]: Villager Villager['Unemployed'/225, l='ServerLevel[world]', x=-734.18, y=63.46, z=-1240.30] was struck by lightning LightningBolt['Lightning Bolt'/1301, l='ServerLevel[world]', x=-736.50, y=63.00, z=-1239.50].
[07Apr2025 12:42:42.940] [Server thread/INFO] [net.minecraft.world.entity.npc.Villager/]: Villager Villager['Unemployed'/224, l='ServerLevel[world]', x=-735.10, y=61.14, z=-1240.30] was struck by lightning LightningBolt['Lightning Bolt'/1301, l='ServerLevel[world]', x=-736.50, y=63.00, z=-1239.50].
[07Apr2025 12:42:42.941] [Server thread/INFO] [net.minecraft.world.entity.npc.Villager/]: Villager Villager['Nitwit'/223, l='ServerLevel[world]', x=-735.30, y=63.00, z=-1239.30] was struck by lightning LightningBolt['Lightning Bolt'/1301, l='ServerLevel[world]', x=-736.50, y=63.00, z=-1239.50].
[07Apr2025 12:55:33.536] [Server thread/INFO] [net.minecraft.server.MinecraftServer/]: ZaCUBITY has made the advancement [Team Crainer]
[07Apr2025 12:56:19.091] [Server thread/INFO] [net.minecraft.server.MinecraftServer/]: ZaCUBITY has made the advancement [Meet the Meta]
[07Apr2025 12:56:42.836] [Server thread/ERROR] [net.minecraft.network.protocol.PacketUtils/]: Failed to handle packet net.minecraft.network.protocol.game.ServerboundUseItemPacket@8ffe93e, suppressing error
java.lang.NullPointerException: Cannot invoke "net.minecraft.world.item.ItemStack.m_41777_()" because "petList[i]" is null
	at com.inventorypets.pets.petMeta.m_7203_(petMeta.java:222) ~[inventorypets-1.20.1-2.1.3.jar%23451!/:1.20.1-2.1.3]
	at net.minecraft.world.item.ItemStack.m_41682_(ItemStack.java:275) ~[server-1.20.1-20230612.114412-srg.jar%23571!/:?]
	at net.minecraft.server.level.ServerPlayerGameMode.m_6261_(ServerPlayerGameMode.java:286) ~[server-1.20.1-20230612.114412-srg.jar%23571!/:?]
	at net.minecraft.server.network.ServerGamePacketListenerImpl.m_5760_(ServerGamePacketListenerImpl.java:1085) ~[server-1.20.1-20230612.114412-srg.jar%23571!/:?]
	at net.minecraft.network.protocol.game.ServerboundUseItemPacket.m_5797_(ServerboundUseItemPacket.java:29) ~[server-1.20.1-20230612.114412-srg.jar%23571!/:?]
	at net.minecraft.network.protocol.game.ServerboundUseItemPacket.m_5797_(ServerboundUseItemPacket.java:7) ~[server-1.20.1-20230612.114412-srg.jar%23571!/:?]
	at net.minecraft.network.protocol.PacketUtils.m_263899_(PacketUtils.java:22) ~[server-1.20.1-20230612.114412-srg.jar%23571!/:?]
	at net.minecraft.server.TickTask.run(TickTask.java:18) ~[server-1.20.1-20230612.114412-srg.jar%23571!/:?]
	at net.minecraft.util.thread.BlockableEventLoop.m_6367_(BlockableEventLoop.java:156) ~[server-1.20.1-20230612.114412-srg.jar%23571!/:?]
	at net.minecraft.util.thread.ReentrantBlockableEventLoop.m_6367_(ReentrantBlockableEventLoop.java:23) ~[server-1.20.1-20230612.114412-srg.jar%23571!/:?]
	at net.minecraft.server.MinecraftServer.m_6367_(MinecraftServer.java:770) ~[server-1.20.1-20230612.114412-srg.jar%23571!/:?]
	at net.minecraft.server.MinecraftServer.m_6367_(MinecraftServer.java:161) ~[server-1.20.1-20230612.114412-srg.jar%23571!/:?]
	at net.minecraft.util.thread.BlockableEventLoop.m_7245_(BlockableEventLoop.java:130) ~[server-1.20.1-20230612.114412-srg.jar%23571!/:?]
	at net.minecraft.server.MinecraftServer.m_129961_(MinecraftServer.java:753) ~[server-1.20.1-20230612.114412-srg.jar%23571!/:?]
	at net.minecraft.server.MinecraftServer.m_7245_(MinecraftServer.java:747) ~[server-1.20.1-20230612.114412-srg.jar%23571!/:?]
	at net.minecraft.util.thread.BlockableEventLoop.m_18699_(BlockableEventLoop.java:115) ~[server-1.20.1-20230612.114412-srg.jar%23571!/:?]
	at net.minecraft.server.MinecraftServer.m_130012_(MinecraftServer.java:732) ~[server-1.20.1-20230612.114412-srg.jar%23571!/:?]
	at net.minecraft.server.MinecraftServer.m_130011_(MinecraftServer.java:665) ~[server-1.20.1-20230612.114412-srg.jar%23571!/:?]
	at net.minecraft.server.MinecraftServer.m_206580_(MinecraftServer.java:251) ~[server-1.20.1-20230612.114412-srg.jar%23571!/:?]
	at java.lang.Thread.run(Thread.java:840) ~[?:?]
[07Apr2025 12:56:44.990] [Server thread/INFO] [net.minecraft.server.MinecraftServer/]: ZaCUBITY has made the advancement [So Meta]
[07Apr2025 12:56:48.285] [Server thread/ERROR] [net.minecraft.network.protocol.PacketUtils/]: Failed to handle packet net.minecraft.network.protocol.game.ServerboundUseItemPacket@16736dfb, suppressing error
java.lang.NullPointerException: Cannot invoke "net.minecraft.world.item.ItemStack.m_41777_()" because "petList[i]" is null
	at com.inventorypets.pets.petMeta.m_7203_(petMeta.java:222) ~[inventorypets-1.20.1-2.1.3.jar%23451!/:1.20.1-2.1.3]
	at net.minecraft.world.item.ItemStack.m_41682_(ItemStack.java:275) ~[server-1.20.1-20230612.114412-srg.jar%23571!/:?]
	at net.minecraft.server.level.ServerPlayerGameMode.m_6261_(ServerPlayerGameMode.java:286) ~[server-1.20.1-20230612.114412-srg.jar%23571!/:?]
	at net.minecraft.server.network.ServerGamePacketListenerImpl.m_5760_(ServerGamePacketListenerImpl.java:1085) ~[server-1.20.1-20230612.114412-srg.jar%23571!/:?]
	at net.minecraft.network.protocol.game.ServerboundUseItemPacket.m_5797_(ServerboundUseItemPacket.java:29) ~[server-1.20.1-20230612.114412-srg.jar%23571!/:?]
	at net.minecraft.network.protocol.game.ServerboundUseItemPacket.m_5797_(ServerboundUseItemPacket.java:7) ~[server-1.20.1-20230612.114412-srg.jar%23571!/:?]
	at net.minecraft.network.protocol.PacketUtils.m_263899_(PacketUtils.java:22) ~[server-1.20.1-20230612.114412-srg.jar%23571!/:?]
	at net.minecraft.server.TickTask.run(TickTask.java:18) ~[server-1.20.1-20230612.114412-srg.jar%23571!/:?]
	at net.minecraft.util.thread.BlockableEventLoop.m_6367_(BlockableEventLoop.java:156) ~[server-1.20.1-20230612.114412-srg.jar%23571!/:?]
	at net.minecraft.util.thread.ReentrantBlockableEventLoop.m_6367_(ReentrantBlockableEventLoop.java:23) ~[server-1.20.1-20230612.114412-srg.jar%23571!/:?]
	at net.minecraft.server.MinecraftServer.m_6367_(MinecraftServer.java:770) ~[server-1.20.1-20230612.114412-srg.jar%23571!/:?]
	at net.minecraft.server.MinecraftServer.m_6367_(MinecraftServer.java:161) ~[server-1.20.1-20230612.114412-srg.jar%23571!/:?]
	at net.minecraft.util.thread.BlockableEventLoop.m_7245_(BlockableEventLoop.java:130) ~[server-1.20.1-20230612.114412-srg.jar%23571!/:?]
	at net.minecraft.server.MinecraftServer.m_129961_(MinecraftServer.java:753) ~[server-1.20.1-20230612.114412-srg.jar%23571!/:?]
	at net.minecraft.server.MinecraftServer.m_7245_(MinecraftServer.java:747) ~[server-1.20.1-20230612.114412-srg.jar%23571!/:?]
	at net.minecraft.util.thread.BlockableEventLoop.m_18699_(BlockableEventLoop.java:115) ~[server-1.20.1-20230612.114412-srg.jar%23571!/:?]
	at net.minecraft.server.MinecraftServer.m_130012_(MinecraftServer.java:732) ~[server-1.20.1-20230612.114412-srg.jar%23571!/:?]
	at net.minecraft.server.MinecraftServer.m_130011_(MinecraftServer.java:665) ~[server-1.20.1-20230612.114412-srg.jar%23571!/:?]
	at net.minecraft.server.MinecraftServer.m_206580_(MinecraftServer.java:251) ~[server-1.20.1-20230612.114412-srg.jar%23571!/:?]
	at java.lang.Thread.run(Thread.java:840) ~[?:?]
[07Apr2025 12:56:49.038] [Server thread/INFO] [net.minecraft.server.MinecraftServer/]: ZaCUBITY has made the advancement [Dig it!]
[07Apr2025 12:58:23.540] [Server thread/INFO] [net.minecraft.server.MinecraftServer/]: ZaCUBITY has completed the challenge [So Very Meta]
[07Apr2025 12:58:30.591] [Server thread/INFO] [net.minecraft.server.MinecraftServer/]: ZaCUBITY has made the advancement [Zymurgist]
[07Apr2025 12:59:56.489] [Server thread/INFO] [net.minecraft.server.MinecraftServer/]: ZaCUBITY has made the advancement [42]
[07Apr2025 13:00:04.340] [Server thread/INFO] [net.minecraft.server.MinecraftServer/]: ZaCUBITY has made the advancement [Pet Collector]
[07Apr2025 13:00:04.340] [Server thread/INFO] [net.minecraft.server.MinecraftServer/]: ZaCUBITY has made the advancement [Milky Way]
[07Apr2025 13:02:57.391] [Server thread/ERROR] [net.minecraftforge.fml.loading.RuntimeDistCleaner/DISTXFORM]: Attempted to load class net/minecraft/client/renderer/block/model/BlockModel for invalid dist DEDICATED_SERVER
[07Apr2025 13:02:57.392] [Server thread/WARN] [Radium Class Analysis/]: Radium Class Analysis Error: Class org.betterx.bclib.blocks.BaseBlock cannot be analysed, because getting declared methods crashes with RuntimeException: Attempted to load class net/minecraft/client/renderer/block/model/BlockModel for invalid dist DEDICATED_SERVER. This is usually caused by modded entities declaring methods that have a return type or parameter type that is annotated with @OnlyIn(Dist.CLIENT). Loading the type is not possible, because it only exists in the CLIENT environment. The recommended fix is to annotate the method with this argument or return type with the same annotation. Lithium handles this error by assuming the class cannot be included in some optimizations.
[07Apr2025 13:02:57.393] [Server thread/ERROR] [net.minecraftforge.fml.loading.RuntimeDistCleaner/DISTXFORM]: Attempted to load class net/minecraft/client/renderer/block/model/BlockModel for invalid dist DEDICATED_SERVER
[07Apr2025 13:02:57.393] [Server thread/WARN] [Radium Class Analysis/]: Radium Class Analysis Error: Class org.betterx.bclib.blocks.BaseBlock cannot be analysed, because getting declared methods crashes with RuntimeException: Attempted to load class net/minecraft/client/renderer/block/model/BlockModel for invalid dist DEDICATED_SERVER. This is usually caused by modded entities declaring methods that have a return type or parameter type that is annotated with @OnlyIn(Dist.CLIENT). Loading the type is not possible, because it only exists in the CLIENT environment. The recommended fix is to annotate the method with this argument or return type with the same annotation. Lithium handles this error by assuming the class cannot be included in some optimizations.
[07Apr2025 13:02:57.394] [Server thread/INFO] [org.betterx.worlds.together.util.Logger/]: [bclib] Created at BlockPos{x=-655, y=69, z=-1157}, Block{betternether:cherry_chair}[facing=north,top=false], Block{minecraft:air}
[07Apr2025 13:02:57.394] [Server thread/INFO] [org.betterx.worlds.together.util.Logger/]: [bclib] Creating Chair at BlockPos{x=-655, y=69, z=-1157}, Block{betternether:cherry_chair}[facing=north,top=false]
[07Apr2025 13:02:57.395] [Server thread/INFO] [org.betterx.worlds.together.util.Logger/]: [bclib] Created at BlockPos{x=-655, y=70, z=-1157}, Block{betternether:cherry_chair}[facing=north,top=true], Block{minecraft:air}
[07Apr2025 13:04:19.746] [Server thread/INFO] [net.minecraft.server.MinecraftServer/]: ZaCUBITY has completed the challenge [Generalist]
[07Apr2025 13:04:19.747] [Server thread/INFO] [net.minecraft.server.MinecraftServer/]: ZaCUBITY has made the advancement [Merry Christmas!]
[07Apr2025 13:05:46.813] [Server thread/INFO] [net.minecraft.server.MinecraftServer/]: ZaCUBITY has made the advancement [Wokka Wokka]
[07Apr2025 13:05:51.669] [Server thread/INFO] [net.minecraft.server.MinecraftServer/]: ZaCUBITY has made the advancement [Looter]
[07Apr2025 13:07:05.605] [Server thread/INFO] [net.minecraft.server.MinecraftServer/]: ZaCUBITY has made the advancement [Vainglorious!]
[07Apr2025 13:09:10.004] [Server thread/INFO] [net.minecraft.server.MinecraftServer/]: ZaCUBITY has made the advancement [Heads Up]
[07Apr2025 13:10:25.943] [Server thread/INFO] [net.minecraft.server.MinecraftServer/]: ZaCUBITY has made the advancement [Hot Stuff]
[07Apr2025 13:10:35.537] [Server thread/INFO] [net.minecraft.server.MinecraftServer/]: ZaCUBITY has made the advancement [Friendly Fire]
[07Apr2025 13:11:37.385] [Server thread/WARN] [net.minecraft.server.network.ServerGamePacketListenerImpl/]: ZaCUBITY moved too quickly! -15.444612979638578,0.0,20.3037420922376
[07Apr2025 13:11:41.287] [Server thread/WARN] [net.minecraft.server.network.ServerGamePacketListenerImpl/]: ZaCUBITY moved too quickly! -28.291389297299702,0.24918707874468282,23.183498869705318
[07Apr2025 13:11:42.835] [Server thread/WARN] [net.minecraft.server.network.ServerGamePacketListenerImpl/]: ZaCUBITY moved too quickly! -27.981092919707407,0.17675927506424216,1.2222927461209565
[07Apr2025 13:11:45.286] [Server thread/WARN] [net.minecraft.server.network.ServerGamePacketListenerImpl/]: ZaCUBITY moved too quickly! 4.433158335044254,-0.7477966597462711,28.05321291262203
[07Apr2025 13:12:11.189] [Server thread/WARN] [net.minecraft.server.network.ServerGamePacketListenerImpl/]: ZaCUBITY moved too quickly! 17.624411543034626,0.0,17.551726139115544
[07Apr2025 13:12:34.236] [Server thread/WARN] [net.minecraft.server.network.ServerGamePacketListenerImpl/]: ZaCUBITY moved wrongly!
[07Apr2025 13:12:37.542] [Server thread/WARN] [net.minecraft.server.network.ServerGamePacketListenerImpl/]: ZaCUBITY moved too quickly! 13.108639838370777,0.17675927506424216,13.134308785040275
[07Apr2025 13:12:38.290] [Server thread/WARN] [net.minecraft.server.network.ServerGamePacketListenerImpl/]: ZaCUBITY moved too quickly! -3.8819884305296455,-3.323529123855721,31.959384717461717
[07Apr2025 13:12:39.991] [Server thread/WARN] [net.minecraft.server.network.ServerGamePacketListenerImpl/]: ZaCUBITY moved too quickly! 2.0203528103903636,0.17675927506424216,18.919586121173324
[07Apr2025 13:12:40.588] [Server thread/WARN] [net.minecraft.server.network.ServerGamePacketListenerImpl/]: ZaCUBITY moved too quickly! -3.3828787951757704,0.0,23.98664671182496
[07Apr2025 13:12:49.525] [Server thread/WARN] [net.minecraft.world.level.entity.PersistentEntitySectionManager/]: UUID of added entity already exists: FallingBlockEntity['Falling Hanging Coconut'/6092, l='ServerLevel[world]', x=-632.50, y=72.00, z=-1426.50]
[07Apr2025 13:12:56.740] [Server thread/INFO] [net.minecraft.server.MinecraftServer/]: ZaCUBITY has made the advancement [Leash Your Potential]
[07Apr2025 13:13:17.538] [Server thread/WARN] [net.minecraft.server.network.ServerGamePacketListenerImpl/]: ZaCUBITY moved too quickly! -1.7852212436307582,1.0013359791121417,24.616369490343004
[07Apr2025 13:13:18.154] [Server thread/WARN] [net.minecraft.server.network.ServerGamePacketListenerImpl/]: ZaCUBITY moved too quickly! 3.0214410359423027,-4.0633450538470015,31.030936455514393
[07Apr2025 13:13:49.987] [Server thread/WARN] [net.minecraft.server.network.ServerGamePacketListenerImpl/]: ZaCUBITY moved too quickly! 21.928921105310224,0.001335979112141672,1.9453010014308347
[07Apr2025 13:13:54.786] [Server thread/WARN] [net.minecraft.server.network.ServerGamePacketListenerImpl/]: ZaCUBITY moved too quickly! -7.5055523810352724,1.8232407249357578,-7.366435242790203
[07Apr2025 13:13:56.636] [Server thread/WARN] [net.minecraft.server.network.ServerGamePacketListenerImpl/]: ZaCUBITY moved too quickly! 22.992227639230578,0.24918707874468282,23.287452878053955
[07Apr2025 13:13:59.188] [Server thread/WARN] [net.minecraft.server.network.ServerGamePacketListenerImpl/]: ZaCUBITY moved too quickly! 16.24309821931945,0.2522033402537289,16.16987775179291
[07Apr2025 13:15:06.417] [Worker-Main-20/WARN] [net.minecraft.world.entity.EntityType/]: Skipping Entity with id 
[07Apr2025 13:15:06.429] [Worker-Main-50/ERROR] [Supplementaries/]: Failed to load textholder data for block at BlockPos{x=-766, y=80, z=-1917}
[07Apr2025 13:15:06.429] [Worker-Main-50/ERROR] [Supplementaries/]: Failed to load textholder data for block at BlockPos{x=-766, y=80, z=-1916}
[07Apr2025 13:15:20.631] [Server thread/WARN] [net.minecraft.server.MinecraftServer/]: Can't keep up! Is the server overloaded? Running 3161ms or 63 ticks behind
[07Apr2025 13:15:38.449] [Server thread/INFO] [net.minecraft.server.MinecraftServer/]: ZaCUBITY has made the advancement [This is the End]
[07Apr2025 13:16:20.188] [Server thread/WARN] [net.minecraft.server.network.ServerGamePacketListenerImpl/]: ZaCUBITY moved too quickly! 26.69056460872025,0.2522033402537289,26.32248095903742
[07Apr2025 13:16:20.846] [Server thread/WARN] [net.minecraft.server.network.ServerGamePacketListenerImpl/]: ZaCUBITY moved too quickly! 32.0,-5.844478247056884,32.0
[07Apr2025 13:16:21.543] [Server thread/WARN] [net.minecraft.server.network.ServerGamePacketListenerImpl/]: ZaCUBITY moved too quickly! 13.0,-0.5800000131130219,13.0
[07Apr2025 13:17:29.396] [Server thread/WARN] [net.minecraft.server.network.ServerGamePacketListenerImpl/]: ZaCUBITY moved too quickly! 24.0,-12.747796659746271,24.0
[07Apr2025 13:17:30.701] [Server thread/WARN] [net.minecraft.server.network.ServerGamePacketListenerImpl/]: ZaCUBITY moved too quickly! 24.874752499949636,-1.7508129212553172,-2.147770399889623
[07Apr2025 13:19:22.690] [Server thread/ERROR] [placebo/]: Failed to locate any gear sets matching the following predicates: 
[07Apr2025 13:19:22.691] [Server thread/ERROR] [placebo/]: SetPredicate[#irons_spellbooks]
[07Apr2025 13:19:38.346] [Server thread/ERROR] [noobanidus.mods.lootr.api.LootrAPI/]: Unable to fill loot chest in minecraft:overworld at BlockPos{x=-771, y=80, z=-1920} as the loot table 'idas:chests/minescreate' couldn't be resolved! Please search the loot table in `latest.log` to see if there are errors in loading.
[07Apr2025 13:19:39.640] [Server thread/ERROR] [noobanidus.mods.lootr.api.LootrAPI/]: Unable to fill loot chest in minecraft:overworld at BlockPos{x=-772, y=81, z=-1918} as the loot table 'idas:chests/idasbasic' couldn't be resolved! Please search the loot table in `latest.log` to see if there are errors in loading.
[07Apr2025 13:21:13.145] [Server thread/ERROR] [noobanidus.mods.lootr.api.LootrAPI/]: Unable to fill loot chest in minecraft:overworld at BlockPos{x=-766, y=90, z=-1915} as the loot table 'idas:chests/idaslibrary' couldn't be resolved! Please search the loot table in `latest.log` to see if there are errors in loading.
[07Apr2025 13:21:16.342] [Server thread/ERROR] [noobanidus.mods.lootr.api.LootrAPI/]: Unable to fill loot chest in minecraft:overworld at BlockPos{x=-770, y=90, z=-1913} as the loot table 'idas:chests/idaslibrary' couldn't be resolved! Please search the loot table in `latest.log` to see if there are errors in loading.
[07Apr2025 13:22:58.140] [Server thread/WARN] [net.minecraft.server.network.ServerGamePacketListenerImpl/]: ZaCUBITY moved too quickly! -16.571486989770733,0.0,2.643641151426664
[07Apr2025 13:22:59.538] [Server thread/WARN] [net.minecraft.server.network.ServerGamePacketListenerImpl/]: ZaCUBITY moved too quickly! -18.168077369775688,0.0,-2.9888064998253867
[07Apr2025 13:23:00.137] [Server thread/WARN] [net.minecraft.server.network.ServerGamePacketListenerImpl/]: ZaCUBITY moved too quickly! -24.16799913507907,-0.3462703824114044,-2.989778761123489
[07Apr2025 13:23:00.687] [Server thread/WARN] [net.minecraft.server.network.ServerGamePacketListenerImpl/]: ZaCUBITY moved too quickly! -16.167262818056997,-0.3462703824114044,-1.9928984567873158
[07Apr2025 13:23:01.388] [Server thread/WARN] [net.minecraft.server.network.ServerGamePacketListenerImpl/]: ZaCUBITY moved too quickly! -19.578178794473047,-0.5800000131130219,-3.973724289320444
[07Apr2025 13:23:01.990] [Server thread/WARN] [net.minecraft.server.network.ServerGamePacketListenerImpl/]: ZaCUBITY moved too quickly! -19.53663666079558,-2.2468000194787976,4.951662477630634
[07Apr2025 13:23:02.597] [Server thread/WARN] [net.minecraft.server.network.ServerGamePacketListenerImpl/]: ZaCUBITY moved too quickly! -14.457783683264665,1.1036092609382138,-0.4020142173858403
[07Apr2025 13:23:03.390] [Server thread/WARN] [net.minecraft.server.network.ServerGamePacketListenerImpl/]: ZaCUBITY moved too quickly! -25.335128595208744,0.11425927506424216,-3.991900475939474
[07Apr2025 13:23:03.951] [Server thread/WARN] [net.minecraft.server.network.ServerGamePacketListenerImpl/]: ZaCUBITY moved too quickly! -31.170325538558586,-3.3462703824114044,-0.9810813818883162
[07Apr2025 13:23:04.498] [Server thread/WARN] [net.minecraft.server.network.ServerGamePacketListenerImpl/]: ZaCUBITY moved too quickly! -15.971162233420614,0.02442408821369213,-0.8900539882986322
[07Apr2025 13:23:05.097] [Server thread/WARN] [net.minecraft.server.network.ServerGamePacketListenerImpl/]: ZaCUBITY moved wrongly!
[07Apr2025 13:23:05.689] [Server thread/WARN] [net.minecraft.server.network.ServerGamePacketListenerImpl/]: ZaCUBITY moved too quickly! -17.224429719148475,0.0,-0.6953691668459214
[07Apr2025 13:23:06.537] [Server thread/WARN] [net.minecraft.server.network.ServerGamePacketListenerImpl/]: ZaCUBITY moved too quickly! -14.65681015645282,0.7541684481838189,-14.446067993898623
[07Apr2025 13:23:07.289] [Server thread/WARN] [net.minecraft.server.network.ServerGamePacketListenerImpl/]: ZaCUBITY moved wrongly!
[07Apr2025 13:23:08.087] [Server thread/WARN] [net.minecraft.server.network.ServerGamePacketListenerImpl/]: ZaCUBITY moved too quickly! -19.88112897382723,0.2522033402537289,-1.300000011920929
[07Apr2025 13:23:08.844] [Server thread/WARN] [net.minecraft.server.network.ServerGamePacketListenerImpl/]: ZaCUBITY moved too quickly! -23.335653942136787,-3.878703159460798,-23.257609080894326
[07Apr2025 13:23:19.591] [Server thread/INFO] [net.minecraft.server.MinecraftServer/]: ZaCUBITY has made the advancement [Smashing Success]
[07Apr2025 13:23:51.636] [Server thread/WARN] [net.minecraft.server.network.ServerGamePacketListenerImpl/]: ZaCUBITY moved too quickly! -21.92500001192093,1.0013359791121417,26.241289893236853
[07Apr2025 13:23:52.244] [Server thread/WARN] [net.minecraft.server.network.ServerGamePacketListenerImpl/]: ZaCUBITY moved too quickly! -12.59691228614497,0.24918707874468282,7.372838599297893
[07Apr2025 13:23:52.789] [Server thread/WARN] [net.minecraft.server.network.ServerGamePacketListenerImpl/]: ZaCUBITY moved too quickly! -12.295314823166791,-0.3462703824114044,21.555269301881935
[07Apr2025 13:24:05.730] [Server thread/INFO] [net.minecraft.server.MinecraftServer/]: ZaCUBITY has made the advancement [Pet Scientist]
[07Apr2025 13:24:05.730] [Server thread/INFO] [net.minecraft.server.MinecraftServer/]: ZaCUBITY has made the advancement [Wildcat]
[07Apr2025 13:24:31.423] [Server thread/WARN] [net.minecraft.server.network.ServerGamePacketListenerImpl/]: ZaCUBITY moved wrongly!
[07Apr2025 13:24:32.097] [Server thread/WARN] [net.minecraft.server.network.ServerGamePacketListenerImpl/]: ZaCUBITY moved too quickly! -15.126252240691429,0.1555217529431161,20.833187824142442
[07Apr2025 13:24:32.838] [Server thread/WARN] [net.minecraft.server.network.ServerGamePacketListenerImpl/]: ZaCUBITY moved too quickly! -22.7668683699373,-0.5938211453046591,31.60030222088517
[07Apr2025 13:24:33.588] [Server thread/WARN] [net.minecraft.server.network.ServerGamePacketListenerImpl/]: ZaCUBITY moved too quickly! -17.90404192853157,-0.6883887928273822,21.756004597368474
[07Apr2025 13:24:35.536] [Server thread/WARN] [net.minecraft.server.network.ServerGamePacketListenerImpl/]: ZaCUBITY moved too quickly! 1.23317445834806,0.17675927506424216,25.04528687594575
